{
"type": "FeatureCollection",
"name": "pressure1_contour",
"crs": { "type": "name", "properties": { "name": "urn:ogc:def:crs:OGC:1.3:CRS84" } },
"features": [
{ "type": "Feature", "properties": { "fid": 1, "ID": 0, "pressure": 99900.0 }, "geometry": { "type": "LineString", "coordinates": [ [ -33.75, 57.220052083333329 ], [ -27.903770167928883, 58.610026041666664 ], [ -19.702917007630873, 61.25 ], [ -19.702917007630873, 61.25 ], [ -18.04914683970199, 63.756680392500442 ], [ -18.04914683970199, 63.756680392500442 ], [ -21.25, 65.1911152760986 ], [ -21.25, 65.1911152760986 ], [ -28.567185289957564, 65.184434883598158 ], [ -28.567185289957564, 65.184434883598158 ], [ -41.067185289957564, 64.076840541432816 ], [ -41.067185289957564, 64.076840541432816 ], [ -49.723132372214948, 62.826840541432816 ], [ -49.723132372214948, 62.826840541432816 ], [ -51.102486880411661, 61.25 ], [ -51.102486880411661, 61.25 ], [ -49.438246636476592, 58.75 ], [ -49.438246636476592, 58.75 ], [ -45.558892128279879, 57.148954250367467 ], [ -45.558892128279879, 57.148954250367467 ], [ -41.25, 56.750660511405471 ], [ -41.25, 56.750660511405471 ], [ -36.25, 56.961732302704661 ], [ -33.75, 57.220052083333329 ] ] } },
{ "type": "Feature", "properties": { "fid": 2, "ID": 1, "pressure": 99900.0 }, "geometry": { "type": "LineString", "coordinates": [ [ 328.75, 57.074447155111358 ], [ 334.51407542709785, 58.537223577555679 ], [ 342.517873155303676, 61.25 ], [ 342.517873155303676, 61.25 ], [ 344.253797728205825, 63.2503567060742 ], [ 344.253797728205825, 63.2503567060742 ], [ 342.938864990072773, 64.5003567060742 ], [ 342.938864990072773, 64.5003567060742 ], [ 336.186284169643557, 65.0 ], [ 336.186284169643557, 65.0 ], [ 321.997419179570784, 64.154733429848307 ], [ 321.997419179570784, 64.154733429848307 ], [ 312.217392425962203, 62.904733429848307 ], [ 312.217392425962203, 62.904733429848307 ], [ 309.999405231084211, 61.25 ], [ 309.999405231084211, 61.25 ], [ 311.014629500841579, 58.75 ], [ 311.014629500841579, 58.75 ], [ 314.482616695719571, 57.049767560338793 ], [ 314.482616695719571, 57.049767560338793 ], [ 318.75, 56.446056419479049 ], [ 318.75, 56.446056419479049 ], [ 325.0, 56.683512436695942 ], [ 328.75, 57.074447155111358 ] ] } },
{ "type": "Feature", "properties": { "fid": 3, "ID": 2, "pressure": 100200.0 }, "geometry": { "type": "LineString", "coordinates": [ [ 360.0, 73.198639774859288 ], [ 357.775619681834996, 72.849319887429644 ], [ 349.650619681834996, 70.672756601325517 ], [ 349.650619681834996, 70.672756601325517 ], [ 340.0, 68.135529918327876 ], [ 340.0, 68.135529918327876 ], [ 331.25, 66.891363555020746 ], [ 331.25, 66.891363555020746 ], [ 317.5, 66.105844945649693 ], [ 317.5, 66.105844945649693 ], [ 307.028930206743439, 65.42725470763132 ], [ 307.028930206743439, 65.42725470763132 ], [ 303.824642333679606, 63.75 ], [ 303.824642333679606, 63.75 ], [ 302.685798842367944, 61.25 ], [ 302.685798842367944, 61.25 ], [ 304.418609248232713, 58.75 ], [ 304.418609248232713, 58.75 ], [ 307.278522532800935, 56.677822091208597 ], [ 307.278522532800935, 56.677822091208597 ], [ 311.25, 54.978687410174373 ], [ 311.25, 54.978687410174373 ], [ 316.25, 53.832871770403791 ], [ 316.25, 53.832871770403791 ], [ 321.25, 53.698248318336937 ], [ 321.25, 53.698248318336937 ], [ 327.333087952886899, 54.416241866898922 ], [ 327.333087952886899, 54.416241866898922 ], [ 339.833087952886899, 57.199070749432686 ], [ 339.833087952886899, 57.199070749432686 ], [ 354.375, 60.432805491120249 ], [ 360.0, 61.467469483375119 ] ] } },
{ "type": "Feature", "properties": { "fid": 4, "ID": 3, "pressure": 100200.0 }, "geometry": { "type": "LineString", "coordinates": [ [ -33.75, 54.716431224948678 ], [ -27.279909437559581, 56.108215612474339 ], [ -16.676061829316041, 58.75 ], [ -16.676061829316041, 58.75 ], [ -8.146152391756459, 61.886172381350619 ], [ -8.146152391756459, 61.886172381350619 ], [ 3.75, 66.231223932424783 ], [ 3.75, 66.231223932424783 ], [ 16.25, 69.980744338063289 ], [ 16.25, 69.980744338063289 ], [ 24.672956443914103, 71.885692786989125 ], [ 24.672956443914103, 71.885692786989125 ], [ 25.856031470331857, 73.75 ], [ 25.856031470331857, 73.75 ], [ 17.433075026417754, 75.634064282914508 ], [ 17.433075026417754, 75.634064282914508 ], [ 7.5, 76.171736251960084 ], [ 7.5, 76.171736251960084 ], [ 0.789355628058729, 75.537671969045562 ], [ 0.789355628058729, 75.537671969045562 ], [ -8.332084293711233, 72.5 ], [ -8.332084293711233, 72.5 ], [ -16.621439921769962, 69.382475739110816 ], [ -16.621439921769962, 69.382475739110816 ], [ -26.25, 67.719070089233597 ], [ -26.25, 67.719070089233597 ], [ -43.75, 66.273104963542465 ], [ -43.75, 66.273104963542465 ], [ -55.096496437054626, 65.436510613419685 ], [ -55.096496437054626, 65.436510613419685 ], [ -57.621944246564738, 63.75 ], [ -57.621944246564738, 63.75 ], [ -58.322999796086485, 61.25 ], [ -58.322999796086485, 61.25 ], [ -56.357584583461552, 58.75 ], [ -56.357584583461552, 58.75 ], [ -51.810032596885179, 56.135141329258978 ], [ -51.810032596885179, 56.135141329258978 ], [ -45.0, 54.354394816588567 ], [ -45.0, 54.354394816588567 ], [ -37.5, 54.327469099803928 ], [ -33.75, 54.716431224948678 ] ] } },
{ "type": "Feature", "properties": { "fid": 5, "ID": 4, "pressure": 100500.0 }, "geometry": { "type": "LineString", "coordinates": [ [ 360.0, 77.221343721073737 ], [ 355.625, 76.364862097285254 ], [ 344.680394084458896, 72.754190236748371 ], [ 344.680394084458896, 72.754190236748371 ], [ 333.430394084458896, 69.143878093438076 ], [ 333.430394084458896, 69.143878093438076 ], [ 323.75, 68.248458167009389 ], [ 323.75, 68.248458167009389 ], [ 316.25, 68.626860498370391 ], [ 316.25, 68.626860498370391 ], [ 310.0, 70.112715235498143 ], [ 310.0, 70.112715235498143 ], [ 303.75, 71.256825539175878 ], [ 303.75, 71.256825539175878 ], [ 300.0, 70.596858490802987 ], [ 300.0, 70.596858490802987 ], [ 296.882675756696642, 67.430467762326174 ], [ 296.882675756696642, 67.430467762326174 ], [ 295.135064291728497, 63.75 ], [ 295.135064291728497, 63.75 ], [ 296.284559125442343, 61.25 ], [ 296.284559125442343, 61.25 ], [ 298.886824654053839, 58.75 ], [ 298.886824654053839, 58.75 ], [ 303.354654063643409, 55.603737308683137 ], [ 303.354654063643409, 55.603737308683137 ], [ 308.75, 52.712770320564772 ], [ 308.75, 52.712770320564772 ], [ 312.5, 51.48436731593489 ], [ 312.5, 51.48436731593489 ], [ 316.25, 51.135451908162878 ], [ 316.25, 51.135451908162878 ], [ 322.5, 51.40586573469065 ], [ 322.5, 51.40586573469065 ], [ 337.5, 54.300267552316754 ], [ 337.5, 54.300267552316754 ], [ 354.375, 57.606671012271896 ], [ 360.0, 58.404303181072351 ] ] } },
{ "type": "Feature", "properties": { "fid": 6, "ID": 5, "pressure": 100500.0 }, "geometry": { "type": "LineString", "coordinates": [ [ -33.75, 52.373143416591049 ], [ -22.872737913027819, 54.936571708295524 ], [ -2.872737913027819, 60.454973234329131 ], [ -2.872737913027819, 60.454973234329131 ], [ 13.55356608851676, 65.454973234329131 ], [ 13.55356608851676, 65.454973234329131 ], [ 31.05356608851676, 68.950615666754004 ], [ 31.05356608851676, 68.950615666754004 ], [ 44.163536269430054, 71.450615666754004 ], [ 44.163536269430054, 71.450615666754004 ], [ 47.129167785664777, 73.75 ], [ 47.129167785664777, 73.75 ], [ 45.465631516234723, 75.661881490531457 ], [ 45.465631516234723, 75.661881490531457 ], [ 40.0, 76.989844293299626 ], [ 40.0, 76.989844293299626 ], [ 26.25, 78.603847201164371 ], [ 26.25, 78.603847201164371 ], [ 10.0, 79.538358628521181 ], [ 10.0, 79.538358628521181 ], [ -1.25, 78.630698149826827 ], [ -1.25, 78.630698149826827 ], [ -15.0, 73.921557693355282 ], [ -15.0, 73.921557693355282 ], [ -27.5, 69.406584334929292 ], [ -27.5, 69.406584334929292 ], [ -35.0, 68.504922208237872 ], [ -35.0, 68.504922208237872 ], [ -41.25, 68.477898760062843 ], [ -41.25, 68.477898760062843 ], [ -48.75, 69.856160233365983 ], [ -48.75, 69.856160233365983 ], [ -56.25, 71.365478487060528 ], [ -56.25, 71.365478487060528 ], [ -60.0, 71.34713810873086 ], [ -60.0, 71.34713810873086 ], [ -62.5, 69.959547251491642 ], [ -62.5, 69.959547251491642 ], [ -64.972917444901015, 66.947954509556155 ], [ -64.972917444901015, 66.947954509556155 ], [ -65.961946700220167, 63.75 ], [ -65.961946700220167, 63.75 ], [ -64.62937750807167, 61.25 ], [ -64.62937750807167, 61.25 ], [ -61.140348252752517, 58.199860056744114 ], [ -61.140348252752517, 58.199860056744114 ], [ -56.25, 54.908719090304089 ], [ -56.25, 54.908719090304089 ], [ -52.5, 52.93673513975466 ], [ -52.5, 52.93673513975466 ], [ -48.75, 51.979055618003933 ], [ -48.75, 51.979055618003933 ], [ -43.75, 51.47527609608575 ], [ -43.75, 51.47527609608575 ], [ -37.5, 51.910668292572026 ], [ -33.75, 52.373143416591049 ] ] } },
{ "type": "Feature", "properties": { "fid": 7, "ID": 6, "pressure": 100800.0 }, "geometry": { "type": "LineString", "coordinates": [ [ 360.0, 81.040403097881864 ], [ 356.875, 80.639182668368932 ], [ 350.0, 79.278958346868933 ], [ 350.0, 79.278958346868933 ], [ 343.75, 77.142571616079664 ], [ 343.75, 77.142571616079664 ], [ 338.664347142592931, 74.232594388638717 ], [ 338.664347142592931, 74.232594388638717 ], [ 333.664347142592931, 71.682574645129705 ], [ 333.664347142592931, 71.682574645129705 ], [ 328.75, 70.458437033167314 ], [ 328.75, 70.458437033167314 ], [ 325.0, 70.07018931483293 ], [ 325.0, 70.07018931483293 ], [ 321.25, 70.617028235461504 ], [ 321.25, 70.617028235461504 ], [ 312.5, 74.02436063816161 ], [ 312.5, 74.02436063816161 ], [ 303.75, 77.42336505202897 ], [ 303.75, 77.42336505202897 ], [ 297.5, 78.057312791448055 ], [ 297.5, 78.057312791448055 ], [ 290.0, 77.846199030902255 ], [ 290.0, 77.846199030902255 ], [ 283.531346749226032, 76.260591961987728 ], [ 283.531346749226032, 76.260591961987728 ], [ 282.185933153812414, 72.5 ], [ 282.185933153812414, 72.5 ], [ 283.609491147188749, 67.5 ], [ 283.609491147188749, 67.5 ], [ 284.756126979427165, 63.75 ], [ 284.756126979427165, 63.75 ], [ 291.051222236824856, 59.533085396089902 ], [ 291.051222236824856, 59.533085396089902 ], [ 300.0, 53.780468607392365 ], [ 300.0, 53.780468607392365 ], [ 306.25, 50.01409782380766 ], [ 306.25, 50.01409782380766 ], [ 312.5, 48.739021441617098 ], [ 312.5, 48.739021441617098 ], [ 320.0, 48.759341628531914 ], [ 320.0, 48.759341628531914 ], [ 336.25, 51.831718543812023 ], [ 336.25, 51.831718543812023 ], [ 354.375, 55.330133877293889 ], [ 360.0, 56.070900265803765 ] ] } },
{ "type": "Feature", "properties": { "fid": 8, "ID": 7, "pressure": 100800.0 }, "geometry": { "type": "LineString", "coordinates": [ [ -36.25, 49.64012278801011 ], [ -26.25, 51.919610747275399 ], [ 1.25, 58.762083124015227 ], [ 1.25, 58.762083124015227 ], [ 33.75, 65.845735329343654 ], [ 33.75, 65.845735329343654 ], [ 51.628148532848599, 69.183201558598768 ], [ 51.628148532848599, 69.183201558598768 ], [ 55.378148532848599, 70.475971080238168 ], [ 55.378148532848599, 70.475971080238168 ], [ 57.647975599946363, 71.725971080238168 ], [ 57.647975599946363, 71.725971080238168 ], [ 59.952517669938914, 73.75 ], [ 59.952517669938914, 73.75 ], [ 60.490041679672487, 76.25 ], [ 60.490041679672487, 76.25 ], [ 58.185499609679937, 78.339116452268115 ], [ 58.185499609679937, 78.339116452268115 ], [ 53.75, 79.778465652055516 ], [ 53.75, 79.778465652055516 ], [ 42.5, 81.317253074854079 ], [ 42.5, 81.317253074854079 ], [ 23.75, 82.65057384985559 ], [ 23.75, 82.65057384985559 ], [ 7.5, 82.856521125756274 ], [ 7.5, 82.856521125756274 ], [ -2.5, 82.20165285352121 ], [ -2.5, 82.20165285352121 ], [ -11.25, 79.955192390334503 ], [ -11.25, 79.955192390334503 ], [ -21.028569554953222, 75.337390687780669 ], [ -21.028569554953222, 75.337390687780669 ], [ -29.778569554953222, 71.540724968144332 ], [ -29.778569554953222, 71.540724968144332 ], [ -37.5, 70.850622816774575 ], [ -37.5, 70.850622816774575 ], [ -43.309698321648597, 71.809897848630243 ], [ -43.309698321648597, 71.809897848630243 ], [ -49.559698321648597, 74.565628535067873 ], [ -49.559698321648597, 74.565628535067873 ], [ -55.059115179252487, 77.065628535067873 ], [ -55.059115179252487, 77.065628535067873 ], [ -58.809115179252487, 77.842645654250248 ], [ -58.809115179252487, 77.842645654250248 ], [ -65.0, 78.207616823150829 ], [ -65.0, 78.207616823150829 ], [ -72.161689534570883, 77.864971168900595 ], [ -72.161689534570883, 77.864971168900595 ], [ -77.938461118886011, 76.25 ], [ -77.938461118886011, 76.25 ], [ -79.001256413132253, 72.5 ], [ -79.001256413132253, 72.5 ], [ -77.510345205146564, 67.5 ], [ -77.510345205146564, 67.5 ], [ -76.090806464594223, 63.75 ], [ -76.090806464594223, 63.75 ], [ -70.554946088264785, 60.075131521262605 ], [ -70.554946088264785, 60.075131521262605 ], [ -61.25, 54.168298218730726 ], [ -61.25, 54.168298218730726 ], [ -55.0, 50.207078920389336 ], [ -55.0, 50.207078920389336 ], [ -51.25, 49.319503348591255 ], [ -51.25, 49.319503348591255 ], [ -46.25, 48.886044957739102 ], [ -46.25, 48.886044957739102 ], [ -40.0, 49.250515226074114 ], [ -36.25, 49.64012278801011 ] ] } },
{ "type": "Feature", "properties": { "fid": 9, "ID": 8, "pressure": 99900.0 }, "geometry": { "type": "LineString", "coordinates": [ [ 188.75, 47.183821418317542 ], [ 189.427692307692297, 47.341910709158768 ], [ 192.128977385059244, 48.75 ], [ 192.128977385059244, 48.75 ], [ 192.701285077366947, 50.892751770259636 ], [ 192.701285077366947, 50.892751770259636 ], [ 187.5, 52.137215639723507 ], [ 187.5, 52.137215639723507 ], [ 180.0, 52.113941376020257 ], [ 180.0, 52.113941376020257 ], [ 173.567567567567608, 50.869477506556386 ], [ 173.567567567567608, 50.869477506556386 ], [ 171.996130266174305, 48.75 ], [ 171.996130266174305, 48.75 ], [ 174.678562698606697, 47.170457683280411 ], [ 174.678562698606697, 47.170457683280411 ], [ 178.75, 46.633671710756914 ], [ 178.75, 46.633671710756914 ], [ 185.0, 46.805124736635271 ], [ 188.75, 47.183821418317542 ] ] } },
{ "type": "Feature", "properties": { "fid": 10, "ID": 9, "pressure": 99900.0 }, "geometry": { "type": "LineString", "coordinates": [ [ -180.0, 46.981092436974791 ], [ -177.398007590132806, 47.240546218487395 ], [ -171.587275541640452, 48.75 ], [ -171.587275541640452, 48.75 ], [ -169.814267951507617, 50.992827868852459 ], [ -169.814267951507617, 50.992827868852459 ], [ -172.378597122302153, 52.242827868852459 ], [ -172.378597122302153, 52.242827868852459 ], [ -176.753597122302153, 52.592533357704255 ], [ -180.0, 52.685066715408517 ] ] } },
{ "type": "Feature", "properties": { "fid": 11, "ID": 10, "pressure": 101100.0 }, "geometry": { "type": "LineString", "coordinates": [ [ 360.0, 86.934670816699366 ], [ 350.625, 86.578233033731493 ], [ 327.5, 84.687927310646472 ], [ 327.5, 84.687927310646472 ], [ 297.5, 82.072188585734722 ], [ 297.5, 82.072188585734722 ], [ 277.5, 80.336137855305708 ], [ 277.5, 80.336137855305708 ], [ 271.25, 78.966346488107092 ], [ 271.25, 78.966346488107092 ], [ 267.880600358422953, 77.875367533271429 ], [ 267.880600358422953, 77.875367533271429 ], [ 266.343299109132772, 76.25 ], [ 266.343299109132772, 76.25 ], [ 266.409770199062109, 73.75 ], [ 266.409770199062109, 73.75 ], [ 269.19707144835229, 70.209931131632487 ], [ 269.19707144835229, 70.209931131632487 ], [ 272.990154512907452, 65.209931131632487 ], [ 272.990154512907452, 65.209931131632487 ], [ 275.490154512907452, 61.920742656036772 ], [ 275.490154512907452, 61.920742656036772 ], [ 277.5, 60.596396993564881 ], [ 277.5, 60.596396993564881 ], [ 285.376715125775888, 57.425654337528115 ], [ 285.376715125775888, 57.425654337528115 ], [ 293.657069381251404, 53.75 ], [ 293.657069381251404, 53.75 ], [ 297.030354255475572, 50.668281084889045 ], [ 297.030354255475572, 50.668281084889045 ], [ 301.25, 47.621177956267957 ], [ 301.25, 47.621177956267957 ], [ 307.5, 45.983986394814622 ], [ 307.5, 45.983986394814622 ], [ 316.25, 45.947923373517781 ], [ 316.25, 45.947923373517781 ], [ 326.25, 47.271142172242577 ], [ 326.25, 47.271142172242577 ], [ 340.0, 50.276338656088626 ], [ 340.0, 50.276338656088626 ], [ 354.375, 53.067140551928361 ], [ 360.0, 53.790220436000482 ] ] } },
{ "type": "Feature", "properties": { "fid": 12, "ID": 11, "pressure": 101100.0 }, "geometry": { "type": "LineString", "coordinates": [ [ -68.446634189548263, 83.75 ], [ -68.446634189548263, 83.125 ], [ -74.848317094774131, 81.823999519288549 ], [ -74.848317094774131, 81.823999519288549 ], [ -86.25, 79.97801151778873 ], [ -86.25, 79.97801151778873 ], [ -92.796757887397604, 78.154011998500181 ], [ -92.796757887397604, 78.154011998500181 ], [ -94.886079531548205, 76.25 ], [ -94.886079531548205, 76.25 ], [ -90.785999351668437, 68.75 ], [ -90.785999351668437, 68.75 ], [ -84.946677707517821, 61.712256359431784 ], [ -84.946677707517821, 61.712256359431784 ], [ -76.272245573242714, 57.962256359431784 ], [ -76.272245573242714, 57.962256359431784 ], [ -66.110245074779641, 52.5 ], [ -66.110245074779641, 52.5 ], [ -61.462705311025339, 48.75 ], [ -61.462705311025339, 48.75 ], [ -57.874705809488418, 46.995059767985531 ], [ -57.874705809488418, 46.995059767985531 ], [ -53.75, 46.218644607676453 ], [ -53.75, 46.218644607676453 ], [ -47.5, 46.106028241746984 ], [ -47.5, 46.106028241746984 ], [ -38.75, 47.024817053662176 ], [ -38.75, 47.024817053662176 ], [ -11.25, 52.970233688174432 ], [ -11.25, 52.970233688174432 ], [ 22.5, 59.940746198227224 ], [ 22.5, 59.940746198227224 ], [ 42.5, 63.620071180280235 ], [ 42.5, 63.620071180280235 ], [ 59.530839416058384, 67.757185018621328 ], [ 59.530839416058384, 67.757185018621328 ], [ 70.423906396081875, 71.25 ], [ 70.423906396081875, 71.25 ], [ 74.828576534163631, 73.75 ], [ 74.828576534163631, 73.75 ], [ 77.691722735288891, 76.25 ], [ 77.691722735288891, 76.25 ], [ 78.471125461850505, 78.75 ], [ 78.471125461850505, 78.75 ], [ 75.964912280701753, 81.229616927656267 ], [ 75.964912280701753, 81.229616927656267 ], [ 71.25, 83.136189381671528 ], [ 71.25, 83.136189381671528 ], [ 63.75, 84.589176008824921 ], [ 63.75, 84.589176008824921 ], [ 46.25, 86.161226962935814 ], [ 46.25, 86.161226962935814 ], [ 15.625, 87.09785620854862 ], [ -2.5, 87.238465600844975 ] ] } },
{ "type": "Feature", "properties": { "fid": 13, "ID": 12, "pressure": 100200.0 }, "geometry": { "type": "LineString", "coordinates": [ [ 191.25, 42.473928755807947 ], [ 195.713458490796057, 43.736964377903973 ], [ 202.717132989240412, 46.25 ], [ 202.717132989240412, 46.25 ], [ 207.151845841129727, 48.75 ], [ 207.151845841129727, 48.75 ], [ 210.316787377310249, 51.25 ], [ 210.316787377310249, 51.25 ], [ 211.8880764318491, 53.75 ], [ 211.8880764318491, 53.75 ], [ 210.469460397224225, 55.921494785631516 ], [ 210.469460397224225, 55.921494785631516 ], [ 206.25, 57.166834032001773 ], [ 206.25, 57.166834032001773 ], [ 191.25, 56.887116697475975 ], [ 191.25, 56.887116697475975 ], [ 173.612189440993774, 55.64177745110571 ], [ 173.612189440993774, 55.64177745110571 ], [ 166.112189440993774, 54.321722448224847 ], [ 166.112189440993774, 54.321722448224847 ], [ 162.454618666202322, 53.071722448224847 ], [ 162.454618666202322, 53.071722448224847 ], [ 160.470914678472269, 51.25 ], [ 160.470914678472269, 51.25 ], [ 160.264064212977956, 48.75 ], [ 160.264064212977956, 48.75 ], [ 162.247768200708009, 46.383064516129032 ], [ 162.247768200708009, 46.383064516129032 ], [ 167.5, 44.037145793594988 ], [ 167.5, 44.037145793594988 ], [ 176.25, 42.324479920383681 ], [ 176.25, 42.324479920383681 ], [ 186.25, 42.157363020821698 ], [ 191.25, 42.473928755807947 ] ] } },
{ "type": "Feature", "properties": { "fid": 14, "ID": 13, "pressure": 100200.0 }, "geometry": { "type": "LineString", "coordinates": [ [ -180.0, 42.177350427350433 ], [ -175.625, 42.546088496700555 ], [ -166.769080429309668, 43.957413283025339 ], [ -166.769080429309668, 43.957413283025339 ], [ -159.538660926910921, 46.25 ], [ -159.538660926910921, 46.25 ], [ -154.81240577255457, 48.75 ], [ -154.81240577255457, 48.75 ], [ -151.479254001358186, 51.25 ], [ -151.479254001358186, 51.25 ], [ -149.666917012796006, 53.75 ], [ -149.666917012796006, 53.75 ], [ -150.230488286391164, 55.747202662293816 ], [ -150.230488286391164, 55.747202662293816 ], [ -152.781582952815825, 56.997202662293816 ], [ -152.781582952815825, 56.997202662293816 ], [ -167.156582952815825, 57.366511395133969 ], [ -180.0, 57.233022790267938 ] ] } },
{ "type": "Feature", "properties": { "fid": 15, "ID": 14, "pressure": 101400.0 }, "geometry": { "type": "LineString", "coordinates": [ [ -111.941056910569102, 83.75 ], [ -111.644718270099361, 81.875 ], [ -109.859089143673884, 77.5 ], [ -109.859089143673884, 77.5 ], [ -107.281370704608136, 73.75 ], [ -107.281370704608136, 73.75 ], [ -102.471471375749076, 69.81798642533937 ], [ -102.471471375749076, 69.81798642533937 ], [ -95.280589394482263, 63.56798642533937 ], [ -95.280589394482263, 63.56798642533937 ], [ -89.580436541221388, 58.75 ], [ -89.580436541221388, 58.75 ], [ -80.807566719008747, 55.0 ], [ -80.807566719008747, 55.0 ], [ -72.173232739048814, 50.0 ], [ -72.173232739048814, 50.0 ], [ -68.489010115227458, 46.25 ], [ -68.489010115227458, 46.25 ], [ -65.323496948448252, 44.109835503769702 ], [ -65.323496948448252, 44.109835503769702 ], [ -61.25, 42.574238784470481 ], [ -61.25, 42.574238784470481 ], [ -56.25, 41.927174539704986 ], [ -56.25, 41.927174539704986 ], [ -48.75, 42.643120877864973 ], [ -48.75, 42.643120877864973 ], [ -22.5, 48.167067084480138 ], [ -22.5, 48.167067084480138 ], [ 16.25, 55.409842392488599 ], [ 16.25, 55.409842392488599 ], [ 38.75, 58.866816799089207 ], [ 38.75, 58.866816799089207 ], [ 60.0, 64.236275470603886 ], [ 60.0, 64.236275470603886 ], [ 86.909101599247407, 73.042583598383914 ], [ 86.909101599247407, 73.042583598383914 ], [ 101.909101599247407, 80.13336181640625 ], [ 101.909101599247407, 80.13336181640625 ], [ 108.886800962116638, 83.88336181640625 ], [ 108.886800962116638, 83.88336181640625 ], [ 118.886800962116638, 85.971114256304674 ], [ 118.886800962116638, 85.971114256304674 ], [ 140.0, 87.548960545668251 ], [ 140.0, 87.548960545668251 ], [ 168.75, 88.266024492504371 ], [ 168.75, 88.266024492504371 ], [ 196.25, 88.124895644723054 ], [ 196.25, 88.124895644723054 ], [ 220.0, 87.21477866607205 ], [ 220.0, 87.21477866607205 ], [ 237.5, 85.595009623066318 ], [ 237.5, 85.595009623066318 ], [ 246.107582373957939, 83.566948398576514 ], [ 246.107582373957939, 83.566948398576514 ], [ 249.750895267560878, 80.0 ], [ 249.750895267560878, 80.0 ], [ 252.909219063268722, 75.0 ], [ 252.909219063268722, 75.0 ], [ 259.265906169665755, 69.147051996285981 ], [ 259.265906169665755, 69.147051996285981 ], [ 266.380390953716699, 62.897051996285981 ], [ 266.380390953716699, 62.897051996285981 ], [ 271.380390953716699, 58.613444352200034 ], [ 271.380390953716699, 58.613444352200034 ], [ 280.225965832961151, 54.863444352200034 ], [ 280.225965832961151, 54.863444352200034 ], [ 288.755369127512438, 50.0 ], [ 288.755369127512438, 50.0 ], [ 292.279403294551287, 46.258304156567014 ], [ 292.279403294551287, 46.258304156567014 ], [ 295.967840334669688, 43.758304156567014 ], [ 295.967840334669688, 43.758304156567014 ], [ 299.717840334669688, 42.059193558533053 ], [ 299.717840334669688, 42.059193558533053 ], [ 303.75, 41.500448631283732 ], [ 303.75, 41.500448631283732 ], [ 310.0, 41.847306454939201 ], [ 310.0, 41.847306454939201 ], [ 331.25, 46.098622981233873 ], [ 331.25, 46.098622981233873 ], [ 354.375, 50.582822413839168 ], [ 360.0, 51.28050162958764 ] ] } },
{ "type": "Feature", "properties": { "fid": 16, "ID": 15, "pressure": 103200.0 }, "geometry": { "type": "LineString", "coordinates": [ [ 107.147797475154448, 42.5 ], [ 102.424731526604006, 42.5 ], [ 93.225832789026782, 43.466790626999355 ], [ 93.225832789026782, 43.466790626999355 ], [ 86.000073399882552, 45.966790626999355 ], [ 86.000073399882552, 45.966790626999355 ], [ 83.49221415639812, 48.75 ], [ 83.49221415639812, 48.75 ], [ 86.242140756515568, 50.927781539155944 ], [ 86.242140756515568, 50.927781539155944 ], [ 91.25, 52.364251771532011 ], [ 91.25, 52.364251771532011 ], [ 96.25, 53.034533807882255 ], [ 96.25, 53.034533807882255 ], [ 101.495780590717288, 52.848063575506181 ], [ 101.495780590717288, 52.848063575506181 ], [ 106.495780590717288, 51.333444592790386 ], [ 106.495780590717288, 51.333444592790386 ], [ 109.915043955005217, 48.833444592790386 ], [ 109.915043955005217, 48.833444592790386 ], [ 111.305926525851646, 46.25 ], [ 111.305926525851646, 46.25 ], [ 110.140882570846429, 43.991987829614601 ], [ 110.140882570846429, 43.991987829614601 ], [ 107.948898737577224, 42.741987829614601 ], [ 107.147797475154448, 42.5 ] ] } },
{ "type": "Feature", "properties": { "fid": 17, "ID": 16, "pressure": 100500.0 }, "geometry": { "type": "LineString", "coordinates": [ [ 193.75, 39.633081992519152 ], [ 198.993709950998863, 41.066540996259576 ], [ 206.938614516709805, 43.75 ], [ 206.938614516709805, 43.75 ], [ 212.944904565710942, 47.023411371237458 ], [ 212.944904565710942, 47.023411371237458 ], [ 217.997045238418679, 50.773411371237458 ], [ 217.997045238418679, 50.773411371237458 ], [ 220.028213815802729, 53.75 ], [ 220.028213815802729, 53.75 ], [ 219.57796944929072, 56.25 ], [ 219.57796944929072, 56.25 ], [ 216.296800871906669, 58.491579018566739 ], [ 216.296800871906669, 58.491579018566739 ], [ 211.25, 59.85344256807781 ], [ 211.25, 59.85344256807781 ], [ 198.75, 59.957012652740517 ], [ 198.75, 59.957012652740517 ], [ 177.958136504316684, 58.595149103229446 ], [ 177.958136504316684, 58.595149103229446 ], [ 164.208136504316684, 56.932792077505155 ], [ 164.208136504316684, 56.932792077505155 ], [ 158.837816601959673, 55.682792077505155 ], [ 158.837816601959673, 55.682792077505155 ], [ 155.291893510792448, 53.75 ], [ 155.291893510792448, 53.75 ], [ 153.964219468138566, 51.25 ], [ 153.964219468138566, 51.25 ], [ 154.059181415309979, 48.75 ], [ 154.059181415309979, 48.75 ], [ 155.252069060192326, 46.25 ], [ 155.252069060192326, 46.25 ], [ 157.984474267586023, 43.75 ], [ 157.984474267586023, 43.75 ], [ 161.781444063397885, 41.707461347040343 ], [ 161.781444063397885, 41.707461347040343 ], [ 167.5, 40.151152319152153 ], [ 167.5, 40.151152319152153 ], [ 175.0, 39.107692214825661 ], [ 175.0, 39.107692214825661 ], [ 182.5, 38.854790716398057 ], [ 182.5, 38.854790716398057 ], [ 190.0, 39.257330469943781 ], [ 193.75, 39.633081992519152 ] ] } },
{ "type": "Feature", "properties": { "fid": 18, "ID": 17, "pressure": 100500.0 }, "geometry": { "type": "LineString", "coordinates": [ [ -180.0, 39.15548304724075 ], [ -174.202463355048849, 39.577741523620375 ], [ -163.30226474531699, 41.25 ], [ -163.30226474531699, 41.25 ], [ -155.331222060852298, 43.75 ], [ -155.331222060852298, 43.75 ], [ -148.340501190273017, 47.5 ], [ -148.340501190273017, 47.5 ], [ -143.020803580972597, 51.25 ], [ -143.020803580972597, 51.25 ], [ -141.426383650171289, 53.75 ], [ -141.426383650171289, 53.75 ], [ -141.674685506414022, 56.25 ], [ -141.674685506414022, 56.25 ], [ -145.535024917526499, 58.766751494209934 ], [ -145.535024917526499, 58.766751494209934 ], [ -152.5, 60.30151040705681 ], [ -152.5, 60.30151040705681 ], [ -168.125, 60.285019438065717 ], [ -180.0, 60.000521050437683 ] ] } },
{ "type": "Feature", "properties": { "fid": 19, "ID": 18, "pressure": 102900.0 }, "geometry": { "type": "LineString", "coordinates": [ [ 114.986634589681898, 40.0 ], [ 113.118317294840949, 39.592253717657378 ], [ 108.75, 39.236093101595777 ], [ 108.75, 39.236093101595777 ], [ 98.75, 40.096086164688629 ], [ 98.75, 40.096086164688629 ], [ 87.5, 41.622105390617065 ], [ 87.5, 41.622105390617065 ], [ 80.808922786177106, 43.669858609866836 ], [ 80.808922786177106, 43.669858609866836 ], [ 76.149842139559212, 46.25 ], [ 76.149842139559212, 46.25 ], [ 74.443294650294234, 48.75 ], [ 74.443294650294234, 48.75 ], [ 76.835541336226214, 51.25 ], [ 76.835541336226214, 51.25 ], [ 86.483166039314085, 54.416706540542535 ], [ 86.483166039314085, 54.416706540542535 ], [ 98.75, 56.922527020316366 ], [ 98.75, 56.922527020316366 ], [ 107.5, 57.160565830025874 ], [ 107.5, 57.160565830025874 ], [ 112.734432571849652, 55.904745350252043 ], [ 112.734432571849652, 55.904745350252043 ], [ 114.567919270862546, 53.75 ], [ 114.567919270862546, 53.75 ], [ 116.501541892972796, 50.0 ], [ 116.501541892972796, 50.0 ], [ 118.548670578575297, 46.25 ], [ 118.548670578575297, 46.25 ], [ 118.65834877881764, 43.75 ], [ 118.65834877881764, 43.75 ], [ 116.646050689043193, 41.25 ], [ 114.986634589681898, 40.0 ] ] } },
{ "type": "Feature", "properties": { "fid": 20, "ID": 19, "pressure": 100800.0 }, "geometry": { "type": "LineString", "coordinates": [ [ 196.25, 37.191398167307128 ], [ 201.480815083009531, 38.595699083653564 ], [ 209.569456395810903, 41.25 ], [ 209.569456395810903, 41.25 ], [ 216.897496269371061, 45.0 ], [ 216.897496269371061, 45.0 ], [ 222.784045215321612, 48.75 ], [ 222.784045215321612, 48.75 ], [ 224.899937676486331, 51.25 ], [ 224.899937676486331, 51.25 ], [ 225.705298192261068, 53.75 ], [ 225.705298192261068, 53.75 ], [ 225.160069485435173, 56.25 ], [ 225.160069485435173, 56.25 ], [ 222.720997270335772, 58.75 ], [ 222.720997270335772, 58.75 ], [ 218.591478559427259, 60.689503668231467 ], [ 218.591478559427259, 60.689503668231467 ], [ 212.5, 61.880382616191454 ], [ 212.5, 61.880382616191454 ], [ 203.75, 62.484180163835191 ], [ 203.75, 62.484180163835191 ], [ 193.75, 62.241179548161355 ], [ 193.75, 62.241179548161355 ], [ 173.75, 60.024587662026804 ], [ 173.75, 60.024587662026804 ], [ 156.824584468025165, 57.826709329740652 ], [ 156.824584468025165, 57.826709329740652 ], [ 152.450957943467415, 56.25 ], [ 152.450957943467415, 56.25 ], [ 149.589543818638646, 53.75 ], [ 149.589543818638646, 53.75 ], [ 149.157526592046025, 51.25 ], [ 149.157526592046025, 51.25 ], [ 149.276766055028901, 48.75 ], [ 149.276766055028901, 48.75 ], [ 149.888833463584206, 46.25 ], [ 149.888833463584206, 46.25 ], [ 152.056423657404935, 43.206548599670512 ], [ 152.056423657404935, 43.206548599670512 ], [ 156.25, 40.035856552146441 ], [ 156.25, 40.035856552146441 ], [ 162.5, 37.780719817382405 ], [ 162.5, 37.780719817382405 ], [ 171.25, 36.508101812668315 ], [ 171.25, 36.508101812668315 ], [ 181.25, 36.130019466573941 ], [ 181.25, 36.130019466573941 ], [ 191.25, 36.669028602465673 ], [ 196.25, 37.191398167307128 ] ] } },
{ "type": "Feature", "properties": { "fid": 21, "ID": 20, "pressure": 100800.0 }, "geometry": { "type": "LineString", "coordinates": [ [ -180.0, 36.453254010174867 ], [ -173.125, 36.96077508503754 ], [ -162.5, 38.269540026428267 ], [ -162.5, 38.269540026428267 ], [ -156.25, 39.921240334717631 ], [ -156.25, 39.921240334717631 ], [ -150.0, 42.508490818635032 ], [ -150.0, 42.508490818635032 ], [ -143.385656988712981, 45.872642430395565 ], [ -143.385656988712981, 45.872642430395565 ], [ -138.994498685096062, 48.75 ], [ -138.994498685096062, 48.75 ], [ -136.655896897368422, 51.25 ], [ -136.655896897368422, 51.25 ], [ -135.662136686424844, 53.75 ], [ -135.662136686424844, 53.75 ], [ -136.037145151740276, 56.25 ], [ -136.037145151740276, 56.25 ], [ -138.231056787422972, 58.75 ], [ -138.231056787422972, 58.75 ], [ -143.058993121122199, 60.936855793662204 ], [ -143.058993121122199, 60.936855793662204 ], [ -152.5, 62.392000879620667 ], [ -152.5, 62.392000879620667 ], [ -169.375, 62.56697987823302 ], [ -180.0, 62.223669584549114 ] ] } },
{ "type": "Feature", "properties": { "fid": 22, "ID": 21, "pressure": 101700.0 }, "geometry": { "type": "LineString", "coordinates": [ [ -148.875364431486872, 83.75 ], [ -148.875364431486872, 83.125 ], [ -145.06268221574345, 81.592974224967335 ], [ -145.06268221574345, 81.592974224967335 ], [ -136.142963823431785, 79.092974224967335 ], [ -136.142963823431785, 79.092974224967335 ], [ -129.032449625427205, 76.25 ], [ -129.032449625427205, 76.25 ], [ -126.149877000039396, 73.75 ], [ -126.149877000039396, 73.75 ], [ -123.753162707211843, 71.25 ], [ -123.753162707211843, 71.25 ], [ -115.492771509167838, 67.431633407243169 ], [ -115.492771509167838, 67.431633407243169 ], [ -103.505243594849333, 61.181633407243162 ], [ -103.505243594849333, 61.181633407243162 ], [ -93.525133976744655, 55.0 ], [ -93.525133976744655, 55.0 ], [ -87.325385974627835, 51.25 ], [ -87.325385974627835, 51.25 ], [ -85.145430355081061, 48.75 ], [ -85.145430355081061, 48.75 ], [ -82.774448036684831, 46.25 ], [ -82.774448036684831, 46.25 ], [ -74.934513274336283, 41.634451996601527 ], [ -74.934513274336283, 41.634451996601527 ], [ -66.25, 37.756016374495331 ], [ -66.25, 37.756016374495331 ], [ -60.0, 37.388998057486575 ], [ -60.0, 37.388998057486575 ], [ -52.5, 38.193582678851477 ], [ -52.5, 38.193582678851477 ], [ -36.586027781020192, 41.926148999258714 ], [ -36.586027781020192, 41.926148999258714 ], [ -11.586027781020192, 47.812317144528961 ], [ -11.586027781020192, 47.812317144528961 ], [ 7.5, 51.471315319123619 ], [ 7.5, 51.471315319123619 ], [ 22.5, 53.005001947855952 ], [ 22.5, 53.005001947855952 ], [ 36.25, 54.55015791928583 ], [ 36.25, 54.55015791928583 ], [ 57.5, 59.780248500516578 ], [ 57.5, 59.780248500516578 ], [ 83.75, 67.588534996539067 ], [ 83.75, 67.588534996539067 ], [ 104.746489222730247, 73.012440642047011 ], [ 104.746489222730247, 73.012440642047011 ], [ 127.246489222730247, 77.559961008342398 ], [ 127.246489222730247, 77.559961008342398 ], [ 146.25, 81.150672470792983 ], [ 146.25, 81.150672470792983 ], [ 161.25, 82.600427129874703 ], [ 161.25, 82.600427129874703 ], [ 178.75, 83.031024733668744 ], [ 178.75, 83.031024733668744 ], [ 197.5, 82.621049550673689 ], [ 197.5, 82.621049550673689 ], [ 213.75, 81.154140580606025 ], [ 213.75, 81.154140580606025 ], [ 225.611329460013678, 78.804400096176963 ], [ 225.611329460013678, 78.804400096176963 ], [ 232.086516407668341, 76.25 ], [ 232.086516407668341, 76.25 ], [ 235.225186947654663, 73.589640795381655 ], [ 235.225186947654663, 73.589640795381655 ], [ 237.592546273136577, 71.089640795381655 ], [ 237.592546273136577, 71.089640795381655 ], [ 245.377746370745172, 67.5 ], [ 245.377746370745172, 67.5 ], [ 254.035200097608595, 63.711616454229429 ], [ 254.035200097608595, 63.711616454229429 ], [ 260.0, 59.591822030372015 ], [ 260.0, 59.591822030372015 ], [ 267.908739595719339, 54.630205576142579 ], [ 267.908739595719339, 54.630205576142579 ], [ 273.649302175891648, 51.25 ], [ 273.649302175891648, 51.25 ], [ 275.808173507931656, 48.75 ], [ 275.808173507931656, 48.75 ], [ 277.835599518116396, 46.25 ], [ 277.835599518116396, 46.25 ], [ 285.267988590356993, 41.651198536851119 ], [ 285.267988590356993, 41.651198536851119 ], [ 293.75, 37.599547231167556 ], [ 293.75, 37.599547231167556 ], [ 298.75, 36.823541732423202 ], [ 298.75, 36.823541732423202 ], [ 305.0, 37.201289682298039 ], [ 305.0, 37.201289682298039 ], [ 326.25, 41.913800212890195 ], [ 326.25, 41.913800212890195 ], [ 347.5, 46.836490220191763 ], [ 347.5, 46.836490220191763 ], [ 355.625, 47.911319611281897 ], [ 360.0, 48.325065919578108 ] ] } },
{ "type": "Feature", "properties": { "fid": 23, "ID": 22, "pressure": 101100.0 }, "geometry": { "type": "LineString", "coordinates": [ [ 198.75, 34.732706037291194 ], [ 202.5, 35.687614779966928 ], [ 208.75, 37.578363885873642 ], [ 208.75, 37.578363885873642 ], [ 215.454973416038968, 40.507102124552311 ], [ 215.454973416038968, 40.507102124552311 ], [ 222.954973416038968, 44.466744186046512 ], [ 222.954973416038968, 44.466744186046512 ], [ 228.047527158376198, 48.216744186046512 ], [ 228.047527158376198, 48.216744186046512 ], [ 230.358149858941772, 51.25 ], [ 230.358149858941772, 51.25 ], [ 230.884034339647229, 53.75 ], [ 230.884034339647229, 53.75 ], [ 230.239671867770767, 56.25 ], [ 230.239671867770767, 56.25 ], [ 227.916260228689111, 58.95184528923253 ], [ 227.916260228689111, 58.95184528923253 ], [ 222.5, 61.790409819522253 ], [ 222.5, 61.790409819522253 ], [ 213.75, 63.91585290735253 ], [ 213.75, 63.91585290735253 ], [ 203.75, 64.845843860770515 ], [ 203.75, 64.845843860770515 ], [ 195.0, 64.709020875837211 ], [ 195.0, 64.709020875837211 ], [ 172.5, 61.693319068203557 ], [ 172.5, 61.693319068203557 ], [ 150.898682132549169, 58.252853676074061 ], [ 150.898682132549169, 58.252853676074061 ], [ 146.694063165024232, 56.25 ], [ 146.694063165024232, 56.25 ], [ 145.147172665924472, 53.75 ], [ 145.147172665924472, 53.75 ], [ 145.043037101566256, 50.0 ], [ 145.043037101566256, 50.0 ], [ 145.691245468116847, 45.479635726423112 ], [ 145.691245468116847, 45.479635726423112 ], [ 147.505847061216173, 41.729635726423112 ], [ 147.505847061216173, 41.729635726423112 ], [ 150.005847061216173, 38.870823847905001 ], [ 150.005847061216173, 38.870823847905001 ], [ 152.5, 36.999166093894303 ], [ 152.5, 36.999166093894303 ], [ 157.5, 35.25903579861594 ], [ 157.5, 35.25903579861594 ], [ 167.5, 33.768217331954475 ], [ 167.5, 33.768217331954475 ], [ 181.25, 33.362906440293322 ], [ 181.25, 33.362906440293322 ], [ 193.75, 34.091735679611077 ], [ 198.75, 34.732706037291194 ] ] } },
{ "type": "Feature", "properties": { "fid": 24, "ID": 23, "pressure": 101100.0 }, "geometry": { "type": "LineString", "coordinates": [ [ -180.0, 33.629138449962383 ], [ -174.375, 33.942178254055612 ], [ -165.0, 34.840519605846382 ], [ -165.0, 34.840519605846382 ], [ -158.75, 36.056576825033318 ], [ -158.75, 36.056576825033318 ], [ -152.5, 38.081192420233393 ], [ -152.5, 38.081192420233393 ], [ -143.75, 41.960411744111333 ], [ -143.75, 41.960411744111333 ], [ -136.422498885563272, 45.972885572139297 ], [ -136.422498885563272, 45.972885572139297 ], [ -132.903706472130182, 48.75 ], [ -132.903706472130182, 48.75 ], [ -131.108546405322556, 51.25 ], [ -131.108546405322556, 51.25 ], [ -130.420806321230089, 53.75 ], [ -130.420806321230089, 53.75 ], [ -130.917835685501814, 56.25 ], [ -130.917835685501814, 56.25 ], [ -132.741525880075358, 58.75 ], [ -132.741525880075358, 58.75 ], [ -136.367157697047958, 61.188283611119424 ], [ -136.367157697047958, 61.188283611119424 ], [ -141.25, 63.048382660444993 ], [ -141.25, 63.048382660444993 ], [ -151.25, 64.528018459311724 ], [ -151.25, 64.528018459311724 ], [ -169.375, 64.824933414258652 ], [ -180.0, 64.31402800854498 ] ] } },
{ "type": "Feature", "properties": { "fid": 25, "ID": 24, "pressure": 102600.0 }, "geometry": { "type": "LineString", "coordinates": [ [ 118.998170326014588, 35.0 ], [ 117.624085163007294, 34.585440108246686 ], [ 115.0, 34.189877544536188 ], [ 115.0, 34.189877544536188 ], [ 106.847584798437225, 35.854437436289501 ], [ 106.847584798437225, 35.854437436289501 ], [ 93.097584798437225, 38.253924277386446 ], [ 93.097584798437225, 38.253924277386446 ], [ 82.5, 39.676370620788674 ], [ 82.5, 39.676370620788674 ], [ 76.25, 41.231693297998021 ], [ 76.25, 41.231693297998021 ], [ 70.0, 44.159023221698448 ], [ 70.0, 44.159023221698448 ], [ 65.395510573334832, 46.849776267102655 ], [ 65.395510573334832, 46.849776267102655 ], [ 64.70273793958998, 48.75 ], [ 64.70273793958998, 48.75 ], [ 66.982656550804506, 51.25 ], [ 66.982656550804506, 51.25 ], [ 70.175429184549358, 52.866313094367229 ], [ 70.175429184549358, 52.866313094367229 ], [ 80.0, 55.955314176901105 ], [ 80.0, 55.955314176901105 ], [ 92.5, 59.618216372625007 ], [ 92.5, 59.618216372625007 ], [ 101.25, 61.028317624022904 ], [ 101.25, 61.028317624022904 ], [ 111.25, 61.236404757535567 ], [ 111.25, 61.236404757535567 ], [ 118.75, 60.611625228469379 ], [ 118.75, 60.611625228469379 ], [ 122.5, 59.506368145546951 ], [ 122.5, 59.506368145546951 ], [ 124.149829648997695, 58.132045340681366 ], [ 124.149829648997695, 58.132045340681366 ], [ 123.30816684367565, 55.0 ], [ 123.30816684367565, 55.0 ], [ 122.263079450389, 51.25 ], [ 122.263079450389, 51.25 ], [ 123.460029732607978, 47.5 ], [ 123.460029732607978, 47.5 ], [ 124.30425969051123, 43.75 ], [ 124.30425969051123, 43.75 ], [ 123.584301050039272, 41.25 ], [ 123.584301050039272, 41.25 ], [ 122.135328836424975, 38.503349934780033 ], [ 122.135328836424975, 38.503349934780033 ], [ 120.124085163007294, 36.003349934780033 ], [ 118.998170326014588, 35.0 ] ] } },
{ "type": "Feature", "properties": { "fid": 26, "ID": 25, "pressure": 101400.0 }, "geometry": { "type": "LineString", "coordinates": [ [ -180.0, 30.006857855361595 ], [ -175.625, 30.178220074949305 ], [ -167.5, 30.784818732807878 ], [ -167.5, 30.784818732807878 ], [ -158.75, 32.568698874567801 ], [ -158.75, 32.568698874567801 ], [ -150.0, 35.479826405902969 ], [ -150.0, 35.479826405902969 ], [ -141.25, 39.485402312733036 ], [ -141.25, 39.485402312733036 ], [ -132.215534196167994, 44.714247195858498 ], [ -132.215534196167994, 44.714247195858498 ], [ -127.067586933150636, 48.75 ], [ -127.067586933150636, 48.75 ], [ -125.356457235747428, 51.25 ], [ -125.356457235747428, 51.25 ], [ -124.703276630338607, 53.75 ], [ -124.703276630338607, 53.75 ], [ -125.225365116132792, 56.25 ], [ -125.225365116132792, 56.25 ], [ -126.897387276010505, 58.75 ], [ -126.897387276010505, 58.75 ], [ -129.620894291451521, 61.218034746962083 ], [ -129.620894291451521, 61.218034746962083 ], [ -132.5, 63.077868850626658 ], [ -132.5, 63.077868850626658 ], [ -137.5, 64.844976034211527 ], [ -137.5, 64.844976034211527 ], [ -146.25, 66.772011395313996 ], [ -146.25, 66.772011395313996 ], [ -155.0, 67.857546417324187 ], [ -155.0, 67.857546417324187 ], [ -169.375, 67.366813440183009 ], [ -180.0, 66.592272975251703 ] ] } },
{ "type": "Feature", "properties": { "fid": 27, "ID": 26, "pressure": 102300.0 }, "geometry": { "type": "LineString", "coordinates": [ [ -14.672199865861842, 32.5 ], [ -20.461099932930921, 31.798174181381789 ], [ -27.5, 31.204365939509763 ], [ -27.5, 31.204365939509763 ], [ -30.352237483385025, 31.906191758127974 ], [ -30.352237483385025, 31.906191758127974 ], [ -30.356033414147248, 33.75 ], [ -30.356033414147248, 33.75 ], [ -24.120943638741849, 36.25 ], [ -24.120943638741849, 36.25 ], [ -17.867147707979626, 37.563340928819443 ], [ -17.867147707979626, 37.563340928819443 ], [ -15.0, 37.324157164323459 ], [ -15.0, 37.324157164323459 ], [ -12.639093137254903, 36.010816235504009 ], [ -12.639093137254903, 36.010816235504009 ], [ -13.100193070185824, 33.75 ], [ -14.672199865861842, 32.5 ] ] } },
{ "type": "Feature", "properties": { "fid": 28, "ID": 27, "pressure": 102300.0 }, "geometry": { "type": "LineString", "coordinates": [ [ 349.065217391304373, 32.5 ], [ 343.907608695652186, 31.526269629134653 ], [ 336.25, 30.417850666033296 ], [ 336.25, 30.417850666033296 ], [ 332.5, 30.492993103650889 ], [ 332.5, 30.492993103650889 ], [ 329.994194355126865, 31.601412066752246 ], [ 329.994194355126865, 31.601412066752246 ], [ 330.867758465651548, 33.75 ], [ 330.867758465651548, 33.75 ], [ 337.123564110524683, 36.043781725888323 ], [ 337.123564110524683, 36.043781725888323 ], [ 343.75, 37.346460104849314 ], [ 343.75, 37.346460104849314 ], [ 347.989665354330725, 37.552678378960984 ], [ 347.989665354330725, 37.552678378960984 ], [ 350.489665354330725, 37.152340234023399 ], [ 350.489665354330725, 37.152340234023399 ], [ 351.944252077562282, 35.902340234023399 ], [ 351.944252077562282, 35.902340234023399 ], [ 350.851860773214469, 33.75 ], [ 349.065217391304373, 32.5 ] ] } },
{ "type": "Feature", "properties": { "fid": 29, "ID": 28, "pressure": 101400.0 }, "geometry": { "type": "LineString", "coordinates": [ [ 188.75, 29.801356279188795 ], [ 193.75, 30.423387614927208 ], [ 202.5, 32.066308621079678 ], [ 202.5, 32.066308621079678 ], [ 210.0, 34.568986124589429 ], [ 210.0, 34.568986124589429 ], [ 220.0, 39.15339366035704 ], [ 220.0, 39.15339366035704 ], [ 229.87946920533858, 44.878006681514478 ], [ 229.87946920533858, 44.878006681514478 ], [ 234.545935741393663, 48.75 ], [ 234.545935741393663, 48.75 ], [ 236.084816130105708, 51.25 ], [ 236.084816130105708, 51.25 ], [ 236.56527623444336, 53.75 ], [ 236.56527623444336, 53.75 ], [ 235.896099373681949, 56.25 ], [ 235.896099373681949, 56.25 ], [ 233.249172733289214, 59.412864368066131 ], [ 233.249172733289214, 59.412864368066131 ], [ 228.75, 62.619632349942663 ], [ 228.75, 62.619632349942663 ], [ 220.0, 65.366502354391244 ], [ 220.0, 65.366502354391244 ], [ 207.5, 67.346355615934442 ], [ 207.5, 67.346355615934442 ], [ 197.5, 67.553661178659894 ], [ 197.5, 67.553661178659894 ], [ 186.25, 65.773033508431183 ], [ 186.25, 65.773033508431183 ], [ 164.467707665169996, 62.155993573191026 ], [ 164.467707665169996, 62.155993573191026 ], [ 146.740839724249042, 58.75 ], [ 146.740839724249042, 58.75 ], [ 142.335463798541412, 56.25 ], [ 142.335463798541412, 56.25 ], [ 141.236187758115818, 51.25 ], [ 141.236187758115818, 51.25 ], [ 141.536053103091149, 45.0 ], [ 141.536053103091149, 45.0 ], [ 142.862197084437696, 40.618892089291222 ], [ 142.862197084437696, 40.618892089291222 ], [ 145.0, 36.907477373260264 ], [ 145.0, 36.907477373260264 ], [ 147.5, 34.167021959006064 ], [ 147.5, 34.167021959006064 ], [ 152.5, 32.106665090065647 ], [ 152.5, 32.106665090065647 ], [ 161.25, 30.362798476448415 ], [ 161.25, 30.362798476448415 ], [ 171.25, 29.5409639398972 ], [ 171.25, 29.5409639398972 ], [ 182.5, 29.5570720180718 ], [ 188.75, 29.801356279188795 ] ] } },
{ "type": "Feature", "properties": { "fid": 30, "ID": 29, "pressure": 102000.0 }, "geometry": { "type": "LineString", "coordinates": [ [ -80.489469578783158, 30.0 ], [ -83.369734789391572, 29.734918710781521 ], [ -88.75, 29.55131799776904 ], [ -88.75, 29.55131799776904 ], [ -92.5, 29.831532458900355 ], [ -92.5, 29.831532458900355 ], [ -97.5, 31.731715153542702 ], [ -97.5, 31.731715153542702 ], [ -103.75, 34.158148922542352 ], [ -103.75, 34.158148922542352 ], [ -112.5, 35.286020158441119 ], [ -112.5, 35.286020158441119 ], [ -120.0, 36.005480786450931 ], [ -120.0, 36.005480786450931 ], [ -121.819257872715269, 36.911027568922307 ], [ -121.819257872715269, 36.911027568922307 ], [ -122.325102107211393, 38.75 ], [ -122.325102107211393, 38.75 ], [ -121.198500758779332, 41.25 ], [ -121.198500758779332, 41.25 ], [ -116.942656524283208, 44.032562080652973 ], [ -116.942656524283208, 44.032562080652973 ], [ -111.25, 46.019400801393779 ], [ -111.25, 46.019400801393779 ], [ -106.25, 46.189412627829043 ], [ -106.25, 46.189412627829043 ], [ -98.75, 43.152566207673388 ], [ -98.75, 43.152566207673388 ], [ -89.595951792336223, 38.949992300585158 ], [ -89.595951792336223, 38.949992300585158 ], [ -82.884020501714119, 35.0 ], [ -82.884020501714119, 35.0 ], [ -80.407803498769482, 31.25 ], [ -80.489469578783158, 30.0 ] ] } },
{ "type": "Feature", "properties": { "fid": 31, "ID": 30, "pressure": 102000.0 }, "geometry": { "type": "LineString", "coordinates": [ [ 282.888364779874223, 30.0 ], [ 278.319182389937112, 29.435108583247157 ], [ 270.0, 29.324273302873323 ], [ 270.0, 29.324273302873323 ], [ 262.5, 31.61002255428545 ], [ 262.5, 31.61002255428545 ], [ 257.5, 33.814219379224213 ], [ 257.5, 33.814219379224213 ], [ 248.75, 34.837563664055025 ], [ 248.75, 34.837563664055025 ], [ 240.0, 36.249033901880935 ], [ 240.0, 36.249033901880935 ], [ 238.835174092100317, 38.504831782390838 ], [ 238.835174092100317, 38.504831782390838 ], [ 240.110881453902778, 41.25 ], [ 240.110881453902778, 41.25 ], [ 243.775707361802461, 43.670303887978548 ], [ 243.775707361802461, 43.670303887978548 ], [ 248.75, 45.450749958311334 ], [ 248.75, 45.450749958311334 ], [ 253.75, 45.983732819815188 ], [ 253.75, 45.983732819815188 ], [ 257.636508951406654, 45.453286749482402 ], [ 257.636508951406654, 45.453286749482402 ], [ 262.636508951406654, 42.779289892752679 ], [ 262.636508951406654, 42.779289892752679 ], [ 270.819141058867103, 39.029289892752679 ], [ 270.819141058867103, 39.029289892752679 ], [ 276.947672570819918, 36.25 ], [ 276.947672570819918, 36.25 ], [ 279.641215636339098, 33.75 ], [ 279.641215636339098, 33.75 ], [ 281.012684124386283, 31.911167512690351 ], [ 281.012684124386283, 31.911167512690351 ], [ 282.069182389937112, 30.661167512690351 ], [ 282.888364779874223, 30.0 ] ] } },
{ "type": "Feature", "properties": { "fid": 32, "ID": 31, "pressure": 102300.0 }, "geometry": { "type": "LineString", "coordinates": [ [ 123.135697984024318, 30.0 ], [ 120.942848992012159, 29.330519354682426 ], [ 117.5, 28.599100435763507 ], [ 117.5, 28.599100435763507 ], [ 115.0, 28.673238068882 ], [ 115.0, 28.673238068882 ], [ 110.0, 29.979905033157788 ], [ 110.0, 29.979905033157788 ], [ 103.75, 31.650296040631183 ], [ 103.75, 31.650296040631183 ], [ 93.330592105263179, 32.325047995274318 ], [ 93.330592105263179, 32.325047995274318 ], [ 79.580592105263179, 34.657590436752869 ], [ 79.580592105263179, 34.657590436752869 ], [ 70.0, 37.868396022992414 ], [ 70.0, 37.868396022992414 ], [ 61.809408926417376, 40.710805586239545 ], [ 61.809408926417376, 40.710805586239545 ], [ 55.54756252118861, 43.75 ], [ 55.54756252118861, 43.75 ], [ 53.351026116761517, 46.25 ], [ 53.351026116761517, 46.25 ], [ 53.786506699060496, 48.75 ], [ 53.786506699060496, 48.75 ], [ 56.641292107177748, 51.25 ], [ 56.641292107177748, 51.25 ], [ 77.467657930107535, 58.500593216871906 ], [ 77.467657930107535, 58.500593216871906 ], [ 100.0, 64.98722739647323 ], [ 100.0, 64.98722739647323 ], [ 111.25, 65.612524991512771 ], [ 111.25, 65.612524991512771 ], [ 125.0, 66.364367508278804 ], [ 125.0, 66.364367508278804 ], [ 133.75, 66.79280819361324 ], [ 133.75, 66.79280819361324 ], [ 136.896378269617685, 65.804331497245869 ], [ 136.896378269617685, 65.804331497245869 ], [ 136.896378269617685, 64.825861882046837 ], [ 136.896378269617685, 64.825861882046837 ], [ 135.0, 63.80788264679741 ], [ 135.0, 63.80788264679741 ], [ 130.84409437694265, 57.732020764750573 ], [ 130.84409437694265, 57.732020764750573 ], [ 127.909148745146609, 51.25 ], [ 127.909148745146609, 51.25 ], [ 128.45422597631088, 47.5 ], [ 128.45422597631088, 47.5 ], [ 128.603318009033359, 41.25 ], [ 128.603318009033359, 41.25 ], [ 127.851160074220587, 36.25 ], [ 127.851160074220587, 36.25 ], [ 126.887013673294149, 33.858322481354328 ], [ 126.887013673294149, 33.858322481354328 ], [ 124.692848992012159, 31.358322481354328 ], [ 123.135697984024318, 30.0 ] ] } },
{ "type": "Feature", "properties": { "fid": 33, "ID": 32, "pressure": 102000.0 }, "geometry": { "type": "LineString", "coordinates": [ [ -128.100184672206836, 27.5 ], [ -129.675092336103432, 27.349313108185463 ], [ -132.319252640129974, 27.349313108185463 ], [ -132.319252640129974, 27.349313108185463 ], [ -134.265554204852606, 28.75 ], [ -134.265554204852606, 28.75 ], [ -133.196301564722603, 31.175583530028849 ], [ -133.196301564722603, 31.175583530028849 ], [ -129.46052631578948, 32.425583530028845 ], [ -129.46052631578948, 32.425583530028845 ], [ -126.96052631578948, 32.096533173939029 ], [ -126.96052631578948, 32.096533173939029 ], [ -125.833945358401877, 30.846533173939029 ], [ -125.833945358401877, 30.846533173939029 ], [ -126.759037694505295, 28.75 ], [ -128.100184672206836, 27.5 ] ] } },
{ "type": "Feature", "properties": { "fid": 34, "ID": 33, "pressure": 102000.0 }, "geometry": { "type": "LineString", "coordinates": [ [ 234.877049180327901, 27.5 ], [ 233.063524590163951, 27.036338363780779 ], [ 230.0, 26.636577821011059 ], [ 230.0, 26.636577821011059 ], [ 227.416235358213015, 27.10023945723028 ], [ 227.416235358213015, 27.10023945723028 ], [ 225.956584322226121, 28.75 ], [ 225.956584322226121, 28.75 ], [ 228.540348964013106, 31.167891338232018 ], [ 228.540348964013106, 31.167891338232018 ], [ 232.5, 32.290805429702971 ], [ 232.5, 32.290805429702971 ], [ 235.009454877412622, 31.122914091470953 ], [ 235.009454877412622, 31.122914091470953 ], [ 235.572979467576573, 28.75 ], [ 234.877049180327901, 27.5 ] ] } },
{ "type": "Feature", "properties": { "fid": 35, "ID": 34, "pressure": 102000.0 }, "geometry": { "type": "LineString", "coordinates": [ [ 122.060810810810835, 25.0 ], [ 119.155405405405418, 24.799154128011224 ], [ 113.75, 24.893860626963004 ], [ 113.75, 24.893860626963004 ], [ 106.25, 26.863357000559244 ], [ 106.25, 26.863357000559244 ], [ 98.75, 28.966609107546066 ], [ 98.75, 28.966609107546066 ], [ 90.0, 29.629272908213636 ], [ 90.0, 29.629272908213636 ], [ 75.0, 31.07609090490832 ], [ 75.0, 31.07609090490832 ], [ 60.0, 32.2068735794359 ], [ 60.0, 32.2068735794359 ], [ 50.0, 32.514929920727852 ], [ 50.0, 32.514929920727852 ], [ 41.25, 34.758109977376705 ], [ 41.25, 34.758109977376705 ], [ 32.822536892361114, 38.305277033451468 ], [ 32.822536892361114, 38.305277033451468 ], [ 28.822712207929129, 41.25 ], [ 28.822712207929129, 41.25 ], [ 27.250175315568015, 43.635097493036213 ], [ 27.250175315568015, 43.635097493036213 ], [ 25.0, 44.83374772777799 ], [ 25.0, 44.83374772777799 ], [ 16.25, 44.896400652738443 ], [ 16.25, 44.896400652738443 ], [ 7.5, 44.721354740095961 ], [ 7.5, 44.721354740095961 ], [ 5.210347530702904, 43.523604322099303 ], [ 5.210347530702904, 43.523604322099303 ], [ 4.648765853952682, 41.25 ], [ 4.648765853952682, 41.25 ], [ 6.675430710012591, 38.75 ], [ 6.675430710012591, 38.75 ], [ 16.532619549605585, 33.75 ], [ 16.532619549605585, 33.75 ], [ 25.376088098717986, 28.75 ], [ 25.376088098717986, 28.75 ], [ 24.388325904355256, 26.25 ], [ 24.388325904355256, 26.25 ], [ 20.80784496848004, 24.477774774078938 ], [ 20.80784496848004, 24.477774774078938 ], [ 16.25, 23.930849032576447 ], [ 16.25, 23.930849032576447 ], [ 5.0, 24.533923296517081 ], [ 5.0, 24.533923296517081 ], [ -18.75, 24.127246317598029 ], [ -18.75, 24.127246317598029 ], [ -38.75, 23.153671650226556 ], [ -38.75, 23.153671650226556 ], [ -51.298840704164874, 24.107274370648099 ], [ -51.298840704164874, 24.107274370648099 ], [ -63.654889304270519, 26.25 ], [ -63.654889304270519, 26.25 ], [ -69.343560381444007, 28.75 ], [ -69.343560381444007, 28.75 ], [ -58.237511781338362, 32.810216625118201 ], [ -58.237511781338362, 32.810216625118201 ], [ -34.133205987837201, 39.060216625118201 ], [ -34.133205987837201, 39.060216625118201 ], [ -17.883205987837201, 43.270228644670468 ], [ -17.883205987837201, 43.270228644670468 ], [ -10.0, 44.562761066926775 ], [ -10.0, 44.562761066926775 ], [ 0.0, 45.374482629725186 ], [ 0.0, 45.374482629725186 ], [ 7.520675396278421, 46.581950207468878 ], [ 7.520675396278421, 46.581950207468878 ], [ 11.270675396278421, 47.700705408128989 ], [ 11.270675396278421, 47.700705408128989 ], [ 19.348096026490083, 47.700705408128989 ], [ 19.348096026490083, 47.700705408128989 ], [ 25.598096026490083, 46.58536585365853 ], [ 25.598096026490083, 46.58536585365853 ], [ 28.75, 45.796420213381261 ], [ 28.75, 45.796420213381261 ], [ 42.599019238023374, 50.461054359722723 ], [ 42.599019238023374, 50.461054359722723 ], [ 65.099019238023374, 58.251153402537483 ], [ 65.099019238023374, 58.251153402537483 ], [ 83.75, 64.136408534718854 ], [ 83.75, 64.136408534718854 ], [ 95.0, 67.662775236583173 ], [ 95.0, 67.662775236583173 ], [ 115.0, 70.49757998464132 ], [ 115.0, 70.49757998464132 ], [ 138.75, 73.015703919105064 ], [ 138.75, 73.015703919105064 ], [ 155.0, 73.545975567211229 ], [ 155.0, 73.545975567211229 ], [ 166.25, 73.140189073975591 ], [ 166.25, 73.140189073975591 ], [ 170.0, 72.226582655210379 ], [ 170.0, 72.226582655210379 ], [ 171.922834843907367, 70.83672510958047 ], [ 171.922834843907367, 70.83672510958047 ], [ 170.371818625471747, 68.75 ], [ 170.371818625471747, 68.75 ], [ 163.19020084555433, 66.25 ], [ 163.19020084555433, 66.25 ], [ 153.49121706398995, 64.214274266398576 ], [ 153.49121706398995, 64.214274266398576 ], [ 145.0, 62.492888805386556 ], [ 145.0, 62.492888805386556 ], [ 140.0, 61.040016877389021 ], [ 140.0, 61.040016877389021 ], [ 137.5, 59.60523906918867 ], [ 137.5, 59.60523906918867 ], [ 134.985161044662448, 56.843836730787629 ], [ 134.985161044662448, 56.843836730787629 ], [ 133.27264979566894, 53.75 ], [ 133.27264979566894, 53.75 ], [ 133.196437266397396, 45.0 ], [ 133.196437266397396, 45.0 ], [ 132.904298070182392, 33.75 ], [ 132.904298070182392, 33.75 ], [ 131.135953416555111, 28.75 ], [ 131.135953416555111, 28.75 ], [ 128.140603861763623, 26.731437779131141 ], [ 128.140603861763623, 26.731437779131141 ], [ 124.155405405405418, 25.481437779131141 ], [ 122.060810810810835, 25.0 ] ] } },
{ "type": "Feature", "properties": { "fid": 36, "ID": 35, "pressure": 102000.0 }, "geometry": { "type": "LineString", "coordinates": [ [ 360.0, 24.241009785675686 ], [ 353.125, 24.108212075158285 ], [ 336.721938775510239, 23.237707182320442 ], [ 336.721938775510239, 23.237707182320442 ], [ 322.971938775510239, 22.520198881292728 ], [ 322.971938775510239, 22.520198881292728 ], [ 311.25, 23.387497188445394 ], [ 311.25, 23.387497188445394 ], [ 297.132465543644742, 25.867298307152666 ], [ 297.132465543644742, 25.867298307152666 ], [ 291.021460942417775, 28.75 ], [ 291.021460942417775, 28.75 ], [ 301.388995398772977, 32.130875247089826 ], [ 301.388995398772977, 32.130875247089826 ], [ 326.004769475357705, 38.380875247089826 ], [ 326.004769475357705, 38.380875247089826 ], [ 344.754769475357705, 43.168561258468259 ], [ 344.754769475357705, 43.168561258468259 ], [ 354.375, 44.336668628804929 ], [ 360.0, 44.836214740673341 ] ] } },
{ "type": "Feature", "properties": { "fid": 37, "ID": 36, "pressure": 101700.0 }, "geometry": { "type": "LineString", "coordinates": [ [ 360.0, 19.277720050222968 ], [ 353.125, 19.229476136681349 ], [ 337.5, 18.204075955130513 ], [ 337.5, 18.204075955130513 ], [ 323.75, 17.108000717020893 ], [ 323.75, 17.108000717020893 ], [ 312.5, 17.373640920485876 ], [ 312.5, 17.373640920485876 ], [ 296.25, 18.890137056230969 ], [ 296.25, 18.890137056230969 ], [ 278.75, 20.167782183506695 ], [ 278.75, 20.167782183506695 ], [ 262.5, 21.51659937239085 ], [ 262.5, 21.51659937239085 ], [ 251.25, 22.526878336521946 ], [ 251.25, 22.526878336521946 ], [ 243.139186958316145, 21.167024138432453 ], [ 243.139186958316145, 21.167024138432453 ], [ 234.389186958316145, 19.795140453657808 ], [ 234.389186958316145, 19.795140453657808 ], [ 226.25, 19.911545168785509 ], [ 226.25, 19.911545168785509 ], [ 216.315214326001126, 21.3664047151277 ], [ 216.315214326001126, 21.3664047151277 ], [ 209.504364799344387, 23.75 ], [ 209.504364799344387, 23.75 ], [ 208.036908452587426, 26.25 ], [ 208.036908452587426, 26.25 ], [ 212.069304671851199, 30.0 ], [ 212.069304671851199, 30.0 ], [ 222.221546692607035, 35.801963755025938 ], [ 222.221546692607035, 35.801963755025938 ], [ 234.535366968664277, 43.301963755025938 ], [ 234.535366968664277, 43.301963755025938 ], [ 241.686515786199351, 48.75 ], [ 241.686515786199351, 48.75 ], [ 243.742235486605892, 51.25 ], [ 243.742235486605892, 51.25 ], [ 244.618163772178349, 53.75 ], [ 244.618163772178349, 53.75 ], [ 244.358828578621967, 56.25 ], [ 244.358828578621967, 56.25 ], [ 242.317891692698652, 60.0 ], [ 242.317891692698652, 60.0 ], [ 239.736140217184214, 63.618222078202635 ], [ 239.736140217184214, 63.618222078202635 ], [ 237.5, 65.705521147576576 ], [ 237.5, 65.705521147576576 ], [ 233.75, 67.787691646104847 ], [ 233.75, 67.787691646104847 ], [ 225.0, 69.985063006079827 ], [ 225.0, 69.985063006079827 ], [ 212.5, 71.333217275429661 ], [ 212.5, 71.333217275429661 ], [ 200.0, 71.144637843374312 ], [ 200.0, 71.144637843374312 ], [ 182.681915970640347, 67.846090997293572 ], [ 182.681915970640347, 67.846090997293572 ], [ 158.931915970640347, 62.914388872734321 ], [ 158.931915970640347, 62.914388872734321 ], [ 143.75, 59.866096679852575 ], [ 143.75, 59.866096679852575 ], [ 140.233133682721899, 58.201707807118254 ], [ 140.233133682721899, 58.201707807118254 ], [ 138.417608299014688, 56.25 ], [ 138.417608299014688, 56.25 ], [ 137.343686843658389, 53.75 ], [ 137.343686843658389, 53.75 ], [ 137.073946139822368, 50.0 ], [ 137.073946139822368, 50.0 ], [ 137.344658154881017, 45.0 ], [ 137.344658154881017, 45.0 ], [ 138.845704310581539, 37.5 ], [ 138.845704310581539, 37.5 ], [ 141.997933758753845, 30.0 ], [ 141.997933758753845, 30.0 ], [ 143.017123015749945, 26.25 ], [ 143.017123015749945, 26.25 ], [ 137.302559841013675, 23.75 ], [ 137.302559841013675, 23.75 ], [ 125.617590515860286, 21.678747907052724 ], [ 125.617590515860286, 21.678747907052724 ], [ 115.0, 20.908347501578831 ], [ 115.0, 20.908347501578831 ], [ 108.75, 21.468486325199287 ], [ 108.75, 21.468486325199287 ], [ 102.453335497484176, 23.48888673067318 ], [ 102.453335497484176, 23.48888673067318 ], [ 96.203335497484176, 25.621703682198678 ], [ 96.203335497484176, 25.621703682198678 ], [ 85.0, 26.530630578352252 ], [ 85.0, 26.530630578352252 ], [ 71.25, 26.178985344612663 ], [ 71.25, 26.178985344612663 ], [ 61.25, 23.720071840718361 ], [ 61.25, 23.720071840718361 ], [ 55.0, 21.818892746120959 ], [ 55.0, 21.818892746120959 ], [ 48.75, 22.597028166053526 ], [ 48.75, 22.597028166053526 ], [ 41.25, 23.404224081009048 ], [ 41.25, 23.404224081009048 ], [ 32.5, 21.659081398131924 ], [ 32.5, 21.659081398131924 ], [ 22.5, 19.385075224950121 ], [ 22.5, 19.385075224950121 ], [ 5.0, 19.398515876305893 ], [ 5.0, 19.398515876305893 ], [ -13.75, 19.728854099608 ], [ -13.75, 19.728854099608 ], [ -26.25, 18.586180903843172 ], [ -26.25, 18.586180903843172 ], [ -38.75, 17.657048596121449 ], [ -38.75, 17.657048596121449 ], [ -50.0, 18.02891987871682 ], [ -50.0, 18.02891987871682 ], [ -65.0, 19.471352889485843 ], [ -65.0, 19.471352889485843 ], [ -82.5, 20.772014855635774 ], [ -82.5, 20.772014855635774 ], [ -97.5, 22.04409170639132 ], [ -97.5, 22.04409170639132 ], [ -106.25, 23.188420905242459 ], [ -106.25, 23.188420905242459 ], [ -117.5, 21.841252822907585 ], [ -117.5, 21.841252822907585 ], [ -131.25, 20.387398686756868 ], [ -131.25, 20.387398686756868 ], [ -140.0, 20.967350901110336 ], [ -140.0, 20.967350901110336 ], [ -146.25, 22.144919427855015 ], [ -146.25, 22.144919427855015 ], [ -150.861145703611442, 23.894350423096064 ], [ -150.861145703611442, 23.894350423096064 ], [ -152.971174914906499, 26.25 ], [ -152.971174914906499, 26.25 ], [ -151.543005948802204, 28.75 ], [ -151.543005948802204, 28.75 ], [ -148.158480735705155, 31.25 ], [ -148.158480735705155, 31.25 ], [ -138.725503998198008, 36.411362526452876 ], [ -138.725503998198008, 36.411362526452876 ], [ -124.924508426966298, 45.161362526452876 ], [ -124.924508426966298, 45.161362526452876 ], [ -117.770820768470941, 51.25 ], [ -117.770820768470941, 51.25 ], [ -116.705834022327195, 53.75 ], [ -116.705834022327195, 53.75 ], [ -116.769262372311886, 56.25 ], [ -116.769262372311886, 56.25 ], [ -119.159740691489361, 60.747003424657535 ], [ -119.159740691489361, 60.747003424657535 ], [ -122.5, 65.193061515943839 ], [ -122.5, 65.193061515943839 ], [ -126.25, 67.674138818364625 ], [ -126.25, 67.674138818364625 ], [ -135.0, 70.111212818261833 ], [ -135.0, 70.111212818261833 ], [ -150.0, 71.519726924539157 ], [ -150.0, 71.519726924539157 ], [ -169.375, 70.739402215731531 ], [ -180.0, 69.705614764751758 ] ] } },
{ "type": "Feature", "properties": { "fid": 38, "ID": 37, "pressure": 101400.0 }, "geometry": { "type": "LineString", "coordinates": [ [ 360.0, 15.067304286220335 ], [ 354.375, 14.928432528188388 ], [ 338.75, 13.211449255310256 ], [ 338.75, 13.211449255310256 ], [ 323.75, 11.502256013272117 ], [ 323.75, 11.502256013272117 ], [ 312.5, 11.649362543341653 ], [ 312.5, 11.649362543341653 ], [ 296.25, 13.165291552412079 ], [ 296.25, 13.165291552412079 ], [ 278.75, 14.657565934452286 ], [ 278.75, 14.657565934452286 ], [ 263.75, 15.553319143650015 ], [ 263.75, 15.553319143650015 ], [ 253.75, 16.208200027631875 ], [ 253.75, 16.208200027631875 ], [ 243.75, 15.57493385339324 ], [ 243.75, 15.57493385339324 ], [ 230.0, 14.939450470540628 ], [ 230.0, 14.939450470540628 ], [ 200.0, 16.959153304992817 ], [ 200.0, 16.959153304992817 ], [ 167.5, 19.321164653623278 ], [ 167.5, 19.321164653623278 ], [ 152.5, 19.376278689374587 ], [ 152.5, 19.376278689374587 ], [ 130.0, 17.509684340108365 ], [ 130.0, 17.509684340108365 ], [ 110.0, 16.117179287242344 ], [ 110.0, 16.117179287242344 ], [ 100.0, 17.271551746831321 ], [ 100.0, 17.271551746831321 ], [ 91.25, 18.301852127039623 ], [ 91.25, 18.301852127039623 ], [ 81.25, 17.532514261019877 ], [ 81.25, 17.532514261019877 ], [ 66.25, 14.635981281124039 ], [ 66.25, 14.635981281124039 ], [ 55.0, 11.949013215411433 ], [ 55.0, 11.949013215411433 ], [ 48.75, 11.694205196222882 ], [ 48.75, 11.694205196222882 ], [ 44.063035408338095, 13.525274385530992 ], [ 44.063035408338095, 13.525274385530992 ], [ 39.063035408338095, 15.598050797401065 ], [ 39.063035408338095, 15.598050797401065 ], [ 26.25, 15.525716901796152 ], [ 26.25, 15.525716901796152 ], [ 2.5, 15.148064368994874 ], [ 2.5, 15.148064368994874 ], [ -21.25, 13.910686840631165 ], [ -21.25, 13.910686840631165 ], [ -36.25, 12.160712646313435 ], [ -36.25, 12.160712646313435 ], [ -48.75, 12.28664242471244 ], [ -48.75, 12.28664242471244 ], [ -65.781864673485444, 13.816218354430383 ], [ -65.781864673485444, 13.816218354430383 ], [ -83.281864673485444, 15.271286037005169 ], [ -83.281864673485444, 15.271286037005169 ], [ -98.75, 16.154901078933889 ], [ -98.75, 16.154901078933889 ], [ -115.0, 16.148967880954132 ], [ -115.0, 16.148967880954132 ], [ -128.75, 15.464591673585346 ], [ -128.75, 15.464591673585346 ], [ -156.875, 16.988639687278912 ], [ -180.0, 18.578801705437954 ] ] } },
{ "type": "Feature", "properties": { "fid": 39, "ID": 38, "pressure": 101100.0 }, "geometry": { "type": "LineString", "coordinates": [ [ 360.0, 6.525581395348823 ], [ 359.375, 6.525581395348823 ], [ 356.399587345254531, 5.762790697674411 ], [ 356.399587345254531, 5.762790697674411 ], [ 356.372251361159101, 3.75 ], [ 356.372251361159101, 3.75 ], [ 359.34766401590457, 2.494037294015612 ], [ 360.0, 2.488074588031225 ] ] } },
{ "type": "Feature", "properties": { "fid": 40, "ID": 39, "pressure": 101100.0 }, "geometry": { "type": "LineString", "coordinates": [ [ -180.0, -23.306592482370434 ], [ -174.375, -22.83107899868196 ], [ -163.75, -21.005617923552506 ], [ -163.75, -21.005617923552506 ], [ -148.75, -14.368738360477693 ], [ -148.75, -14.368738360477693 ], [ -129.0303657694962, -4.540903194421929 ], [ -129.0303657694962, -4.540903194421929 ], [ -117.304865242625809, 1.25 ], [ -117.304865242625809, 1.25 ], [ -114.588642151477544, 3.75 ], [ -114.588642151477544, 3.75 ], [ -116.96985316971579, 6.25 ], [ -116.96985316971579, 6.25 ], [ -121.905710491367856, 7.711217354074492 ], [ -121.905710491367856, 7.711217354074492 ], [ -143.75, 9.765702970846796 ], [ -143.75, 9.765702970846796 ], [ -171.875, 11.948913666238298 ], [ -180.0, 12.288856098931987 ] ] } },
{ "type": "Feature", "properties": { "fid": 41, "ID": 40, "pressure": 100800.0 }, "geometry": { "type": "LineString", "coordinates": [ [ 128.75, -25.010312530330964 ], [ 131.25, -24.846534809623904 ], [ 136.25, -24.181358467802106 ], [ 136.25, -24.181358467802106 ], [ 143.75, -21.299289417794974 ], [ 143.75, -21.299289417794974 ], [ 151.25, -18.248686334490543 ], [ 151.25, -18.248686334490543 ], [ 156.25, -17.309054259394088 ], [ 156.25, -17.309054259394088 ], [ 166.25, -16.924026782862619 ], [ 166.25, -16.924026782862619 ], [ 177.5, -16.288157397752109 ], [ 177.5, -16.288157397752109 ], [ 182.588383838383834, -15.383808034244325 ], [ 182.588383838383834, -15.383808034244325 ], [ 185.392001409443253, -13.75 ], [ 185.392001409443253, -13.75 ], [ 187.028641471633023, -11.25 ], [ 187.028641471633023, -11.25 ], [ 186.54484372039343, -8.75 ], [ 186.54484372039343, -8.75 ], [ 184.819819819819827, -6.31487025948104 ], [ 184.819819819819827, -6.31487025948104 ], [ 180.497491638795992, -2.56487025948104 ], [ 180.497491638795992, -2.56487025948104 ], [ 174.247491638795992, 0.855865224625624 ], [ 174.247491638795992, 0.855865224625624 ], [ 167.5, 1.855319373097238 ], [ 167.5, 1.855319373097238 ], [ 161.25, 1.445696319661593 ], [ 161.25, 1.445696319661593 ], [ 157.822668112798254, 0.446242171189979 ], [ 157.822668112798254, 0.446242171189979 ], [ 154.909034757404442, -2.5 ], [ 154.909034757404442, -2.5 ], [ 152.086366644606187, -5.308231707317077 ], [ 152.086366644606187, -5.308231707317077 ], [ 148.75, -6.090106026241884 ], [ 148.75, -6.090106026241884 ], [ 138.75, -6.852837413999573 ], [ 138.75, -6.852837413999573 ], [ 128.75, -7.513606402901317 ], [ 128.75, -7.513606402901317 ], [ 122.5, -9.229709435893575 ], [ 122.5, -9.229709435893575 ], [ 117.173331783306224, -11.537066128067025 ], [ 117.173331783306224, -11.537066128067025 ], [ 114.673331783306224, -13.596121998343918 ], [ 114.673331783306224, -13.596121998343918 ], [ 113.470760406811735, -16.096121998343918 ], [ 113.470760406811735, -16.096121998343918 ], [ 113.562686752420802, -18.75 ], [ 113.562686752420802, -18.75 ], [ 115.147519565948045, -21.25 ], [ 115.147519565948045, -21.25 ], [ 118.805593220338977, -23.425855106161663 ], [ 118.805593220338977, -23.425855106161663 ], [ 125.0, -24.681011371327145 ], [ 128.75, -25.010312530330964 ] ] } },
{ "type": "Feature", "properties": { "fid": 42, "ID": 41, "pressure": 101100.0 }, "geometry": { "type": "LineString", "coordinates": [ [ -56.25, -28.502194586686173 ], [ -55.0, -27.88396035314117 ], [ -52.600472813238767, -26.132863059798083 ], [ -52.600472813238767, -26.132863059798083 ], [ -50.939279959849387, -23.75 ], [ -50.939279959849387, -23.75 ], [ -50.428216381981727, -21.25 ], [ -50.428216381981727, -21.25 ], [ -51.033690760297787, -17.5 ], [ -51.033690760297787, -17.5 ], [ -51.659873108231267, -13.75 ], [ -51.659873108231267, -13.75 ], [ -51.310312080198997, -11.25 ], [ -51.310312080198997, -11.25 ], [ -49.625074371208015, -8.75 ], [ -49.625074371208015, -8.75 ], [ -42.827410419627327, -5.0 ], [ -42.827410419627327, -5.0 ], [ -36.77687610846661, -1.25 ], [ -36.77687610846661, -1.25 ], [ -37.479819563152887, 0.602541067761813 ], [ -37.479819563152887, 0.602541067761813 ], [ -41.25, 1.642908040238879 ], [ -41.25, 1.642908040238879 ], [ -57.5, 2.796855165135476 ], [ -57.5, 2.796855165135476 ], [ -73.75, 4.14321105883333 ], [ -73.75, 4.14321105883333 ], [ -79.155966767371595, 6.136722866174921 ], [ -79.155966767371595, 6.136722866174921 ], [ -82.905966767371595, 7.601112920738331 ], [ -82.905966767371595, 7.601112920738331 ], [ -87.601724137931029, 7.601112920738331 ], [ -87.601724137931029, 7.601112920738331 ], [ -93.439278407106144, 6.25 ], [ -93.439278407106144, 6.25 ], [ -93.337554269175115, 4.128714470284237 ], [ -93.337554269175115, 4.128714470284237 ], [ -87.5, 2.37226285738101 ], [ -87.5, 2.37226285738101 ], [ -74.018987341772146, -5.506451612903227 ], [ -74.018987341772146, -5.506451612903227 ], [ -63.133117776554762, -13.75 ], [ -63.133117776554762, -13.75 ], [ -61.665823231874185, -16.25 ], [ -61.665823231874185, -16.25 ], [ -61.547441746270025, -20.0 ], [ -61.547441746270025, -20.0 ], [ -61.607140520732443, -25.0 ], [ -61.607140520732443, -25.0 ], [ -60.111391571553995, -28.249272550921432 ], [ -60.111391571553995, -28.249272550921432 ], [ -57.5, -28.750369844264519 ], [ -56.25, -28.502194586686173 ] ] } },
{ "type": "Feature", "properties": { "fid": 43, "ID": 42, "pressure": 101100.0 }, "geometry": { "type": "LineString", "coordinates": [ [ 143.75, -30.063802265417436 ], [ 145.0, -29.793100347946186 ], [ 150.0, -27.800518155030346 ], [ 150.0, -27.800518155030346 ], [ 156.25, -25.26395410310073 ], [ 156.25, -25.26395410310073 ], [ 161.25, -24.195394501948385 ], [ 161.25, -24.195394501948385 ], [ 172.5, -24.043035018954342 ], [ 172.5, -24.043035018954342 ], [ 185.0, -23.964811591174325 ], [ 185.0, -23.964811591174325 ], [ 192.5, -23.173383056348541 ], [ 192.5, -23.173383056348541 ], [ 198.75, -21.773687019023455 ], [ 198.75, -21.773687019023455 ], [ 205.010632183908058, -19.242839873535431 ], [ 205.010632183908058, -19.242839873535431 ], [ 216.260632183908058, -13.380249288940938 ], [ 216.260632183908058, -13.380249288940938 ], [ 233.606790591805748, -4.630249288940938 ], [ 233.606790591805748, -4.630249288940938 ], [ 245.247415591805748, 1.25 ], [ 245.247415591805748, 1.25 ], [ 247.276557944606424, 3.75 ], [ 247.276557944606424, 3.75 ], [ 243.024384388176003, 6.25 ], [ 243.024384388176003, 6.25 ], [ 217.388451443569579, 9.328552048176832 ], [ 217.388451443569579, 9.328552048176832 ], [ 180.0, 12.129312109785353 ], [ 180.0, 12.129312109785353 ], [ 152.5, 12.951331106284371 ], [ 152.5, 12.951331106284371 ], [ 135.0, 12.067403178373212 ], [ 135.0, 12.067403178373212 ], [ 120.0, 9.791711738802107 ], [ 120.0, 9.791711738802107 ], [ 101.25, 7.861531016241287 ], [ 101.25, 7.861531016241287 ], [ 87.5, 6.894581518663429 ], [ 87.5, 6.894581518663429 ], [ 81.096491228070164, 5.657930107526887 ], [ 81.096491228070164, 5.657930107526887 ], [ 75.39912280701752, 3.75 ], [ 75.39912280701752, 3.75 ], [ 67.448577524893309, 0.0 ], [ 67.448577524893309, 0.0 ], [ 59.395945945945954, -3.823227611940297 ], [ 59.395945945945954, -3.823227611940297 ], [ 48.142135642135628, -7.573227611940297 ], [ 48.142135642135628, -7.573227611940297 ], [ 35.642135642135628, -10.347188412852972 ], [ 35.642135642135628, -10.347188412852972 ], [ 25.751295336787564, -10.347188412852972 ], [ 25.751295336787564, -10.347188412852972 ], [ 20.751295336787564, -9.85782865583456 ], [ 20.751295336787564, -9.85782865583456 ], [ 21.956880301602268, -8.60782865583456 ], [ 21.956880301602268, -8.60782865583456 ], [ 24.123875052258441, -6.25 ], [ 24.123875052258441, -6.25 ], [ 26.362228864368547, -3.75 ], [ 26.362228864368547, -3.75 ], [ 29.780062215356608, 0.0 ], [ 29.780062215356608, 0.0 ], [ 31.701509459070422, 3.75 ], [ 31.701509459070422, 3.75 ], [ 28.616681357426188, 6.252421307506054 ], [ 28.616681357426188, 6.252421307506054 ], [ 23.75, 7.93901773937317 ], [ 23.75, 7.93901773937317 ], [ 8.75, 8.164973904210392 ], [ 8.75, 8.164973904210392 ], [ -5.350125418060202, 7.728377472343276 ], [ -5.350125418060202, 7.728377472343276 ], [ -8.320432727030294, 6.25 ], [ -8.320432727030294, 6.25 ], [ -8.2531819267071, 3.75 ], [ -8.2531819267071, 3.75 ], [ -4.032874617737008, 0.986541970802918 ], [ -4.032874617737008, 0.986541970802918 ], [ 1.995501285347032, -2.763458029197082 ], [ 1.995501285347032, -2.763458029197082 ], [ 9.495501285347032, -6.879831342234716 ], [ 9.495501285347032, -6.879831342234716 ], [ 15.875322997416035, -9.379831342234716 ], [ 15.875322997416035, -9.379831342234716 ], [ 17.125322997416035, -10.489523121387279 ], [ 17.125322997416035, -10.489523121387279 ], [ 15.445024642102794, -12.989523121387279 ], [ 15.445024642102794, -12.989523121387279 ], [ 14.926636535686512, -16.25 ], [ 14.926636535686512, -16.25 ], [ 16.981611893583718, -19.034489819798743 ], [ 16.981611893583718, -19.034489819798743 ], [ 21.25, -21.373643636048577 ], [ 21.25, -21.373643636048577 ], [ 26.25, -22.234549933773437 ], [ 26.25, -22.234549933773437 ], [ 35.0, -21.561199047319064 ], [ 35.0, -21.561199047319064 ], [ 43.084756097560984, -20.415802929795461 ], [ 43.084756097560984, -20.415802929795461 ], [ 49.334756097560984, -17.952562454077878 ], [ 49.334756097560984, -17.952562454077878 ], [ 57.5, -15.273277777244182 ], [ 57.5, -15.273277777244182 ], [ 68.75, -13.915364490253623 ], [ 68.75, -13.915364490253623 ], [ 82.5, -13.162703011887608 ], [ 82.5, -13.162703011887608 ], [ 92.5, -13.833147493434794 ], [ 92.5, -13.833147493434794 ], [ 98.75, -15.640854444692856 ], [ 98.75, -15.640854444692856 ], [ 106.230663194976273, -20.875760796058351 ], [ 106.230663194976273, -20.875760796058351 ], [ 113.766467302842699, -26.25 ], [ 113.766467302842699, -26.25 ], [ 120.035804107866426, -28.256203622436765 ], [ 120.035804107866426, -28.256203622436765 ], [ 131.25, -29.59794739265871 ], [ 131.25, -29.59794739265871 ], [ 141.25, -30.123644902930664 ], [ 143.75, -30.063802265417436 ] ] } },
{ "type": "Feature", "properties": { "fid": 44, "ID": 43, "pressure": 101100.0 }, "geometry": { "type": "LineString", "coordinates": [ [ 303.75, -30.220207253886002 ], [ 306.240390528905266, -28.860103626943001 ], [ 309.61438058484066, -26.25 ], [ 309.61438058484066, -26.25 ], [ 310.896602748699252, -23.75 ], [ 310.896602748699252, -23.75 ], [ 310.421473091624307, -18.75 ], [ 310.421473091624307, -18.75 ], [ 309.61143431731665, -13.75 ], [ 309.61143431731665, -13.75 ], [ 310.206732796960921, -11.25 ], [ 310.206732796960921, -11.25 ], [ 312.244158878504663, -8.925023651844839 ], [ 312.244158878504663, -8.925023651844839 ], [ 317.519373315363907, -6.425023651844839 ], [ 317.519373315363907, -6.425023651844839 ], [ 323.2674048114269, -3.75 ], [ 323.2674048114269, -3.75 ], [ 325.098860225344765, -1.25 ], [ 325.098860225344765, -1.25 ], [ 321.850828729281773, 0.711165048543691 ], [ 321.850828729281773, 0.711165048543691 ], [ 312.5, 1.585581617971926 ], [ 312.5, 1.585581617971926 ], [ 297.5, 2.457266140352004 ], [ 297.5, 2.457266140352004 ], [ 287.5, 3.459226222906153 ], [ 287.5, 3.459226222906153 ], [ 282.060276679841877, 5.626376651982383 ], [ 282.060276679841877, 5.626376651982383 ], [ 274.656669714667714, 7.5 ], [ 274.656669714667714, 7.5 ], [ 268.191796934547313, 6.25 ], [ 268.191796934547313, 6.25 ], [ 266.999866142284418, 3.75 ], [ 266.999866142284418, 3.75 ], [ 272.654462242562943, 1.856810244470317 ], [ 272.654462242562943, 1.856810244470317 ], [ 277.5, 0.570526806792458 ], [ 277.5, 0.570526806792458 ], [ 283.493213128038917, -3.786283437677859 ], [ 283.493213128038917, -3.786283437677859 ], [ 292.055636252270119, -10.0 ], [ 292.055636252270119, -10.0 ], [ 297.287195034654246, -13.75 ], [ 297.287195034654246, -13.75 ], [ 299.299201005432906, -16.25 ], [ 299.299201005432906, -16.25 ], [ 299.61310466540499, -22.5 ], [ 299.61310466540499, -22.5 ], [ 299.962917994637507, -28.75 ], [ 299.962917994637507, -28.75 ], [ 302.174242424242436, -30.110103626943001 ], [ 303.75, -30.220207253886002 ] ] } },
{ "type": "Feature", "properties": { "fid": 45, "ID": 44, "pressure": 102000.0 }, "geometry": { "type": "LineString", "coordinates": [ [ -3.057130071599062, -30.0 ], [ -3.403565035799531, -30.736366518706404 ], [ -5.0, -31.916466788663989 ], [ -5.0, -31.916466788663989 ], [ -7.5, -32.056795435051932 ], [ -7.5, -32.056795435051932 ], [ -10.458671301660871, -30.876695165094347 ], [ -10.458671301660871, -30.876695165094347 ], [ -11.708671301660871, -29.500630782169893 ], [ -11.708671301660871, -29.500630782169893 ], [ -10.0, -28.610019820804212 ], [ -10.0, -28.610019820804212 ], [ -7.5, -28.416140284669652 ], [ -7.5, -28.416140284669652 ], [ -4.653565035799531, -29.306751246035333 ], [ -3.057130071599062, -30.0 ] ] } },
{ "type": "Feature", "properties": { "fid": 46, "ID": 45, "pressure": 102000.0 }, "geometry": { "type": "LineString", "coordinates": [ [ 360.0, -34.171124484564814 ], [ 355.159951456310637, -33.335562242282407 ], [ 349.339690558027939, -31.25 ], [ 349.339690558027939, -31.25 ], [ 349.804739101717303, -29.12132166412988 ], [ 349.804739101717303, -29.12132166412988 ], [ 352.460711331679079, -27.87132166412988 ], [ 352.460711331679079, -27.87132166412988 ], [ 356.835711331679079, -27.333019414662409 ], [ 360.0, -27.166038829324819 ] ] } },
{ "type": "Feature", "properties": { "fid": 47, "ID": 46, "pressure": 102000.0 }, "geometry": { "type": "LineString", "coordinates": [ [ 90.454828272772545, -35.0 ], [ 87.102414136386273, -35.258863889662862 ], [ 80.0, -35.275488732824719 ], [ 80.0, -35.275488732824719 ], [ 75.763205828779604, -33.766624843161857 ], [ 75.763205828779604, -33.766624843161857 ], [ 79.513205828779604, -31.405873947051745 ], [ 79.513205828779604, -31.405873947051745 ], [ 86.25, -30.370758643068513 ], [ 86.25, -30.370758643068513 ], [ 91.304041882458904, -31.464884696016767 ], [ 91.304041882458904, -31.464884696016767 ], [ 92.156456018845176, -33.75 ], [ 90.454828272772545, -35.0 ] ] } },
{ "type": "Feature", "properties": { "fid": 48, "ID": 47, "pressure": 101700.0 }, "geometry": { "type": "LineString", "coordinates": [ [ 360.0, -39.042660335959141 ], [ 354.375, -38.79905088730365 ], [ 344.323486263003474, -38.02772071932408 ], [ 344.323486263003474, -38.02772071932408 ], [ 336.483597613578183, -36.25 ], [ 336.483597613578183, -36.25 ], [ 332.205775963250744, -33.75 ], [ 332.205775963250744, -33.75 ], [ 331.348107692747703, -31.25 ], [ 331.348107692747703, -31.25 ], [ 332.133419469643741, -27.5 ], [ 332.133419469643741, -27.5 ], [ 333.847662094532893, -23.75 ], [ 333.847662094532893, -23.75 ], [ 336.766685704960821, -21.38872847543049 ], [ 336.766685704960821, -21.38872847543049 ], [ 342.5, -19.766402638897297 ], [ 342.5, -19.766402638897297 ], [ 353.125, -19.453359931095704 ], [ 360.0, -19.651371535257795 ] ] } },
{ "type": "Feature", "properties": { "fid": 49, "ID": 48, "pressure": 101700.0 }, "geometry": { "type": "LineString", "coordinates": [ [ 5.528832116788323, -37.5 ], [ 2.139416058394161, -37.746091116319391 ], [ -6.25, -37.870562777383725 ], [ -6.25, -37.870562777383725 ], [ -13.75, -37.498618418743519 ], [ -13.75, -37.498618418743519 ], [ -20.0, -36.483298008370603 ], [ -20.0, -36.483298008370603 ], [ -24.960888934935767, -35.359151250691419 ], [ -24.960888934935767, -35.359151250691419 ], [ -27.764335875292076, -33.75 ], [ -27.764335875292076, -33.75 ], [ -29.615381069735662, -31.25 ], [ -29.615381069735662, -31.25 ], [ -29.680889353259943, -28.75 ], [ -29.680889353259943, -28.75 ], [ -29.077974272733769, -26.25 ], [ -29.077974272733769, -26.25 ], [ -27.893474636245728, -23.75 ], [ -27.893474636245728, -23.75 ], [ -25.423062821798709, -21.25 ], [ -25.423062821798709, -21.25 ], [ -22.48860723440616, -19.60433536529888 ], [ -22.48860723440616, -19.60433536529888 ], [ -18.75, -18.905263158763987 ], [ -18.75, -18.905263158763987 ], [ -13.75, -18.759002443775522 ], [ -13.75, -18.759002443775522 ], [ -8.75, -19.463581258239934 ], [ -8.75, -19.463581258239934 ], [ -3.75, -20.99094000302938 ], [ -3.75, -20.99094000302938 ], [ 1.25, -23.476768767169176 ], [ 1.25, -23.476768767169176 ], [ 5.329388309154155, -26.241335372069315 ], [ 5.329388309154155, -26.241335372069315 ], [ 8.951478390125814, -30.0 ], [ 8.951478390125814, -30.0 ], [ 11.175337517206202, -33.75 ], [ 11.175337517206202, -33.75 ], [ 10.053247436234543, -35.74023257599017 ], [ 10.053247436234543, -35.74023257599017 ], [ 7.139416058394161, -36.99023257599017 ], [ 5.528832116788323, -37.5 ] ] } },
{ "type": "Feature", "properties": { "fid": 50, "ID": 49, "pressure": 102000.0 }, "geometry": { "type": "LineString", "coordinates": [ [ -91.047052740434324, -37.5 ], [ -96.148526370217155, -37.716846231331843 ], [ -106.25, -37.517918845998395 ], [ -106.25, -37.517918845998395 ], [ -115.136210590756036, -36.051072614666552 ], [ -115.136210590756036, -36.051072614666552 ], [ -119.694605214139244, -33.75 ], [ -119.694605214139244, -33.75 ], [ -119.506087115013997, -31.25 ], [ -119.506087115013997, -31.25 ], [ -116.66466508728746, -28.75 ], [ -116.66466508728746, -28.75 ], [ -112.966972595656671, -26.908885171701272 ], [ -112.966972595656671, -26.908885171701272 ], [ -107.5, -25.673272367097368 ], [ -107.5, -25.673272367097368 ], [ -100.0, -25.285064362076803 ], [ -100.0, -25.285064362076803 ], [ -93.375992224202164, -26.520677166680706 ], [ -93.375992224202164, -26.520677166680706 ], [ -88.955572260720714, -28.75 ], [ -88.955572260720714, -28.75 ], [ -86.751501146099514, -31.25 ], [ -86.751501146099514, -31.25 ], [ -86.249448722155293, -33.75 ], [ -86.249448722155293, -33.75 ], [ -87.577527612574343, -35.813519355472593 ], [ -87.577527612574343, -35.813519355472593 ], [ -89.898526370217155, -37.063519355472593 ], [ -91.047052740434324, -37.5 ] ] } },
{ "type": "Feature", "properties": { "fid": 51, "ID": 50, "pressure": 102000.0 }, "geometry": { "type": "LineString", "coordinates": [ [ 273.669401266551517, -37.5 ], [ 271.209700633275759, -38.092403152775447 ], [ 266.25, -38.845616828900901 ], [ 266.25, -38.845616828900901 ], [ 256.25, -38.500305790439754 ], [ 256.25, -38.500305790439754 ], [ 247.187617969044936, -37.747092114314299 ], [ 247.187617969044936, -37.747092114314299 ], [ 243.177855068068624, -36.25 ], [ 243.177855068068624, -36.25 ], [ 240.827592197202051, -33.75 ], [ 240.827592197202051, -33.75 ], [ 242.176990479677329, -31.25 ], [ 242.176990479677329, -31.25 ], [ 246.089635381498965, -28.684764881761353 ], [ 246.089635381498965, -28.684764881761353 ], [ 252.5, -26.650282836419635 ], [ 252.5, -26.650282836419635 ], [ 260.0, -26.019858991510247 ], [ 260.0, -26.019858991510247 ], [ 266.25, -26.705266384345329 ], [ 266.25, -26.705266384345329 ], [ 271.019559817855679, -28.650925347493363 ], [ 271.019559817855679, -28.650925347493363 ], [ 274.168577636662008, -31.25 ], [ 274.168577636662008, -31.25 ], [ 275.241634997287065, -33.75 ], [ 275.241634997287065, -33.75 ], [ 274.552317811756495, -36.25 ], [ 273.669401266551517, -37.5 ] ] } },
{ "type": "Feature", "properties": { "fid": 52, "ID": 51, "pressure": 101400.0 }, "geometry": { "type": "LineString", "coordinates": [ [ 360.0, -41.861585104099618 ], [ 350.625, -41.601563827001911 ], [ 333.786669890393341, -40.670771274952102 ], [ 333.786669890393341, -40.670771274952102 ], [ 321.699014288733565, -38.75 ], [ 321.699014288733565, -38.75 ], [ 316.539886396571887, -36.25 ], [ 316.539886396571887, -36.25 ], [ 318.586339388264264, -31.25 ], [ 318.586339388264264, -31.25 ], [ 322.31400915617445, -23.75 ], [ 322.31400915617445, -23.75 ], [ 324.175171876605191, -18.75 ], [ 324.175171876605191, -18.75 ], [ 326.819960110463342, -16.0770001054074 ], [ 326.819960110463342, -16.0770001054074 ], [ 331.25, -13.749539153718338 ], [ 331.25, -13.749539153718338 ], [ 337.5, -12.288518211448327 ], [ 337.5, -12.288518211448327 ], [ 350.625, -12.017052714729978 ], [ 360.0, -12.302147103185177 ] ] } },
{ "type": "Feature", "properties": { "fid": 53, "ID": 52, "pressure": 101700.0 }, "geometry": { "type": "LineString", "coordinates": [ [ -82.357720966084273, -40.0 ], [ -85.553860483042143, -40.547859718327217 ], [ -93.75, -41.26940354098673 ], [ -93.75, -41.26940354098673 ], [ -116.25, -40.918242552581063 ], [ -116.25, -40.918242552581063 ], [ -137.5, -39.996891493859863 ], [ -137.5, -39.996891493859863 ], [ -145.884955752212392, -38.550192763938313 ], [ -145.884955752212392, -38.550192763938313 ], [ -150.95115089185694, -36.25 ], [ -150.95115089185694, -36.25 ], [ -149.306793018140212, -33.75 ], [ -149.306793018140212, -33.75 ], [ -134.240597878495663, -26.790495314591695 ], [ -134.240597878495663, -26.790495314591695 ], [ -118.75, -20.367250214255947 ], [ -118.75, -20.367250214255947 ], [ -112.5, -19.016597035987644 ], [ -112.5, -19.016597035987644 ], [ -103.75, -18.335528819271239 ], [ -103.75, -18.335528819271239 ], [ -96.25, -18.688614302416227 ], [ -96.25, -18.688614302416227 ], [ -91.25, -19.875779257233312 ], [ -91.25, -19.875779257233312 ], [ -86.25, -22.02932067955625 ], [ -86.25, -22.02932067955625 ], [ -82.5, -24.489107078601137 ], [ -82.5, -24.489107078601137 ], [ -80.079017588695123, -27.792638036809819 ], [ -80.079017588695123, -27.792638036809819 ], [ -78.433660805498462, -32.5 ], [ -78.433660805498462, -32.5 ], [ -78.317858152330601, -36.25 ], [ -78.317858152330601, -36.25 ], [ -80.517075418569391, -38.75 ], [ -82.357720966084273, -40.0 ] ] } },
{ "type": "Feature", "properties": { "fid": 54, "ID": 53, "pressure": 101700.0 }, "geometry": { "type": "LineString", "coordinates": [ [ 83.542910447761187, -40.0 ], [ 76.554814119586112, -40.0 ], [ 65.408358895705518, -39.567310214574263 ], [ 65.408358895705518, -39.567310214574263 ], [ 57.184191954834176, -38.317310214574263 ], [ 57.184191954834176, -38.317310214574263 ], [ 51.613884494073062, -36.25 ], [ 51.613884494073062, -36.25 ], [ 51.274748604478432, -33.75 ], [ 51.274748604478432, -33.75 ], [ 58.741270835862878, -30.0 ], [ 58.741270835862878, -30.0 ], [ 70.646214770623331, -26.198862728386516 ], [ 70.646214770623331, -26.198862728386516 ], [ 81.25, -24.504173813496138 ], [ 81.25, -24.504173813496138 ], [ 90.0, -24.558688718284877 ], [ 90.0, -24.558688718284877 ], [ 96.25, -25.945766161428956 ], [ 96.25, -25.945766161428956 ], [ 102.897721236587699, -29.692388528253701 ], [ 102.897721236587699, -29.692388528253701 ], [ 108.08103893514928, -33.75 ], [ 108.08103893514928, -33.75 ], [ 107.091902584025092, -36.25 ], [ 107.091902584025092, -36.25 ], [ 94.305040109344105, -38.75 ], [ 83.542910447761187, -40.0 ] ] } },
{ "type": "Feature", "properties": { "fid": 55, "ID": 54, "pressure": 101400.0 }, "geometry": { "type": "LineString", "coordinates": [ [ -180.0, -29.597827605476397 ], [ -174.375, -29.304351352749109 ], [ -163.75, -28.137602228509607 ], [ -163.75, -28.137602228509607 ], [ -153.75, -25.755068547002764 ], [ -153.75, -25.755068547002764 ], [ -140.0, -20.342541636270916 ], [ -140.0, -20.342541636270916 ], [ -126.25, -14.695474364420463 ], [ -126.25, -14.695474364420463 ], [ -116.25, -11.909552534619102 ], [ -116.25, -11.909552534619102 ], [ -106.25, -10.679821201123382 ], [ -106.25, -10.679821201123382 ], [ -97.5, -10.935292084048193 ], [ -97.5, -10.935292084048193 ], [ -90.0, -12.274756466029395 ], [ -90.0, -12.274756466029395 ], [ -83.724279835390945, -14.085569645139095 ], [ -83.724279835390945, -14.085569645139095 ], [ -79.089324083178553, -16.25 ], [ -79.089324083178553, -16.25 ], [ -75.849625745584959, -18.75 ], [ -75.849625745584959, -18.75 ], [ -74.086278546845591, -21.25 ], [ -74.086278546845591, -21.25 ], [ -72.099779415955368, -28.75 ], [ -72.099779415955368, -28.75 ], [ -70.841651452202399, -36.25 ], [ -70.841651452202399, -36.25 ], [ -71.984494566064484, -38.75 ], [ -71.984494566064484, -38.75 ], [ -75.882510373512275, -41.25 ], [ -75.882510373512275, -41.25 ], [ -82.491584892743035, -43.014428850636961 ], [ -82.491584892743035, -43.014428850636961 ], [ -113.75, -43.770788710565554 ], [ -113.75, -43.770788710565554 ], [ -160.625, -42.942004159216012 ], [ -180.0, -41.871288598574836 ] ] } },
{ "type": "Feature", "properties": { "fid": 56, "ID": 55, "pressure": 101400.0 }, "geometry": { "type": "LineString", "coordinates": [ [ 82.279411764705856, -42.5 ], [ 76.764705882352928, -42.61635766705291 ], [ 65.0, -42.539175210799073 ], [ 65.0, -42.539175210799073 ], [ 43.75, -40.294369554380921 ], [ 43.75, -40.294369554380921 ], [ 26.25, -38.368426033766994 ], [ 26.25, -38.368426033766994 ], [ 18.977200255102048, -39.246874023132236 ], [ 18.977200255102048, -39.246874023132236 ], [ 8.977200255102048, -40.338928399228536 ], [ 8.977200255102048, -40.338928399228536 ], [ -8.75, -40.481745732376083 ], [ -8.75, -40.481745732376083 ], [ -26.25, -39.806337288283544 ], [ -26.25, -39.806337288283544 ], [ -36.25, -38.434601230179354 ], [ -36.25, -38.434601230179354 ], [ -43.071504135410649, -36.271081275043358 ], [ -43.071504135410649, -36.271081275043358 ], [ -44.46423837598627, -33.75 ], [ -44.46423837598627, -33.75 ], [ -42.290937833390004, -30.0 ], [ -42.290937833390004, -30.0 ], [ -38.703544422048395, -22.5 ], [ -38.703544422048395, -22.5 ], [ -35.591166089698277, -16.25 ], [ -35.591166089698277, -16.25 ], [ -32.785825260464264, -14.186309709647205 ], [ -32.785825260464264, -14.186309709647205 ], [ -28.75, -12.591838852101858 ], [ -28.75, -12.591838852101858 ], [ -23.75, -11.442184929549811 ], [ -23.75, -11.442184929549811 ], [ -18.75, -11.006595376635048 ], [ -18.75, -11.006595376635048 ], [ -12.5, -11.414279046338699 ], [ -12.5, -11.414279046338699 ], [ -5.0, -13.261728260479792 ], [ -5.0, -13.261728260479792 ], [ 1.25, -16.297533960934672 ], [ 1.25, -16.297533960934672 ], [ 11.25, -23.973161266761096 ], [ 11.25, -23.973161266761096 ], [ 21.25, -31.083167117822413 ], [ 21.25, -31.083167117822413 ], [ 25.0, -32.373422916586918 ], [ 25.0, -32.373422916586918 ], [ 28.75, -32.215071136876098 ], [ 28.75, -32.215071136876098 ], [ 33.816359696641385, -30.931799228604184 ], [ 33.816359696641385, -30.931799228604184 ], [ 42.566359696641385, -28.497273618429105 ], [ 42.566359696641385, -28.497273618429105 ], [ 55.0, -24.87870819112959 ], [ 55.0, -24.87870819112959 ], [ 65.0, -21.852273669058256 ], [ 65.0, -21.852273669058256 ], [ 73.75, -20.251762725600592 ], [ 73.75, -20.251762725600592 ], [ 83.75, -19.469270512711645 ], [ 83.75, -19.469270512711645 ], [ 91.25, -19.748882360073715 ], [ 91.25, -19.748882360073715 ], [ 96.25, -20.968846012030049 ], [ 96.25, -20.968846012030049 ], [ 103.75, -24.970718434039952 ], [ 103.75, -24.970718434039952 ], [ 111.25, -29.408399610532484 ], [ 111.25, -29.408399610532484 ], [ 116.25, -31.42473502179169 ], [ 116.25, -31.42473502179169 ], [ 125.978896103896119, -33.578743309874 ], [ 125.978896103896119, -33.578743309874 ], [ 134.716976694483634, -36.25 ], [ 134.716976694483634, -36.25 ], [ 132.488080590587515, -38.319016478238382 ], [ 132.488080590587515, -38.319016478238382 ], [ 105.514705882352928, -40.819016478238382 ], [ 82.279411764705856, -42.5 ] ] } },
{ "type": "Feature", "properties": { "fid": 57, "ID": 56, "pressure": 101700.0 }, "geometry": { "type": "LineString", "coordinates": [ [ 268.021288209607064, -42.5 ], [ 257.135644104803532, -42.446646037133164 ], [ 237.5, -41.961769095943495 ], [ 237.5, -41.961769095943495 ], [ 221.720309381237513, -40.765123058810332 ], [ 221.720309381237513, -40.765123058810332 ], [ 211.735601409651053, -38.75 ], [ 211.735601409651053, -38.75 ], [ 209.583914389092001, -36.25 ], [ 209.583914389092001, -36.25 ], [ 217.068622360678461, -32.181360008186658 ], [ 217.068622360678461, -32.181360008186658 ], [ 231.25, -25.82957803753677 ], [ 231.25, -25.82957803753677 ], [ 241.25, -21.53045756350182 ], [ 241.25, -21.53045756350182 ], [ 247.5, -20.045657313277921 ], [ 247.5, -20.045657313277921 ], [ 256.25, -19.156477414848894 ], [ 256.25, -19.156477414848894 ], [ 265.0, -19.596366916081635 ], [ 265.0, -19.596366916081635 ], [ 272.5, -21.798224319018104 ], [ 272.5, -21.798224319018104 ], [ 277.5, -24.26137241132043 ], [ 277.5, -24.26137241132043 ], [ 279.83778894944561, -26.316455372661281 ], [ 279.83778894944561, -26.316455372661281 ], [ 281.885005786886779, -30.0 ], [ 281.885005786886779, -30.0 ], [ 283.099167192051141, -33.75 ], [ 283.099167192051141, -33.75 ], [ 283.285282397354308, -36.25 ], [ 283.285282397354308, -36.25 ], [ 282.27509150822317, -38.75 ], [ 282.27509150822317, -38.75 ], [ 278.791759465478833, -40.848148003438297 ], [ 278.791759465478833, -40.848148003438297 ], [ 272.135644104803532, -42.098148003438297 ], [ 268.021288209607064, -42.5 ] ] } },
{ "type": "Feature", "properties": { "fid": 58, "ID": 57, "pressure": 101400.0 }, "geometry": { "type": "LineString", "coordinates": [ [ 255.210739030023205, -45.0 ], [ 235.730369515011603, -45.040125095887177 ], [ 205.0, -44.305037510983439 ], [ 205.0, -44.305037510983439 ], [ 178.75, -41.6185379562218 ], [ 178.75, -41.6185379562218 ], [ 160.206650093225591, -38.603625541125538 ], [ 160.206650093225591, -38.603625541125538 ], [ 156.633047748771105, -36.25 ], [ 156.633047748771105, -36.25 ], [ 157.975894299840803, -33.75 ], [ 157.975894299840803, -33.75 ], [ 162.799496644295289, -31.330358953559113 ], [ 162.799496644295289, -31.330358953559113 ], [ 178.75, -30.036447150881934 ], [ 178.75, -30.036447150881934 ], [ 197.5, -28.864221291117268 ], [ 197.5, -28.864221291117268 ], [ 208.75, -26.21886235853809 ], [ 208.75, -26.21886235853809 ], [ 221.25, -21.195824411789083 ], [ 221.25, -21.195824411789083 ], [ 232.5, -16.337936430327026 ], [ 232.5, -16.337936430327026 ], [ 240.0, -13.829720564484319 ], [ 240.0, -13.829720564484319 ], [ 247.5, -12.113446972966614 ], [ 247.5, -12.113446972966614 ], [ 256.25, -11.392700009463297 ], [ 256.25, -11.392700009463297 ], [ 266.25, -12.124569933397311 ], [ 266.25, -12.124569933397311 ], [ 276.25, -14.637149982534389 ], [ 276.25, -14.637149982534389 ], [ 282.5, -17.073026837557215 ], [ 282.5, -17.073026837557215 ], [ 284.895848667746236, -18.90431447072072 ], [ 284.895848667746236, -18.90431447072072 ], [ 287.192134948618786, -22.5 ], [ 287.192134948618786, -22.5 ], [ 288.668800900755514, -27.5 ], [ 288.668800900755514, -27.5 ], [ 289.666703973804147, -32.5 ], [ 289.666703973804147, -32.5 ], [ 290.509884440378983, -36.25 ], [ 290.509884440378983, -36.25 ], [ 290.126239398443772, -38.75 ], [ 290.126239398443772, -38.75 ], [ 287.622120763981229, -41.25 ], [ 287.622120763981229, -41.25 ], [ 282.211576451995256, -43.362027771531359 ], [ 282.211576451995256, -43.362027771531359 ], [ 275.0, -44.502073923458511 ], [ 275.0, -44.502073923458511 ], [ 263.230369515011603, -44.890046151927152 ], [ 255.210739030023205, -45.0 ] ] } },
{ "type": "Feature", "properties": { "fid": 59, "ID": 58, "pressure": 101100.0 }, "geometry": { "type": "LineString", "coordinates": [ [ 360.0, -44.031096927415774 ], [ 343.125, -43.706261006822217 ], [ 313.75, -42.411734318658716 ], [ 313.75, -42.411734318658716 ], [ 294.872143468165746, -43.221021775544386 ], [ 294.872143468165746, -43.221021775544386 ], [ 283.622143468165746, -45.745693414740515 ], [ 283.622143468165746, -45.745693414740515 ], [ 245.0, -47.149926284651144 ], [ 245.0, -47.149926284651144 ], [ 200.0, -47.433052055482392 ], [ 200.0, -47.433052055482392 ], [ 165.0, -45.0568771353242 ], [ 165.0, -45.0568771353242 ], [ 127.5, -42.86785446845731 ], [ 127.5, -42.86785446845731 ], [ 96.25, -43.634489284627591 ], [ 96.25, -43.634489284627591 ], [ 72.5, -44.692598380423163 ], [ 72.5, -44.692598380423163 ], [ 47.5, -43.608111932780318 ], [ 47.5, -43.608111932780318 ], [ 11.25, -42.710564147384616 ], [ 11.25, -42.710564147384616 ], [ -18.75, -42.788769255428548 ], [ -18.75, -42.788769255428548 ], [ -45.0, -41.485141859263237 ], [ -45.0, -41.485141859263237 ], [ -61.25, -40.728579536217111 ], [ -61.25, -40.728579536217111 ], [ -70.0, -42.877120569786982 ], [ -70.0, -42.877120569786982 ], [ -80.0, -45.116849947147799 ], [ -80.0, -45.116849947147799 ], [ -112.5, -46.151278368129013 ], [ -112.5, -46.151278368129013 ], [ -160.625, -46.406739887490517 ], [ -180.0, -46.05408 ] ] } },
{ "type": "Feature", "properties": { "fid": 60, "ID": 59, "pressure": 100500.0 }, "geometry": { "type": "LineString", "coordinates": [ [ 360.0, -47.626504690719003 ], [ 331.875, -48.007720029944323 ], [ 293.75, -49.191212221280992 ], [ 293.75, -49.191212221280992 ], [ 271.25, -50.152309593816256 ], [ 271.25, -50.152309593816256 ], [ 233.75, -51.32504453637371 ], [ 233.75, -51.32504453637371 ], [ 197.5, -52.085326923505164 ], [ 197.5, -52.085326923505164 ], [ 158.75, -49.422389921382262 ], [ 158.75, -49.422389921382262 ], [ 122.5, -46.683534052075345 ], [ 122.5, -46.683534052075345 ], [ 90.0, -47.267153235932014 ], [ 90.0, -47.267153235932014 ], [ 41.25, -47.280275118957988 ], [ 41.25, -47.280275118957988 ], [ -18.75, -46.8474001296848 ], [ -18.75, -46.8474001296848 ], [ -66.25, -48.140311641901761 ], [ -66.25, -48.140311641901761 ], [ -91.25, -49.150830784121126 ], [ -91.25, -49.150830784121126 ], [ -122.5, -50.225002518929017 ], [ -122.5, -50.225002518929017 ], [ -160.625, -51.079901515010818 ], [ -180.0, -51.045409620030739 ] ] } },
{ "type": "Feature", "properties": { "fid": 61, "ID": 60, "pressure": 100800.0 }, "geometry": { "type": "LineString", "coordinates": [ [ 360.0, -45.905609259959306 ], [ 331.875, -45.722009236554143 ], [ 292.5, -46.913491418546229 ], [ 292.5, -46.913491418546229 ], [ 245.0, -49.230758236352955 ], [ 245.0, -49.230758236352955 ], [ 197.5, -49.888953361764138 ], [ 197.5, -49.888953361764138 ], [ 165.0, -47.762064264418015 ], [ 165.0, -47.762064264418015 ], [ 132.5, -45.311001018101962 ], [ 132.5, -45.311001018101962 ], [ 113.75, -44.750010638921125 ], [ 113.75, -44.750010638921125 ], [ 86.25, -45.674157336251511 ], [ 86.25, -45.674157336251511 ], [ 46.25, -45.600643455138496 ], [ 46.25, -45.600643455138496 ], [ 1.25, -44.811678459420264 ], [ 1.25, -44.811678459420264 ], [ -40.0, -44.737784382993453 ], [ -40.0, -44.737784382993453 ], [ -58.75, -44.643093879270012 ], [ -58.75, -44.643093879270012 ], [ -68.75, -45.864151060477056 ], [ -68.75, -45.864151060477056 ], [ -80.0, -47.18972565275115 ], [ -80.0, -47.18972565275115 ], [ -113.75, -48.251236622863033 ], [ -113.75, -48.251236622863033 ], [ -161.875, -48.92394918348586 ], [ -180.0, -48.780394083705005 ] ] } },
{ "type": "Feature", "properties": { "fid": 62, "ID": 61, "pressure": 100200.0 }, "geometry": { "type": "LineString", "coordinates": [ [ 360.0, -49.261020210103339 ], [ 321.875, -50.447831762463025 ], [ 272.5, -51.726079941274463 ], [ 272.5, -51.726079941274463 ], [ 243.75, -52.848792655154895 ], [ 243.75, -52.848792655154895 ], [ 217.5, -54.152958605178483 ], [ 217.5, -54.152958605178483 ], [ 196.25, -54.066934901647485 ], [ 196.25, -54.066934901647485 ], [ 157.5, -51.232789038686334 ], [ 157.5, -51.232789038686334 ], [ 122.5, -48.376809673621977 ], [ 122.5, -48.376809673621977 ], [ 88.75, -48.854650948923606 ], [ 88.75, -48.854650948923606 ], [ 43.75, -48.965507086470538 ], [ 43.75, -48.965507086470538 ], [ 12.5, -48.139234838087106 ], [ 12.5, -48.139234838087106 ], [ -37.5, -49.326416436903955 ], [ -37.5, -49.326416436903955 ], [ -88.75, -50.730626288926459 ], [ -88.75, -50.730626288926459 ], [ -123.75, -52.085699173082844 ], [ -123.75, -52.085699173082844 ], [ -163.125, -53.20834728054372 ], [ -180.0, -53.114410714654241 ] ] } },
{ "type": "Feature", "properties": { "fid": 63, "ID": 62, "pressure": 99900.0 }, "geometry": { "type": "LineString", "coordinates": [ [ 360.0, -50.942979310839405 ], [ 335.625, -51.923418240487479 ], [ 286.25, -53.170796882954761 ], [ 286.25, -53.170796882954761 ], [ 243.75, -54.655833476231479 ], [ 243.75, -54.655833476231479 ], [ 217.5, -56.189536637850779 ], [ 217.5, -56.189536637850779 ], [ 196.25, -56.086516608465686 ], [ 196.25, -56.086516608465686 ], [ 171.25, -54.600855048060552 ], [ 171.25, -54.600855048060552 ], [ 145.0, -51.990866871490326 ], [ 145.0, -51.990866871490326 ], [ 122.5, -50.007830026202953 ], [ 122.5, -50.007830026202953 ], [ 87.5, -50.406192624945163 ], [ 87.5, -50.406192624945163 ], [ 40.0, -50.494333878553149 ], [ 40.0, -50.494333878553149 ], [ 10.0, -49.700977437995448 ], [ 10.0, -49.700977437995448 ], [ -23.75, -50.760687736384753 ], [ -23.75, -50.760687736384753 ], [ -75.0, -52.168850073975861 ], [ -75.0, -52.168850073975861 ], [ -123.75, -53.91912877031119 ], [ -123.75, -53.91912877031119 ], [ -163.125, -55.229786492370962 ], [ -180.0, -55.095566380449128 ] ] } },
{ "type": "Feature", "properties": { "fid": 64, "ID": 63, "pressure": 99600.0 }, "geometry": { "type": "LineString", "coordinates": [ [ 360.0, -52.691659337437727 ], [ 335.625, -53.957474588738521 ], [ 287.423917944093773, -55.111644920019657 ], [ 287.423917944093773, -55.111644920019657 ], [ 243.673917944093773, -56.557339981447129 ], [ 243.673917944093773, -56.557339981447129 ], [ 216.25, -58.373755071516825 ], [ 216.25, -58.373755071516825 ], [ 197.5, -58.225910164486521 ], [ 197.5, -58.225910164486521 ], [ 172.5, -56.631316376705868 ], [ 172.5, -56.631316376705868 ], [ 143.75, -53.666111619866967 ], [ 143.75, -53.666111619866967 ], [ 121.25, -51.526248140843691 ], [ 121.25, -51.526248140843691 ], [ 86.25, -51.994378350059591 ], [ 86.25, -51.994378350059591 ], [ 31.25, -52.0612724313862 ], [ 31.25, -52.0612724313862 ], [ -22.5, -52.763156465466864 ], [ -22.5, -52.763156465466864 ], [ -73.75, -54.166619125032582 ], [ -73.75, -54.166619125032582 ], [ -122.5, -55.791004712754685 ], [ -122.5, -55.791004712754685 ], [ -163.125, -57.277226311080071 ], [ -180.0, -57.077072324966963 ] ] } },
{ "type": "Feature", "properties": { "fid": 65, "ID": 64, "pressure": 99300.0 }, "geometry": { "type": "LineString", "coordinates": [ [ 360.0, -54.701962139297223 ], [ 354.375, -54.924681640233672 ], [ 331.25, -56.516286789232822 ], [ 331.25, -56.516286789232822 ], [ 298.75, -57.320638902293723 ], [ 298.75, -57.320638902293723 ], [ 273.75, -56.823184876184683 ], [ 273.75, -56.823184876184683 ], [ 245.0, -58.555152996977 ], [ 245.0, -58.555152996977 ], [ 218.75, -60.55206049238798 ], [ 218.75, -60.55206049238798 ], [ 203.75, -60.712954399541161 ], [ 203.75, -60.712954399541161 ], [ 190.0, -60.101591153345865 ], [ 190.0, -60.101591153345865 ], [ 170.0, -58.414618731430252 ], [ 170.0, -58.414618731430252 ], [ 142.5, -55.406742615273089 ], [ 142.5, -55.406742615273089 ], [ 121.25, -53.225858156418809 ], [ 121.25, -53.225858156418809 ], [ 85.0, -53.691523257428926 ], [ 85.0, -53.691523257428926 ], [ 36.25, -53.863672590738091 ], [ 36.25, -53.863672590738091 ], [ 10.0, -53.126477677629936 ], [ 10.0, -53.126477677629936 ], [ -21.25, -54.993389668853652 ], [ -21.25, -54.993389668853652 ], [ -68.75, -56.30721907743839 ], [ -68.75, -56.30721907743839 ], [ -97.5, -56.031647867289422 ], [ -97.5, -56.031647867289422 ], [ -116.25, -57.551741983450697 ], [ -116.25, -57.551741983450697 ], [ -136.25, -59.232280832515102 ], [ -136.25, -59.232280832515102 ], [ -161.875, -59.425101795256793 ], [ -180.0, -59.156030001973818 ] ] } },
{ "type": "Feature", "properties": { "fid": 66, "ID": 65, "pressure": 99000.0 }, "geometry": { "type": "LineString", "coordinates": [ [ 360.0, -57.203916336486884 ], [ 354.375, -57.621997671165005 ], [ 340.0, -59.384034267653718 ], [ 340.0, -59.384034267653718 ], [ 327.5, -61.069094966774415 ], [ 327.5, -61.069094966774415 ], [ 316.25, -61.37339116851841 ], [ 316.25, -61.37339116851841 ], [ 298.75, -60.273818181764355 ], [ 298.75, -60.273818181764355 ], [ 280.0, -59.006841396217297 ], [ 280.0, -59.006841396217297 ], [ 263.75, -59.277516134661852 ], [ 263.75, -59.277516134661852 ], [ 242.5, -61.277432968623771 ], [ 242.5, -61.277432968623771 ], [ 221.25, -63.143872767063968 ], [ 221.25, -63.143872767063968 ], [ 205.0, -63.20029079440765 ], [ 205.0, -63.20029079440765 ], [ 180.0, -61.556206807300228 ], [ 180.0, -61.556206807300228 ], [ 157.5, -59.54445129101525 ], [ 157.5, -59.54445129101525 ], [ 138.75, -57.096073974144005 ], [ 138.75, -57.096073974144005 ], [ 120.0, -54.965456299122664 ], [ 120.0, -54.965456299122664 ], [ 83.75, -55.690978996675696 ], [ 83.75, -55.690978996675696 ], [ 35.0, -55.93665666060393 ], [ 35.0, -55.93665666060393 ], [ 11.25, -55.097847376713815 ], [ 11.25, -55.097847376713815 ], [ -1.25, -55.749087726657905 ], [ -1.25, -55.749087726657905 ], [ -18.75, -58.010750133310069 ], [ -18.75, -58.010750133310069 ], [ -35.0, -60.06932318313919 ], [ -35.0, -60.06932318313919 ], [ -46.25, -60.464434201904012 ], [ -46.25, -60.464434201904012 ], [ -62.5, -59.2765672813984 ], [ -62.5, -59.2765672813984 ], [ -80.0, -57.951322868674197 ], [ -80.0, -57.951322868674197 ], [ -92.5, -58.005342172392375 ], [ -92.5, -58.005342172392375 ], [ -112.5, -59.805104154937482 ], [ -112.5, -59.805104154937482 ], [ -132.5, -61.765516201613053 ], [ -132.5, -61.765516201613053 ], [ -146.25, -62.278441594831847 ], [ -146.25, -62.278441594831847 ], [ -166.875, -61.905840606646748 ], [ -180.0, -61.449460712665712 ] ] } },
{ "type": "Feature", "properties": { "fid": 67, "ID": 66, "pressure": 98700.0 }, "geometry": { "type": "LineString", "coordinates": [ [ 360.0, -61.507205623901598 ], [ 356.606279111429615, -62.003602811950799 ], [ 351.101007488842072, -63.75 ], [ 351.101007488842072, -63.75 ], [ 351.625219530554602, -66.25 ], [ 351.625219530554602, -66.25 ], [ 357.130491153142145, -67.704264870931539 ], [ 360.0, -67.908529741863077 ] ] } },
{ "type": "Feature", "properties": { "fid": 68, "ID": 67, "pressure": 98700.0 }, "geometry": { "type": "LineString", "coordinates": [ [ -180.0, -74.373804971319316 ], [ -169.375, -75.427568201612203 ], [ -152.5, -76.544671846865569 ], [ -152.5, -76.544671846865569 ], [ -141.25, -76.099856609190141 ], [ -141.25, -76.099856609190141 ], [ -128.75, -74.360684340805633 ], [ -128.75, -74.360684340805633 ], [ -97.5, -71.730092185711626 ], [ -97.5, -71.730092185711626 ], [ -71.25, -69.872050023919002 ], [ -71.25, -69.872050023919002 ], [ -65.624021909233193, -68.456791700735891 ], [ -65.624021909233193, -68.456791700735891 ], [ -62.549130672440143, -66.25 ], [ -62.549130672440143, -66.25 ], [ -65.745421263206964, -63.75 ], [ -65.745421263206964, -63.75 ], [ -72.5703125, -61.850929385175959 ], [ -72.5703125, -61.850929385175959 ], [ -80.0, -60.917312821701671 ], [ -80.0, -60.917312821701671 ], [ -90.0, -60.945484982160806 ], [ -90.0, -60.945484982160806 ], [ -106.25, -62.825407339142757 ], [ -106.25, -62.825407339142757 ], [ -125.0, -65.224692830658782 ], [ -125.0, -65.224692830658782 ], [ -141.25, -66.071392732259426 ], [ -141.25, -66.071392732259426 ], [ -164.375, -65.197821941401571 ], [ -180.0, -64.30963249258653 ] ] } },
{ "type": "Feature", "properties": { "fid": 69, "ID": 68, "pressure": 98700.0 }, "geometry": { "type": "LineString", "coordinates": [ [ 218.75, -77.686514710312309 ], [ 231.25, -75.866817753482025 ], [ 263.75, -73.033640255365029 ], [ 263.75, -73.033640255365029 ], [ 289.805978462681026, -71.010079857039159 ], [ 289.805978462681026, -71.010079857039159 ], [ 298.277103368625376, -68.75 ], [ 298.277103368625376, -68.75 ], [ 299.049558934662855, -66.25 ], [ 299.049558934662855, -66.25 ], [ 293.069638358894395, -63.75 ], [ 293.069638358894395, -63.75 ], [ 284.991204330175947, -62.100508541345846 ], [ 284.991204330175947, -62.100508541345846 ], [ 277.5, -61.640304927823365 ], [ 277.5, -61.640304927823365 ], [ 268.75, -61.901791853777311 ], [ 268.75, -61.901791853777311 ], [ 252.5, -64.058087342514042 ], [ 252.5, -64.058087342514042 ], [ 237.5, -66.272910267616382 ], [ 237.5, -66.272910267616382 ], [ 223.75, -66.844375530386088 ], [ 223.75, -66.844375530386088 ], [ 207.5, -66.718537133124485 ], [ 207.5, -66.718537133124485 ], [ 187.5, -65.200895449993425 ], [ 187.5, -65.200895449993425 ], [ 163.75, -63.707356568343258 ], [ 163.75, -63.707356568343258 ], [ 152.448619631901806, -62.957441113490361 ], [ 152.448619631901806, -62.957441113490361 ], [ 147.448619631901806, -62.031914071555519 ], [ 147.448619631901806, -62.031914071555519 ], [ 141.534579748510907, -60.781914071555519 ], [ 141.534579748510907, -60.781914071555519 ], [ 132.784579748510907, -58.874143101970873 ], [ 132.784579748510907, -58.874143101970873 ], [ 120.0, -57.345026737965583 ], [ 120.0, -57.345026737965583 ], [ 104.37265917602997, -57.22088363599471 ], [ 104.37265917602997, -57.22088363599471 ], [ 73.12265917602997, -59.075604122245906 ], [ 73.12265917602997, -59.075604122245906 ], [ 36.25, -59.272332722866508 ], [ 36.25, -59.272332722866508 ], [ 13.75, -57.87257282257886 ], [ 13.75, -57.87257282257886 ], [ -0.243463043030673, -58.925844221958258 ], [ -0.243463043030673, -58.925844221958258 ], [ -9.364413367004758, -61.25 ], [ -9.364413367004758, -61.25 ], [ -12.221629961500739, -63.75 ], [ -12.221629961500739, -63.75 ], [ -10.600679637526653, -65.613837350442168 ], [ -10.600679637526653, -65.613837350442168 ], [ -6.25, -66.658005175540112 ], [ -6.25, -66.658005175540112 ], [ 5.0, -67.327518848045642 ], [ 5.0, -67.327518848045642 ], [ 20.0, -67.213440584300614 ], [ 20.0, -67.213440584300614 ], [ 37.5, -65.013613117246649 ], [ 37.5, -65.013613117246649 ], [ 53.75, -63.309780316950054 ], [ 53.75, -63.309780316950054 ], [ 66.25, -64.260899179143877 ], [ 66.25, -64.260899179143877 ], [ 82.5, -64.876503820182634 ], [ 82.5, -64.876503820182634 ], [ 101.25, -65.000292858983443 ], [ 101.25, -65.000292858983443 ], [ 116.495623302143059, -65.158431456888366 ], [ 116.495623302143059, -65.158431456888366 ], [ 128.995623302143059, -64.312676412352033 ], [ 128.995623302143059, -64.312676412352033 ], [ 142.5, -63.561336442979908 ], [ 142.5, -63.561336442979908 ], [ 149.80171489817792, -64.248660030627875 ], [ 149.80171489817792, -64.248660030627875 ], [ 154.80171489817792, -65.692228308327387 ], [ 154.80171489817792, -65.692228308327387 ], [ 159.952301505817928, -66.942228308327387 ], [ 159.952301505817928, -66.942228308327387 ], [ 163.702301505817928, -68.02410421371053 ], [ 163.702301505817928, -68.02410421371053 ], [ 180.0, -72.560043314867031 ], [ 180.0, -72.560043314867031 ], [ 200.0, -77.265028892054417 ], [ 200.0, -77.265028892054417 ], [ 212.5, -77.822347146054071 ], [ 218.75, -77.686514710312309 ] ] } },
{ "type": "Feature", "properties": { "fid": 70, "ID": 69, "pressure": 99000.0 }, "geometry": { "type": "LineString", "coordinates": [ [ -180.0, -80.295860429802275 ], [ -168.125, -80.58636645896398 ], [ -148.75, -80.716466665891289 ], [ -148.75, -80.716466665891289 ], [ -137.5, -80.235097094759908 ], [ -137.5, -80.235097094759908 ], [ -123.75, -77.982583294674484 ], [ -123.75, -77.982583294674484 ], [ -102.5, -75.373941297411534 ], [ -102.5, -75.373941297411534 ], [ -82.5, -74.731745949185168 ], [ -82.5, -74.731745949185168 ], [ -63.75, -75.791380774315044 ], [ -63.75, -75.791380774315044 ], [ -50.0, -76.796695130941984 ], [ -50.0, -76.796695130941984 ], [ -40.0, -75.952247290222658 ], [ -40.0, -75.952247290222658 ], [ -26.25, -73.465422957664003 ], [ -26.25, -73.465422957664003 ], [ -15.0, -71.292539266933602 ], [ -15.0, -71.292539266933602 ], [ 7.5, -69.764101654154629 ], [ 7.5, -69.764101654154629 ], [ 40.0, -67.540255816521011 ], [ 40.0, -67.540255816521011 ], [ 63.75, -66.965956547877752 ], [ 63.75, -66.965956547877752 ], [ 82.5, -67.078831687410315 ], [ 82.5, -67.078831687410315 ], [ 101.25, -66.798450032507162 ], [ 101.25, -66.798450032507162 ], [ 121.25, -66.565269554945274 ], [ 121.25, -66.565269554945274 ], [ 136.25, -66.245262588228243 ], [ 136.25, -66.245262588228243 ], [ 148.75, -67.721431841273713 ], [ 148.75, -67.721431841273713 ], [ 161.974049602604623, -70.772746046731186 ], [ 161.974049602604623, -70.772746046731186 ], [ 170.173836577650292, -73.75 ], [ 170.173836577650292, -73.75 ], [ 174.449786975045669, -76.367001878660631 ], [ 174.449786975045669, -76.367001878660631 ], [ 178.42240437158469, -78.867001878660631 ], [ 178.42240437158469, -78.867001878660631 ], [ 185.92240437158469, -80.866724928992795 ], [ 185.92240437158469, -80.866724928992795 ], [ 196.25, -82.010741523829054 ], [ 196.25, -82.010741523829054 ], [ 207.5, -82.258840469591647 ], [ 207.5, -82.258840469591647 ], [ 218.75, -81.912367928556364 ], [ 218.75, -81.912367928556364 ], [ 227.5, -81.01105886524573 ], [ 227.5, -81.01105886524573 ], [ 237.5, -78.960201440150826 ], [ 237.5, -78.960201440150826 ], [ 253.75, -76.789664885505829 ], [ 253.75, -76.789664885505829 ], [ 275.0, -75.972299474955932 ], [ 275.0, -75.972299474955932 ], [ 296.25, -76.912016705989856 ], [ 296.25, -76.912016705989856 ], [ 311.25, -77.964983933152766 ], [ 311.25, -77.964983933152766 ], [ 320.0, -77.491568965793618 ], [ 320.0, -77.491568965793618 ], [ 333.75, -74.972721172142514 ], [ 333.75, -74.972721172142514 ], [ 351.875, -72.364262787995358 ], [ 360.0, -71.801644272654755 ] ] } },
{ "type": "Feature", "properties": { "fid": 71, "ID": 70, "pressure": 99300.0 }, "geometry": { "type": "LineString", "coordinates": [ [ -180.0, -83.097347393374662 ], [ -164.375, -83.209774571860066 ], [ -138.75, -83.008495444006471 ], [ -138.75, -83.008495444006471 ], [ -125.0, -82.299395792289133 ], [ -125.0, -82.299395792289133 ], [ -112.5, -80.455044677211802 ], [ -112.5, -80.455044677211802 ], [ -98.75, -78.679107895643625 ], [ -98.75, -78.679107895643625 ], [ -90.0, -78.449522437128522 ], [ -90.0, -78.449522437128522 ], [ -80.550154023873688, -79.273457995241301 ], [ -80.550154023873688, -79.273457995241301 ], [ -68.050154023873688, -80.525600238214651 ], [ -68.050154023873688, -80.525600238214651 ], [ -51.25, -80.933789347543481 ], [ -51.25, -80.933789347543481 ], [ -36.25, -80.226613494278183 ], [ -36.25, -80.226613494278183 ], [ -27.5, -78.657872199677257 ], [ -27.5, -78.657872199677257 ], [ -18.75, -75.94869735147897 ], [ -18.75, -75.94869735147897 ], [ -8.75, -73.213611667272474 ], [ -8.75, -73.213611667272474 ], [ 23.75, -70.18077260498039 ], [ 23.75, -70.18077260498039 ], [ 62.5, -68.808846743344986 ], [ 62.5, -68.808846743344986 ], [ 83.75, -68.733039704921794 ], [ 83.75, -68.733039704921794 ], [ 102.5, -68.181280861328801 ], [ 102.5, -68.181280861328801 ], [ 121.25, -67.985039011982181 ], [ 121.25, -67.985039011982181 ], [ 136.25, -67.841176954318755 ], [ 136.25, -67.841176954318755 ], [ 146.25, -68.948543727753346 ], [ 146.25, -68.948543727753346 ], [ 155.48927392739273, -71.16172836012376 ], [ 155.48927392739273, -71.16172836012376 ], [ 161.364140061341175, -73.75 ], [ 161.364140061341175, -73.75 ], [ 162.986124744740607, -77.5 ], [ 162.986124744740607, -77.5 ], [ 164.611258610792163, -80.570280208277424 ], [ 164.611258610792163, -80.570280208277424 ], [ 169.038731633535008, -81.820280208277424 ], [ 169.038731633535008, -81.820280208277424 ], [ 175.288731633535008, -82.880888227091162 ], [ 175.288731633535008, -82.880888227091162 ], [ 188.75, -83.988437553665392 ], [ 188.75, -83.988437553665392 ], [ 208.75, -84.666367266521007 ], [ 208.75, -84.666367266521007 ], [ 226.25, -84.243649811291803 ], [ 226.25, -84.243649811291803 ], [ 240.095234748383461, -83.184831871345025 ], [ 240.095234748383461, -83.184831871345025 ], [ 251.188861813686373, -81.25 ], [ 251.188861813686373, -81.25 ], [ 261.09362706530294, -79.689909876428516 ], [ 261.09362706530294, -79.689909876428516 ], [ 271.25, -79.540365285458464 ], [ 271.25, -79.540365285458464 ], [ 286.564799094510477, -81.100455409029948 ], [ 286.564799094510477, -81.100455409029948 ], [ 307.701435370902004, -82.5 ], [ 307.701435370902004, -82.5 ], [ 326.136636276391528, -81.299927556095071 ], [ 326.136636276391528, -81.299927556095071 ], [ 338.75, -78.358373925637977 ], [ 338.75, -78.358373925637977 ], [ 346.25, -75.983808852918955 ], [ 346.25, -75.983808852918955 ], [ 354.375, -74.735968376276674 ], [ 360.0, -74.12121178580125 ] ] } },
{ "type": "Feature", "properties": { "fid": 72, "ID": 71, "pressure": 99600.0 }, "geometry": { "type": "LineString", "coordinates": [ [ -180.0, -85.069394549025247 ], [ -159.375, -85.107575637198906 ], [ -116.25, -84.099289938055534 ], [ -116.25, -84.099289938055534 ], [ -75.0, -83.324303298430152 ], [ -75.0, -83.324303298430152 ], [ -46.25, -83.270862697753529 ], [ -46.25, -83.270862697753529 ], [ -32.5, -82.568850867046223 ], [ -32.5, -82.568850867046223 ], [ -25.0, -81.498765156153723 ], [ -25.0, -81.498765156153723 ], [ -19.736768176199575, -80.40288526380013 ], [ -19.736768176199575, -80.40288526380013 ], [ -12.77402987463978, -77.5 ], [ -12.77402987463978, -77.5 ], [ -3.037261698440204, -74.135582139133831 ], [ -3.037261698440204, -74.135582139133831 ], [ 6.25, -72.72171520896255 ], [ 6.25, -72.72171520896255 ], [ 31.25, -70.866314584109404 ], [ 31.25, -70.866314584109404 ], [ 55.0, -69.718329925107199 ], [ 55.0, -69.718329925107199 ], [ 65.0, -70.658946846857631 ], [ 65.0, -70.658946846857631 ], [ 82.5, -70.340972561210208 ], [ 82.5, -70.340972561210208 ], [ 102.5, -69.38991702264488 ], [ 102.5, -69.38991702264488 ], [ 121.25, -69.152836097369331 ], [ 121.25, -69.152836097369331 ], [ 136.25, -69.090739979213978 ], [ 136.25, -69.090739979213978 ], [ 143.75, -69.891867590253284 ], [ 143.75, -69.891867590253284 ], [ 149.751460132046702, -71.434220810942847 ], [ 149.751460132046702, -71.434220810942847 ], [ 154.514837084636468, -73.75 ], [ 154.514837084636468, -73.75 ], [ 155.051591267925261, -76.25 ], [ 155.051591267925261, -76.25 ], [ 153.012849425815944, -78.75 ], [ 153.012849425815944, -78.75 ], [ 152.782081300125583, -81.25 ], [ 152.782081300125583, -81.25 ], [ 164.010383167005926, -83.75 ], [ 164.010383167005926, -83.75 ], [ 183.952936977360793, -85.661570095649694 ], [ 183.952936977360793, -85.661570095649694 ], [ 211.25, -86.265222612925101 ], [ 211.25, -86.265222612925101 ], [ 248.75, -85.292049133886792 ], [ 248.75, -85.292049133886792 ], [ 286.25, -84.639488389122789 ], [ 286.25, -84.639488389122789 ], [ 312.5, -84.665942645134493 ], [ 312.5, -84.665942645134493 ], [ 330.21055399719495, -83.464850872623089 ], [ 330.21055399719495, -83.464850872623089 ], [ 345.991467009416397, -80.0 ], [ 345.991467009416397, -80.0 ], [ 356.405913012221447, -76.986249869233191 ], [ 360.0, -76.472499738466382 ] ] } },
{ "type": "Feature", "properties": { "fid": 73, "ID": 72, "pressure": 100500.0 }, "geometry": { "type": "LineString", "coordinates": [ [ 100.121787208607316, -85.0 ], [ 89.435893604303658, -85.806967703349272 ], [ 63.75, -86.974759410195944 ], [ 63.75, -86.974759410195944 ], [ 37.5, -87.062325369601453 ], [ 37.5, -87.062325369601453 ], [ 22.5, -86.419192325654976 ], [ 22.5, -86.419192325654976 ], [ 16.205054274084119, -85.524658662900194 ], [ 16.205054274084119, -85.524658662900194 ], [ 15.221603776134486, -83.75 ], [ 15.221603776134486, -83.75 ], [ 17.419270029667842, -81.25 ], [ 17.419270029667842, -81.25 ], [ 17.851267454725615, -78.75 ], [ 17.851267454725615, -78.75 ], [ 25.69854692710814, -76.252412351238348 ], [ 25.69854692710814, -76.252412351238348 ], [ 36.25, -74.936137001225504 ], [ 36.25, -74.936137001225504 ], [ 41.510351805728504, -74.933724649987155 ], [ 41.510351805728504, -74.933724649987155 ], [ 49.010351805728504, -76.588515546639911 ], [ 49.010351805728504, -76.588515546639911 ], [ 57.5, -78.821856210814104 ], [ 57.5, -78.821856210814104 ], [ 76.25, -80.054654250780757 ], [ 76.25, -80.054654250780757 ], [ 95.352564102564116, -81.571313586606564 ], [ 95.352564102564116, -81.571313586606564 ], [ 99.788457706867774, -83.75 ], [ 100.121787208607316, -85.0 ] ] } },
{ "type": "Feature", "properties": { "fid": 74, "ID": 73, "pressure": 99900.0 }, "geometry": { "type": "LineString", "coordinates": [ [ -180.0, -87.368575465823653 ], [ -170.494706840390876, -87.434287732911827 ], [ -160.989413680781752, -88.125 ], [ -160.989413680781752, -88.75 ] ] } },
{ "type": "Feature", "properties": { "fid": 75, "ID": 74, "pressure": 99900.0 }, "geometry": { "type": "LineString", "coordinates": [ [ -141.941176470588232, -88.75 ], [ -141.941176470588232, -88.125 ], [ -116.595588235294116, -86.7733041111386 ], [ -116.595588235294116, -86.7733041111386 ], [ -71.25, -85.890332406110019 ], [ -71.25, -85.890332406110019 ], [ -38.75, -84.978031903879724 ], [ -38.75, -84.978031903879724 ], [ -20.0, -83.199396608429907 ], [ -20.0, -83.199396608429907 ], [ -11.0517308820653, -81.088392999521602 ], [ -11.0517308820653, -81.088392999521602 ], [ -6.780322326885226, -78.75 ], [ -6.780322326885226, -78.75 ], [ -1.978591444819926, -76.233743572526635 ], [ -1.978591444819926, -76.233743572526635 ], [ 7.5, -74.165852294599659 ], [ 7.5, -74.165852294599659 ], [ 31.25, -72.226260482071794 ], [ 31.25, -72.226260482071794 ], [ 52.5, -71.281081898477069 ], [ 52.5, -71.281081898477069 ], [ 61.25, -72.422839377883122 ], [ 61.25, -72.422839377883122 ], [ 68.75, -73.555293620986916 ], [ 68.75, -73.555293620986916 ], [ 82.5, -72.200196015536434 ], [ 82.5, -72.200196015536434 ], [ 102.5, -70.786153481018658 ], [ 102.5, -70.786153481018658 ], [ 120.0, -70.422165312353371 ], [ 120.0, -70.422165312353371 ], [ 132.5, -70.067836470685847 ], [ 132.5, -70.067836470685847 ], [ 141.678541011530399, -71.351013005396794 ], [ 141.678541011530399, -71.351013005396794 ], [ 148.186863609672628, -73.75 ], [ 148.186863609672628, -73.75 ], [ 147.942467164765787, -76.25 ], [ 147.942467164765787, -76.25 ], [ 144.487470542343431, -78.75 ], [ 144.487470542343431, -78.75 ], [ 142.084003242378429, -81.25 ], [ 142.084003242378429, -81.25 ], [ 142.780677266658557, -82.860455407113207 ], [ 142.780677266658557, -82.860455407113207 ], [ 146.25, -83.870521986424038 ], [ 146.25, -83.870521986424038 ], [ 152.5, -85.055665551728353 ], [ 152.5, -85.055665551728353 ], [ 175.0, -86.857689841835167 ], [ 175.0, -86.857689841835167 ], [ 208.75, -88.148824699421013 ], [ 208.75, -88.148824699421013 ], [ 246.25, -87.578837051288389 ], [ 246.25, -87.578837051288389 ], [ 295.0, -86.680402794845776 ], [ 295.0, -86.680402794845776 ], [ 331.25, -85.51672638760013 ], [ 331.25, -85.51672638760013 ], [ 347.599814045066694, -83.578426814039375 ], [ 347.599814045066694, -83.578426814039375 ], [ 356.349814045066694, -81.700588099631005 ], [ 356.349814045066694, -81.700588099631005 ], [ 359.375, -80.901176199262011 ], [ 360.0, -80.901176199262011 ] ] } },
{ "type": "Feature", "properties": { "fid": 76, "ID": 75, "pressure": 100200.0 }, "geometry": { "type": "LineString", "coordinates": [ [ -27.040714995034762, -88.75 ], [ -27.040714995034762, -88.125 ], [ -21.645357497517381, -86.861581616139816 ], [ -21.645357497517381, -86.861581616139816 ], [ -10.0, -84.740429706003638 ], [ -10.0, -84.740429706003638 ], [ -2.723585989089869, -82.878848089863823 ], [ -2.723585989089869, -82.878848089863823 ], [ -0.223585989089869, -81.418547055586131 ], [ -0.223585989089869, -81.418547055586131 ], [ 2.318175066838279, -78.918547055586131 ], [ 2.318175066838279, -78.918547055586131 ], [ 7.600001360710991, -76.25 ], [ 7.600001360710991, -76.25 ], [ 29.031826293872712, -73.792042851367739 ], [ 29.031826293872712, -73.792042851367739 ], [ 50.0, -73.000244632204215 ], [ 50.0, -73.000244632204215 ], [ 58.75, -74.717340727475417 ], [ 58.75, -74.717340727475417 ], [ 67.5, -76.255308116114875 ], [ 67.5, -76.255308116114875 ], [ 75.0, -76.135688937006705 ], [ 75.0, -76.135688937006705 ], [ 85.369172565291677, -74.139519767530771 ], [ 85.369172565291677, -74.139519767530771 ], [ 101.619172565291677, -72.4528889581062 ], [ 101.619172565291677, -72.4528889581062 ], [ 121.25, -71.957005724573264 ], [ 121.25, -71.957005724573264 ], [ 135.554220452256715, -72.004116766467064 ], [ 135.554220452256715, -72.004116766467064 ], [ 140.980095222054132, -73.75 ], [ 140.980095222054132, -73.75 ], [ 139.79756470720713, -76.25 ], [ 139.79756470720713, -76.25 ], [ 133.81470988042966, -78.75 ], [ 133.81470988042966, -78.75 ], [ 129.187613529895401, -81.25 ], [ 129.187613529895401, -81.25 ], [ 130.994593586875453, -84.029659777734452 ], [ 130.994593586875453, -84.029659777734452 ], [ 136.25, -86.22149657536599 ], [ 136.25, -86.22149657536599 ], [ 145.0, -87.849500114214464 ], [ 145.0, -87.849500114214464 ], [ 163.344141323792485, -89.407663316582926 ], [ 163.344141323792485, -89.407663316582926 ], [ 175.43828264758497, -90.625 ], [ 175.43828264758497, -91.25 ] ] } },
{ "type": "Feature", "properties": { "fid": 77, "ID": 76, "pressure": 100200.0 }, "geometry": { "type": "LineString", "coordinates": [ [ 294.0800330033004, -91.25 ], [ 294.0800330033004, -90.625 ], [ 310.1650165016502, -89.576558833389214 ], [ 310.1650165016502, -89.576558833389214 ], [ 332.374531835205971, -88.326558833389214 ], [ 332.374531835205971, -88.326558833389214 ], [ 349.249531835205971, -86.535420004577702 ], [ 360.0, -85.570840009155404 ] ] } }
]
}
