{
"type": "FeatureCollection",
"name": "text",
"crs": { "type": "name", "properties": { "name": "urn:ogc:def:crs:OGC:1.3:CRS84" } },
"features": [
{ "type": "Feature", "properties": { "fid": 1, "ID": 0, "ELEV": 101100.0 }, "geometry": { "type": "LineString", "coordinates": [ [ 26.25, 64.997040719696969 ], [ 25.242424242424235, 66.248520359848484 ], [ 22.742424242424235, 67.707097380986838 ], [ 22.742424242424235, 67.707097380986838 ], [ 19.530852417302796, 67.707097380986838 ], [ 19.530852417302796, 67.707097380986838 ], [ 16.39350591436633, 66.25 ], [ 16.39350591436633, 66.25 ], [ 15.612653497063533, 63.863095238095241 ], [ 15.612653497063533, 63.863095238095241 ], [ 21.25, 63.861615597943725 ], [ 26.25, 64.997040719696969 ] ] } },
{ "type": "Feature", "properties": { "fid": 2, "ID": 1, "ELEV": 101100.0 }, "geometry": { "type": "LineString", "coordinates": [ [ -180.0, 64.189299849870338 ], [ -178.098076923076917, 64.594649924935169 ], [ -175.215407210283189, 66.25 ], [ -175.215407210283189, 66.25 ], [ -175.242330287206272, 68.937591063623117 ], [ -175.242330287206272, 68.937591063623117 ], [ -177.5, 71.188502363744618 ], [ -177.5, 71.188502363744618 ], [ -179.375, 72.001822600243017 ], [ -180.0, 72.001822600243017 ] ] } },
{ "type": "Feature", "properties": { "fid": 3, "ID": 2, "ELEV": 102000.0 }, "geometry": { "type": "LineString", "coordinates": [ [ 180.0, 31.904435299497031 ], [ 179.375, 31.904435299497031 ], [ 178.28724538133585, 32.202217649748519 ], [ 178.28724538133585, 32.202217649748519 ], [ 178.088180932271399, 33.75 ], [ 178.088180932271399, 33.75 ], [ 179.175935550935549, 35.122426799641985 ], [ 180.0, 35.244853599283978 ] ] } },
{ "type": "Feature", "properties": { "fid": 4, "ID": 3, "ELEV": 102300.0 }, "geometry": { "type": "LineString", "coordinates": [ [ -138.176339558159412, 32.5 ], [ -140.963169779079692, 31.592659213890705 ], [ -146.25, 30.46454256206524 ], [ -146.25, 30.46454256206524 ], [ -151.25, 30.337040047973566 ], [ -151.25, 30.337040047973566 ], [ -159.868436683297716, 31.465156699799032 ], [ -159.868436683297716, 31.465156699799032 ], [ -167.97996173085636, 33.75 ], [ -167.97996173085636, 33.75 ], [ -169.788389849423453, 36.25 ], [ -169.788389849423453, 36.25 ], [ -168.126442059553824, 38.75 ], [ -168.126442059553824, 38.75 ], [ -163.887775966553761, 41.25 ], [ -163.887775966553761, 41.25 ], [ -155.803727873025906, 43.75 ], [ -155.803727873025906, 43.75 ], [ -145.86552916416116, 45.203975164880461 ], [ -145.86552916416116, 45.203975164880461 ], [ -140.0, 45.168660451422639 ], [ -140.0, 45.168660451422639 ], [ -137.5, 44.240867228026389 ], [ -137.5, 44.240867228026389 ], [ -135.748036044362294, 43.026181941484211 ], [ -135.748036044362294, 43.026181941484211 ], [ -134.851584773175858, 41.25 ], [ -134.851584773175858, 41.25 ], [ -134.510367896202979, 38.75 ], [ -134.510367896202979, 38.75 ], [ -135.025770939431396, 36.25 ], [ -135.025770939431396, 36.25 ], [ -136.832121551121702, 33.75 ], [ -138.176339558159412, 32.5 ] ] } },
{ "type": "Feature", "properties": { "fid": 5, "ID": 4, "ELEV": 100800.0 }, "geometry": { "type": "LineString", "coordinates": [ [ 99.264310176125207, 30.0 ], [ 97.757155088062603, 29.525577906436208 ], [ 92.5, 29.101050168511769 ], [ 92.5, 29.101050168511769 ], [ 86.25, 29.520177294626219 ], [ 86.25, 29.520177294626219 ], [ 78.001562042370395, 32.444705032550658 ], [ 78.001562042370395, 32.444705032550658 ], [ 70.635999671948824, 36.25 ], [ 70.635999671948824, 36.25 ], [ 69.191585030968255, 38.75 ], [ 69.191585030968255, 38.75 ], [ 70.307147401389827, 41.061033704152436 ], [ 70.307147401389827, 41.061033704152436 ], [ 72.5, 42.802798483711555 ], [ 72.5, 42.802798483711555 ], [ 75.0, 43.585270600002431 ], [ 75.0, 43.585270600002431 ], [ 77.037448429070139, 43.093505820443312 ], [ 77.037448429070139, 43.093505820443312 ], [ 78.05699240301152, 41.25 ], [ 78.05699240301152, 41.25 ], [ 79.769543973941381, 38.648163742396058 ], [ 79.769543973941381, 38.648163742396058 ], [ 82.5, 37.125763268408406 ], [ 82.5, 37.125763268408406 ], [ 87.5, 37.398070291330384 ], [ 87.5, 37.398070291330384 ], [ 94.21016845060538, 37.670470765318036 ], [ 94.21016845060538, 37.670470765318036 ], [ 97.96016845060538, 37.218213972705641 ], [ 97.96016845060538, 37.218213972705641 ], [ 100.019134721411433, 35.968213972705641 ], [ 100.019134721411433, 35.968213972705641 ], [ 101.082841140684195, 33.75 ], [ 101.082841140684195, 33.75 ], [ 100.070861507335366, 31.25 ], [ 99.264310176125207, 30.0 ] ] } },
{ "type": "Feature", "properties": { "fid": 6, "ID": 5, "ELEV": 99900.0 }, "geometry": { "type": "LineString", "coordinates": [ [ 73.75, 26.311682901820049 ], [ 74.618989596025855, 26.905841450910025 ], [ 73.368989596025855, 28.795840262675366 ], [ 73.368989596025855, 28.795840262675366 ], [ 70.0, 30.006730350335513 ], [ 70.0, 30.006730350335513 ], [ 66.713456921845818, 28.710890087660147 ], [ 66.713456921845818, 28.710890087660147 ], [ 66.713456921845818, 26.897641889172149 ], [ 66.713456921845818, 26.897641889172149 ], [ 71.25, 26.303483340082174 ], [ 73.75, 26.311682901820049 ] ] } },
{ "type": "Feature", "properties": { "fid": 7, "ID": 6, "ELEV": 102000.0 }, "geometry": { "type": "LineString", "coordinates": [ [ -180.0, 40.240665902647933 ], [ -178.125, 40.61741028945346 ], [ -172.5, 42.599973396143625 ], [ -172.5, 42.599973396143625 ], [ -165.0, 45.40546572866198 ], [ -165.0, 45.40546572866198 ], [ -156.25, 47.664246533512156 ], [ -156.25, 47.664246533512156 ], [ -147.5, 49.241688764206287 ], [ -147.5, 49.241688764206287 ], [ -141.25, 49.852644405141376 ], [ -141.25, 49.852644405141376 ], [ -136.25, 49.602923830888557 ], [ -136.25, 49.602923830888557 ], [ -132.086175481218447, 48.380291327089161 ], [ -132.086175481218447, 48.380291327089161 ], [ -129.668890331742148, 46.25 ], [ -129.668890331742148, 46.25 ], [ -129.475889879481798, 38.75 ], [ -129.475889879481798, 38.75 ], [ -130.738315681888764, 31.25 ], [ -130.738315681888764, 31.25 ], [ -132.595140652930667, 29.148101880768962 ], [ -132.595140652930667, 29.148101880768962 ], [ -135.0, 27.737016882727445 ], [ -135.0, 27.737016882727445 ], [ -138.75, 26.594283875126749 ], [ -138.75, 26.594283875126749 ], [ -145.0, 25.849492858678829 ], [ -145.0, 25.849492858678829 ], [ -156.25, 26.24899513423631 ], [ -156.25, 26.24899513423631 ], [ -171.875, 27.860353302147161 ], [ -180.0, 28.910964306842828 ] ] } },
{ "type": "Feature", "properties": { "fid": 8, "ID": 7, "ELEV": 102300.0 }, "geometry": { "type": "LineString", "coordinates": [ [ -36.404814222932487, 27.5 ], [ -40.077407111466243, 27.202026314156271 ], [ -46.950312989045386, 27.202026314156271 ], [ -46.950312989045386, 27.202026314156271 ], [ -52.623596775472151, 28.75 ], [ -52.623596775472151, 28.75 ], [ -54.924607538317836, 31.25 ], [ -54.924607538317836, 31.25 ], [ -53.280810453357638, 33.75 ], [ -53.280810453357638, 33.75 ], [ -49.592776359866178, 36.25 ], [ -49.592776359866178, 36.25 ], [ -43.063289658399611, 39.129325381859324 ], [ -43.063289658399611, 39.129325381859324 ], [ -33.75, 41.45128058045379 ], [ -33.75, 41.45128058045379 ], [ -26.25, 41.794145775533188 ], [ -26.25, 41.794145775533188 ], [ -22.398869134691125, 40.722190576938722 ], [ -22.398869134691125, 40.722190576938722 ], [ -20.853013219908846, 38.75 ], [ -20.853013219908846, 38.75 ], [ -21.400731183264668, 36.25 ], [ -21.400731183264668, 36.25 ], [ -23.51738111531256, 33.75 ], [ -23.51738111531256, 33.75 ], [ -26.839361943426553, 31.25 ], [ -26.839361943426553, 31.25 ], [ -32.595975037627184, 28.75 ], [ -36.404814222932487, 27.5 ] ] } },
{ "type": "Feature", "properties": { "fid": 9, "ID": 8, "ELEV": 101700.0 }, "geometry": { "type": "LineString", "coordinates": [ [ 180.0, 24.183440885678763 ], [ 176.875, 24.574724932815982 ], [ 171.25, 25.967182524858316 ], [ 171.25, 25.967182524858316 ], [ 167.220857593401263, 28.484178034881715 ], [ 167.220857593401263, 28.484178034881715 ], [ 165.608875296384554, 31.25 ], [ 165.608875296384554, 31.25 ], [ 166.125959907837256, 33.75 ], [ 166.125959907837256, 33.75 ], [ 167.836910165420846, 36.25 ], [ 167.836910165420846, 36.25 ], [ 170.510379454315512, 38.75 ], [ 170.510379454315512, 38.75 ], [ 174.161411493748631, 41.118218451054908 ], [ 174.161411493748631, 41.118218451054908 ], [ 178.125, 42.580046222107995 ], [ 180.0, 42.923655542106175 ] ] } },
{ "type": "Feature", "properties": { "fid": 10, "ID": 9, "ELEV": 99900.0 }, "geometry": { "type": "LineString", "coordinates": [ [ 58.75, 22.48487707419946 ], [ 59.360832323931461, 23.74243853709973 ], [ 59.360832323931461, 25.357975864516781 ], [ 59.360832323931461, 25.357975864516781 ], [ 56.25, 26.286547293088212 ], [ 56.25, 26.286547293088212 ], [ 52.5, 26.858768661699116 ], [ 52.5, 26.858768661699116 ], [ 50.556629738015616, 25.930197233127686 ], [ 50.556629738015616, 25.930197233127686 ], [ 50.254149853303232, 23.75 ], [ 50.254149853303232, 23.75 ], [ 52.197520115287617, 21.744801537878374 ], [ 52.197520115287617, 21.744801537878374 ], [ 55.0, 21.165796057114257 ], [ 55.0, 21.165796057114257 ], [ 57.5, 21.913433056335613 ], [ 58.75, 22.48487707419946 ] ] } },
{ "type": "Feature", "properties": { "fid": 11, "ID": 10, "ELEV": 101700.0 }, "geometry": { "type": "LineString", "coordinates": [ [ -180.0, 45.525362318840585 ], [ -178.125, 45.784334227541763 ], [ -167.5, 48.571862226592387 ], [ -167.5, 48.571862226592387 ], [ -147.5, 53.381481243276568 ], [ -147.5, 53.381481243276568 ], [ -133.75, 55.425693316117268 ], [ -133.75, 55.425693316117268 ], [ -130.0, 54.572945245368622 ], [ -130.0, 54.572945245368622 ], [ -126.550114876507749, 51.978524014057008 ], [ -126.550114876507749, 51.978524014057008 ], [ -123.833776617066036, 48.75 ], [ -123.833776617066036, 48.75 ], [ -123.476520973803829, 46.25 ], [ -123.476520973803829, 46.25 ], [ -124.764251612653723, 42.5 ], [ -124.764251612653723, 42.5 ], [ -125.92662453604791, 38.75 ], [ -125.92662453604791, 38.75 ], [ -125.346571718612665, 33.75 ], [ -125.346571718612665, 33.75 ], [ -125.097561644881807, 28.75 ], [ -125.097561644881807, 28.75 ], [ -126.721049316371008, 26.25 ], [ -126.721049316371008, 26.25 ], [ -129.614827233462165, 24.219001250670004 ], [ -129.614827233462165, 24.219001250670004 ], [ -135.0, 22.512681640487031 ], [ -135.0, 22.512681640487031 ], [ -142.5, 21.306396704711503 ], [ -142.5, 21.306396704711503 ], [ -163.125, 22.212212359112534 ], [ -180.0, 23.398992088436117 ] ] } },
{ "type": "Feature", "properties": { "fid": 12, "ID": 11, "ELEV": 102000.0 }, "geometry": { "type": "LineString", "coordinates": [ [ -36.181875792141966, 22.5 ], [ -41.215937896070983, 22.017666172030907 ], [ -50.0, 21.778261773251003 ], [ -50.0, 21.778261773251003 ], [ -56.25, 22.437845430189562 ], [ -56.25, 22.437845430189562 ], [ -62.5, 23.944647551449435 ], [ -62.5, 23.944647551449435 ], [ -67.982624807719205, 26.26739772247997 ], [ -67.982624807719205, 26.26739772247997 ], [ -69.622516198147991, 28.75 ], [ -69.622516198147991, 28.75 ], [ -68.309562761604226, 31.25 ], [ -68.309562761604226, 31.25 ], [ -64.930419778818759, 33.75 ], [ -64.930419778818759, 33.75 ], [ -54.651775373238941, 38.75 ], [ -54.651775373238941, 38.75 ], [ -42.641026965595628, 43.669415514988323 ], [ -42.641026965595628, 43.669415514988323 ], [ -35.0, 45.418565935306695 ], [ -35.0, 45.418565935306695 ], [ -27.5, 46.120352407706108 ], [ -27.5, 46.120352407706108 ], [ -20.0, 45.734151499781071 ], [ -20.0, 45.734151499781071 ], [ -15.0, 44.338093655270569 ], [ -15.0, 44.338093655270569 ], [ -13.480045541706602, 42.975144142877234 ], [ -13.480045541706602, 42.975144142877234 ], [ -13.4815390598379, 40.0 ], [ -13.4815390598379, 40.0 ], [ -14.337281843281332, 36.25 ], [ -14.337281843281332, 36.25 ], [ -16.029255399762363, 33.75 ], [ -16.029255399762363, 33.75 ], [ -21.693467074612329, 29.29033622059351 ], [ -21.693467074612329, 29.29033622059351 ], [ -28.75, 24.957093350762271 ], [ -28.75, 24.957093350762271 ], [ -33.715937896070983, 23.166757130168762 ], [ -36.181875792141966, 22.5 ] ] } },
{ "type": "Feature", "properties": { "fid": 13, "ID": 12, "ELEV": 100500.0 }, "geometry": { "type": "LineString", "coordinates": [ [ 111.25, 19.365232863995047 ], [ 111.524892790136676, 19.682616431997523 ], [ 112.137613568068787, 22.5 ], [ 112.137613568068787, 22.5 ], [ 115.488441733713501, 27.5 ], [ 115.488441733713501, 27.5 ], [ 119.240695575070731, 31.25 ], [ 119.240695575070731, 31.25 ], [ 120.114573569267463, 35.0 ], [ 120.114573569267463, 35.0 ], [ 120.648908862148744, 38.75 ], [ 120.648908862148744, 38.75 ], [ 124.972586303961208, 42.5 ], [ 124.972586303961208, 42.5 ], [ 130.137648435931425, 46.25 ], [ 130.137648435931425, 46.25 ], [ 131.506976050304189, 48.75 ], [ 131.506976050304189, 48.75 ], [ 130.19260400616335, 51.385111748417721 ], [ 130.19260400616335, 51.385111748417721 ], [ 126.25, 53.676985012995274 ], [ 126.25, 53.676985012995274 ], [ 121.25, 54.513374562241751 ], [ 121.25, 54.513374562241751 ], [ 116.057919041068971, 53.471501297664204 ], [ 116.057919041068971, 53.471501297664204 ], [ 111.057919041068971, 50.226634320735442 ], [ 111.057919041068971, 50.226634320735442 ], [ 107.5, 47.342447238330102 ], [ 107.5, 47.342447238330102 ], [ 103.75, 46.170447356268241 ], [ 103.75, 46.170447356268241 ], [ 97.5, 45.628638828764529 ], [ 97.5, 45.628638828764529 ], [ 92.486202319407568, 45.324004390090941 ], [ 92.486202319407568, 45.324004390090941 ], [ 88.70622373268381, 43.75 ], [ 88.70622373268381, 43.75 ], [ 85.615617578644731, 41.25 ], [ 85.615617578644731, 41.25 ], [ 88.145596165368488, 40.419066631758085 ], [ 88.145596165368488, 40.419066631758085 ], [ 95.0, 40.90254814640565 ], [ 95.0, 40.90254814640565 ], [ 102.956809204877203, 39.233481514647565 ], [ 102.956809204877203, 39.233481514647565 ], [ 107.636831778240634, 36.25 ], [ 107.636831778240634, 36.25 ], [ 106.969463546285567, 32.5 ], [ 106.969463546285567, 32.5 ], [ 106.016527156232655, 27.5 ], [ 106.016527156232655, 27.5 ], [ 105.383143941341956, 22.5 ], [ 105.383143941341956, 22.5 ], [ 105.406057758031437, 19.276055408970976 ], [ 105.406057758031437, 19.276055408970976 ], [ 107.5, 18.320908753269222 ], [ 107.5, 18.320908753269222 ], [ 110.0, 18.72746977629577 ], [ 111.25, 19.365232863995047 ] ] } },
{ "type": "Feature", "properties": { "fid": 14, "ID": 13, "ELEV": 101400.0 }, "geometry": { "type": "LineString", "coordinates": [ [ 180.0, 18.465670460770582 ], [ 175.625, 18.916639217096261 ], [ 165.898288016112787, 20.93380398671097 ], [ 165.898288016112787, 20.93380398671097 ], [ 158.398288016112787, 23.809963099630998 ], [ 158.398288016112787, 23.809963099630998 ], [ 155.139671361502337, 26.309963099630998 ], [ 155.139671361502337, 26.309963099630998 ], [ 153.738229411152986, 28.75 ], [ 153.738229411152986, 28.75 ], [ 154.043015968641697, 31.25 ], [ 154.043015968641697, 31.25 ], [ 155.726342586990626, 33.75 ], [ 155.726342586990626, 33.75 ], [ 161.531884667999577, 39.332767947189879 ], [ 161.531884667999577, 39.332767947189879 ], [ 170.0, 45.49811082487831 ], [ 170.0, 45.49811082487831 ], [ 176.875, 48.013363513611779 ], [ 180.0, 48.696041271846696 ] ] } },
{ "type": "Feature", "properties": { "fid": 15, "ID": 14, "ELEV": 100200.0 }, "geometry": { "type": "LineString", "coordinates": [ [ 56.25, 17.446118006899738 ], [ 61.25, 19.117892995733008 ], [ 70.0, 21.421270295363904 ], [ 70.0, 21.421270295363904 ], [ 76.25, 21.595473354412299 ], [ 76.25, 21.595473354412299 ], [ 81.25, 20.109232815131278 ], [ 81.25, 20.109232815131278 ], [ 85.0, 18.981464918520459 ], [ 85.0, 18.981464918520459 ], [ 87.695153493894168, 19.441269154720715 ], [ 87.695153493894168, 19.441269154720715 ], [ 89.965549809398453, 21.25 ], [ 89.965549809398453, 21.25 ], [ 89.115481480600863, 23.75 ], [ 89.115481480600863, 23.75 ], [ 85.595085165096577, 25.472631298793466 ], [ 85.595085165096577, 25.472631298793466 ], [ 80.0, 28.081661869992182 ], [ 80.0, 28.081661869992182 ], [ 73.75, 31.178281349417126 ], [ 73.75, 31.178281349417126 ], [ 67.5, 32.287257684099089 ], [ 67.5, 32.287257684099089 ], [ 60.0, 31.489230512802411 ], [ 60.0, 31.489230512802411 ], [ 55.0, 30.554834728275768 ], [ 55.0, 30.554834728275768 ], [ 50.0, 32.017977341150129 ], [ 50.0, 32.017977341150129 ], [ 45.0, 33.687317315917511 ], [ 45.0, 33.687317315917511 ], [ 43.02423567100773, 33.20295109612141 ], [ 43.02423567100773, 33.20295109612141 ], [ 43.930462558417403, 27.5 ], [ 43.930462558417403, 27.5 ], [ 46.258448979342148, 21.25 ], [ 46.258448979342148, 21.25 ], [ 47.852222091932475, 19.136886308550814 ], [ 47.852222091932475, 19.136886308550814 ], [ 50.0, 17.719974317690053 ], [ 50.0, 17.719974317690053 ], [ 53.75, 17.306147012589108 ], [ 56.25, 17.446118006899738 ] ] } },
{ "type": "Feature", "properties": { "fid": 16, "ID": 15, "ELEV": 101400.0 }, "geometry": { "type": "LineString", "coordinates": [ [ -180.0, 51.020274559593716 ], [ -176.094539939332662, 51.760137279796858 ], [ -167.969539939332662, 54.466646014043789 ], [ -167.969539939332662, 54.466646014043789 ], [ -158.75, 57.76252546363996 ], [ -158.75, 57.76252546363996 ], [ -151.25, 60.264140240474823 ], [ -151.25, 60.264140240474823 ], [ -147.5, 61.684128287218329 ], [ -147.5, 61.684128287218329 ], [ -143.75, 61.871433738224745 ], [ -143.75, 61.871433738224745 ], [ -136.25, 60.953655306621158 ], [ -136.25, 60.953655306621158 ], [ -128.75, 59.024125455657114 ], [ -128.75, 59.024125455657114 ], [ -122.421155364505651, 55.226036390921024 ], [ -122.421155364505651, 55.226036390921024 ], [ -117.663034476347761, 51.25 ], [ -117.663034476347761, 51.25 ], [ -116.229904779310885, 48.75 ], [ -116.229904779310885, 48.75 ], [ -115.574200496979003, 46.25 ], [ -115.574200496979003, 46.25 ], [ -117.086174829510227, 43.867153809295644 ], [ -117.086174829510227, 43.867153809295644 ], [ -120.055717054263567, 41.367153809295644 ], [ -120.055717054263567, 41.367153809295644 ], [ -121.460394923936434, 38.75 ], [ -121.460394923936434, 38.75 ], [ -120.090998127900349, 32.5 ], [ -120.090998127900349, 32.5 ], [ -118.628291858445948, 26.25 ], [ -118.628291858445948, 26.25 ], [ -119.365106468243056, 23.75 ], [ -119.365106468243056, 23.75 ], [ -122.222154475867725, 21.25 ], [ -122.222154475867725, 21.25 ], [ -126.549019607843135, 19.285402886349971 ], [ -126.549019607843135, 19.285402886349971 ], [ -132.5, 17.79676130764414 ], [ -132.5, 17.79676130764414 ], [ -141.25, 16.522865994193431 ], [ -141.25, 16.522865994193431 ], [ -151.25, 16.040046076153061 ], [ -151.25, 16.040046076153061 ], [ -163.75, 16.817320809982704 ], [ -163.75, 16.817320809982704 ], [ -175.625, 17.773760094898186 ], [ -180.0, 17.969955576338563 ] ] } },
{ "type": "Feature", "properties": { "fid": 17, "ID": 16, "ELEV": 101700.0 }, "geometry": { "type": "LineString", "coordinates": [ [ -36.110290776919584, 17.5 ], [ -41.180145388459792, 16.948716449330448 ], [ -50.0, 16.580325165691491 ], [ -50.0, 16.580325165691491 ], [ -57.5, 17.27382875096518 ], [ -57.5, 17.27382875096518 ], [ -71.25, 20.821045932993229 ], [ -71.25, 20.821045932993229 ], [ -82.585643305439334, 24.428825898389093 ], [ -82.585643305439334, 24.428825898389093 ], [ -84.787249208217119, 26.25 ], [ -84.787249208217119, 26.25 ], [ -84.47278541789629, 28.75 ], [ -84.47278541789629, 28.75 ], [ -77.27117951511849, 32.953791681606305 ], [ -77.27117951511849, 32.953791681606305 ], [ -60.836711133914832, 40.453791681606305 ], [ -60.836711133914832, 40.453791681606305 ], [ -45.836711133914832, 46.419931730483825 ], [ -45.836711133914832, 46.419931730483825 ], [ -36.25, 48.588482997275186 ], [ -36.25, 48.588482997275186 ], [ -26.25, 49.488119068735557 ], [ -26.25, 49.488119068735557 ], [ -13.75, 49.331661853144382 ], [ -13.75, 49.331661853144382 ], [ -3.05668500358766, 48.262094051200194 ], [ -3.05668500358766, 48.262094051200194 ], [ 0.441585557519176, 46.25 ], [ 0.441585557519176, 46.25 ], [ -0.251729438893165, 44.142626089252701 ], [ -0.251729438893165, 44.142626089252701 ], [ -3.75, 42.265485372826276 ], [ -3.75, 42.265485372826276 ], [ -6.927014659117361, 40.622859283573568 ], [ -6.927014659117361, 40.622859283573568 ], [ -8.609876371048827, 37.5 ], [ -8.609876371048827, 37.5 ], [ -10.579249140927601, 33.75 ], [ -10.579249140927601, 33.75 ], [ -13.896387428996135, 30.362956810631232 ], [ -13.896387428996135, 30.362956810631232 ], [ -21.25, 24.650084016961117 ], [ -21.25, 24.650084016961117 ], [ -28.75, 19.969399259279783 ], [ -28.75, 19.969399259279783 ], [ -33.680145388459792, 18.182272052949898 ], [ -36.110290776919584, 17.5 ] ] } },
{ "type": "Feature", "properties": { "fid": 18, "ID": 17, "ELEV": 100500.0 }, "geometry": { "type": "LineString", "coordinates": [ [ 88.75, 14.220242778464637 ], [ 91.651426481346022, 15.860121389232319 ], [ 95.389672446102423, 18.75 ], [ 95.389672446102423, 18.75 ], [ 96.786841442881098, 21.25 ], [ 96.786841442881098, 21.25 ], [ 96.627954030756257, 23.75 ], [ 96.627954030756257, 23.75 ], [ 94.829358552631561, 25.436844732900646 ], [ 94.829358552631561, 25.436844732900646 ], [ 88.75, 27.003779302427382 ], [ 88.75, 27.003779302427382 ], [ 78.75, 30.561943931931133 ], [ 78.75, 30.561943931931133 ], [ 70.129068133926481, 33.995009362404396 ], [ 70.129068133926481, 33.995009362404396 ], [ 65.129068133926481, 35.755025802973115 ], [ 65.129068133926481, 35.755025802973115 ], [ 62.5, 36.627500349584636 ], [ 62.5, 36.627500349584636 ], [ 57.5, 35.68588644335675 ], [ 57.5, 35.68588644335675 ], [ 48.75, 35.829096573630707 ], [ 48.75, 35.829096573630707 ], [ 42.5, 37.093876117431222 ], [ 42.5, 37.093876117431222 ], [ 40.0, 36.757630904273341 ], [ 40.0, 36.757630904273341 ], [ 37.84033972029512, 35.67943946372759 ], [ 37.84033972029512, 35.67943946372759 ], [ 37.589802647775812, 32.5 ], [ 37.589802647775812, 32.5 ], [ 37.952847933611366, 28.75 ], [ 37.952847933611366, 28.75 ], [ 36.919966096782218, 26.25 ], [ 36.919966096782218, 26.25 ], [ 36.027758621726605, 23.75 ], [ 36.027758621726605, 23.75 ], [ 36.078180251510332, 21.25 ], [ 36.078180251510332, 21.25 ], [ 42.517002720435272, 16.662143747979115 ], [ 42.517002720435272, 16.662143747979115 ], [ 50.0, 13.148336870591137 ], [ 50.0, 13.148336870591137 ], [ 52.5, 13.134039867456337 ], [ 52.5, 13.134039867456337 ], [ 61.25, 15.276748917725996 ], [ 61.25, 15.276748917725996 ], [ 71.25, 17.535869117352135 ], [ 71.25, 17.535869117352135 ], [ 75.0, 17.491033077097086 ], [ 75.0, 17.491033077097086 ], [ 78.75, 15.581783392060899 ], [ 78.75, 15.581783392060899 ], [ 82.5, 13.641780867783588 ], [ 82.5, 13.641780867783588 ], [ 86.25, 13.754184997581639 ], [ 88.75, 14.220242778464637 ] ] } },
{ "type": "Feature", "properties": { "fid": 19, "ID": 18, "ELEV": 101100.0 }, "geometry": { "type": "LineString", "coordinates": [ [ 180.0, 12.000704163365896 ], [ 171.875, 12.754281705689372 ], [ 160.0, 14.246506331363733 ], [ 160.0, 14.246506331363733 ], [ 153.75, 15.775110150211098 ], [ 153.75, 15.775110150211098 ], [ 148.75, 17.831997128560687 ], [ 148.75, 17.831997128560687 ], [ 143.711976360159923, 20.799463685706897 ], [ 143.711976360159923, 20.799463685706897 ], [ 139.961244510042832, 23.75 ], [ 139.961244510042832, 23.75 ], [ 138.507642758850579, 26.25 ], [ 138.507642758850579, 26.25 ], [ 139.083283534286437, 28.75 ], [ 139.083283534286437, 28.75 ], [ 143.094429584683269, 32.5 ], [ 143.094429584683269, 32.5 ], [ 148.517745430633113, 37.5 ], [ 148.517745430633113, 37.5 ], [ 151.448105690293545, 41.25 ], [ 151.448105690293545, 41.25 ], [ 152.491010079719302, 43.75 ], [ 152.491010079719302, 43.75 ], [ 153.003809130383701, 47.5 ], [ 153.003809130383701, 47.5 ], [ 153.462679969689333, 50.372096826954532 ], [ 153.462679969689333, 50.372096826954532 ], [ 155.0, 51.4168207962068 ], [ 155.0, 51.4168207962068 ], [ 158.75, 52.648379103180844 ], [ 158.75, 52.648379103180844 ], [ 162.5, 53.804804559215924 ], [ 162.5, 53.804804559215924 ], [ 165.099660729431719, 55.951149425287355 ], [ 165.099660729431719, 55.951149425287355 ], [ 168.640599975241798, 58.75 ], [ 168.640599975241798, 58.75 ], [ 175.41593924581008, 60.784562720848058 ], [ 180.0, 61.569125441696116 ] ] } },
{ "type": "Feature", "properties": { "fid": 20, "ID": 19, "ELEV": 101100.0 }, "geometry": { "type": "LineString", "coordinates": [ [ -91.25, 8.374233128834362 ], [ -91.068368745716242, 9.187116564417181 ], [ -94.818368745716242, 10.785291538798774 ], [ -94.818368745716242, 10.785291538798774 ], [ -99.551209372637942, 12.035291538798774 ], [ -99.551209372637942, 12.035291538798774 ], [ -104.551209372637942, 13.835590825993016 ], [ -104.551209372637942, 13.835590825993016 ], [ -110.221286701208982, 15.085590825993016 ], [ -110.221286701208982, 15.085590825993016 ], [ -115.825368333862045, 13.75 ], [ -115.825368333862045, 13.75 ], [ -120.604081632653063, 11.977377807133422 ], [ -120.604081632653063, 11.977377807133422 ], [ -123.16549295774648, 10.727377807133422 ], [ -123.16549295774648, 10.727377807133422 ], [ -124.41549295774648, 9.605592654424044 ], [ -124.41549295774648, 9.605592654424044 ], [ -122.5, 9.002828560280633 ], [ -122.5, 9.002828560280633 ], [ -111.25, 8.622034679333012 ], [ -111.25, 8.622034679333012 ], [ -97.5, 8.141116765108222 ], [ -97.5, 8.141116765108222 ], [ -92.5, 8.103434556048981 ], [ -91.25, 8.374233128834362 ] ] } },
{ "type": "Feature", "properties": { "fid": 21, "ID": 20, "ELEV": 101400.0 }, "geometry": { "type": "LineString", "coordinates": [ [ -38.037115761935894, 10.0 ], [ -42.143557880967947, 9.429056468906367 ], [ -51.25, 9.350955574120817 ], [ -51.25, 9.350955574120817 ], [ -58.75, 10.328633458755746 ], [ -58.75, 10.328633458755746 ], [ -66.481782822670255, 12.906734353541296 ], [ -66.481782822670255, 12.906734353541296 ], [ -73.981782822670255, 15.646560681629261 ], [ -73.981782822670255, 15.646560681629261 ], [ -81.25, 16.740804433424721 ], [ -81.25, 16.740804433424721 ], [ -90.0, 18.250490948853496 ], [ -90.0, 18.250490948853496 ], [ -96.25, 19.195022443044572 ], [ -96.25, 19.195022443044572 ], [ -100.276703202235112, 19.538775245986535 ], [ -100.276703202235112, 19.538775245986535 ], [ -102.776703202235112, 20.98451086956522 ], [ -102.776703202235112, 20.98451086956522 ], [ -103.973528873432784, 22.23451086956522 ], [ -103.973528873432784, 22.23451086956522 ], [ -104.032924121812925, 23.75 ], [ -104.032924121812925, 23.75 ], [ -102.213569897166849, 26.25 ], [ -102.213569897166849, 26.25 ], [ -99.22223035545629, 30.0 ], [ -99.22223035545629, 30.0 ], [ -95.203178036097555, 36.25 ], [ -95.203178036097555, 36.25 ], [ -91.885122329427986, 40.572932856698785 ], [ -91.885122329427986, 40.572932856698785 ], [ -88.75, 41.981155448060917 ], [ -88.75, 41.981155448060917 ], [ -83.75, 42.927400940271788 ], [ -83.75, 42.927400940271788 ], [ -77.5, 42.711275546808082 ], [ -77.5, 42.711275546808082 ], [ -71.25, 42.643601849206419 ], [ -71.25, 42.643601849206419 ], [ -65.0, 43.908573147124294 ], [ -65.0, 43.908573147124294 ], [ -52.5, 47.964918578909106 ], [ -52.5, 47.964918578909106 ], [ -38.75, 51.775893910997908 ], [ -38.75, 51.775893910997908 ], [ -26.25, 52.805374013298149 ], [ -26.25, 52.805374013298149 ], [ -8.75, 53.949108295947113 ], [ -8.75, 53.949108295947113 ], [ 3.75, 54.829317555603041 ], [ 3.75, 54.829317555603041 ], [ 12.5, 53.835560124517208 ], [ 12.5, 53.835560124517208 ], [ 20.0, 52.111511871415161 ], [ 20.0, 52.111511871415161 ], [ 21.946839080459768, 50.693491191946919 ], [ 21.946839080459768, 50.693491191946919 ], [ 23.03806484782649, 48.75 ], [ 23.03806484782649, 48.75 ], [ 22.938052900845946, 46.25 ], [ 22.938052900845946, 46.25 ], [ 19.03544720516382, 43.75 ], [ 19.03544720516382, 43.75 ], [ 14.903603093755919, 41.25 ], [ 14.903603093755919, 41.25 ], [ 15.339341338293096, 37.5 ], [ 15.339341338293096, 37.5 ], [ 16.563377949559438, 33.75 ], [ 16.563377949559438, 33.75 ], [ 16.439019633337665, 32.300446122168836 ], [ 16.439019633337665, 32.300446122168836 ], [ 15.0, 31.807672832595493 ], [ 15.0, 31.807672832595493 ], [ 11.25, 32.450940092738563 ], [ 11.25, 32.450940092738563 ], [ 6.25, 33.758187258021408 ], [ 6.25, 33.758187258021408 ], [ 1.25, 34.072152447138073 ], [ 1.25, 34.072152447138073 ], [ -2.5, 33.719075894784453 ], [ -2.5, 33.719075894784453 ], [ -6.25, 31.927788501479121 ], [ -6.25, 31.927788501479121 ], [ -11.877925322114123, 27.716391178123242 ], [ -11.877925322114123, 27.716391178123242 ], [ -16.367768857661758, 23.75 ], [ -16.367768857661758, 23.75 ], [ -19.489843535547635, 20.084659269339475 ], [ -19.489843535547635, 20.084659269339475 ], [ -23.75, 15.537200218520489 ], [ -23.75, 15.537200218520489 ], [ -28.75, 12.397973926642457 ], [ -28.75, 12.397973926642457 ], [ -34.643557880967947, 10.695432977461444 ], [ -38.037115761935894, 10.0 ] ] } },
{ "type": "Feature", "properties": { "fid": 22, "ID": 21, "ELEV": 100800.0 }, "geometry": { "type": "LineString", "coordinates": [ [ 86.25, 7.129028122061726 ], [ 92.5, 8.593121655967572 ], [ 103.75, 9.923933787731258 ], [ 103.75, 9.923933787731258 ], [ 111.25, 10.073419666132004 ], [ 111.25, 10.073419666132004 ], [ 118.75, 12.926414844025111 ], [ 118.75, 12.926414844025111 ], [ 125.0, 16.678713527550393 ], [ 125.0, 16.678713527550393 ], [ 126.489380375636273, 18.930392156862737 ], [ 126.489380375636273, 18.930392156862737 ], [ 126.64710115829098, 22.5 ], [ 126.64710115829098, 22.5 ], [ 126.776932605314812, 26.25 ], [ 126.776932605314812, 26.25 ], [ 127.869211822660105, 29.394015212169737 ], [ 127.869211822660105, 29.394015212169737 ], [ 130.0, 32.946965899316055 ], [ 130.0, 32.946965899316055 ], [ 133.75, 36.611150794924299 ], [ 133.75, 36.611150794924299 ], [ 137.580071776814748, 40.558200107777978 ], [ 137.580071776814748, 40.558200107777978 ], [ 139.887001414341398, 46.25 ], [ 139.887001414341398, 46.25 ], [ 140.910545111332908, 51.25 ], [ 140.910545111332908, 51.25 ], [ 140.267879083315336, 53.75 ], [ 140.267879083315336, 53.75 ], [ 139.440308408065903, 56.25 ], [ 139.440308408065903, 56.25 ], [ 141.526044798556825, 58.992745535714292 ], [ 141.526044798556825, 58.992745535714292 ], [ 148.812416107382546, 61.492745535714292 ], [ 148.812416107382546, 61.492745535714292 ], [ 156.428913936615544, 63.75 ], [ 156.428913936615544, 63.75 ], [ 157.616497829232998, 65.670875934686407 ], [ 157.616497829232998, 65.670875934686407 ], [ 155.0, 66.593436004044833 ], [ 155.0, 66.593436004044833 ], [ 146.25, 67.973245917468176 ], [ 146.25, 67.973245917468176 ], [ 136.25, 69.218192633685547 ], [ 136.25, 69.218192633685547 ], [ 127.5, 69.223566884345374 ], [ 127.5, 69.223566884345374 ], [ 115.0, 68.411730838001944 ], [ 115.0, 68.411730838001944 ], [ 97.5, 67.095808439269604 ], [ 97.5, 67.095808439269604 ], [ 84.582156308851239, 65.740137700037224 ], [ 84.582156308851239, 65.740137700037224 ], [ 81.705128860317245, 63.75 ], [ 81.705128860317245, 63.75 ], [ 77.36553082161484, 60.0 ], [ 77.36553082161484, 60.0 ], [ 73.37338925300844, 56.25 ], [ 73.37338925300844, 56.25 ], [ 71.880830982859607, 53.488736336976807 ], [ 71.880830982859607, 53.488736336976807 ], [ 69.784993593850103, 50.988736336976807 ], [ 69.784993593850103, 50.988736336976807 ], [ 66.034993593850103, 49.048087284482762 ], [ 66.034993593850103, 49.048087284482762 ], [ 58.299267846247716, 44.048087284482762 ], [ 58.299267846247716, 44.048087284482762 ], [ 52.049267846247716, 39.561390921700863 ], [ 52.049267846247716, 39.561390921700863 ], [ 50.0, 38.896406620023001 ], [ 50.0, 38.896406620023001 ], [ 45.0, 39.044032555432665 ], [ 45.0, 39.044032555432665 ], [ 40.0, 39.328431154471176 ], [ 40.0, 39.328431154471176 ], [ 35.464357429718874, 38.369414297360649 ], [ 35.464357429718874, 38.369414297360649 ], [ 30.953137494187004, 36.25 ], [ 30.953137494187004, 36.25 ], [ 30.422195097147863, 33.75 ], [ 30.422195097147863, 33.75 ], [ 31.344922709909383, 31.25 ], [ 31.344922709909383, 31.25 ], [ 30.84276937966375, 28.75 ], [ 30.84276937966375, 28.75 ], [ 28.96890804882085, 23.75 ], [ 28.96890804882085, 23.75 ], [ 27.849174701981241, 18.75 ], [ 27.849174701981241, 18.75 ], [ 28.31152835559449, 17.176885841064944 ], [ 28.31152835559449, 17.176885841064944 ], [ 30.0, 16.304332971821665 ], [ 30.0, 16.304332971821665 ], [ 35.0, 15.05288310697361 ], [ 35.0, 15.05288310697361 ], [ 43.75, 12.095504395018899 ], [ 43.75, 12.095504395018899 ], [ 51.25, 9.707319226460989 ], [ 51.25, 9.707319226460989 ], [ 60.0, 10.713360641096841 ], [ 60.0, 10.713360641096841 ], [ 68.75, 11.967776500104527 ], [ 68.75, 11.967776500104527 ], [ 72.5, 11.780034448666846 ], [ 72.5, 11.780034448666846 ], [ 77.5, 9.496897558675116 ], [ 77.5, 9.496897558675116 ], [ 83.75, 7.323043837705796 ], [ 86.25, 7.129028122061726 ] ] } },
{ "type": "Feature", "properties": { "fid": 23, "ID": 22, "ELEV": 101100.0 }, "geometry": { "type": "LineString", "coordinates": [ [ -81.25, 6.823465963566647 ], [ -80.0, 7.428490228160129 ], [ -77.758132309941516, 9.016757246376805 ], [ -77.758132309941516, 9.016757246376805 ], [ -77.758132309941516, 10.284043332635548 ], [ -77.758132309941516, 10.284043332635548 ], [ -80.575916230366488, 10.284043332635548 ], [ -80.575916230366488, 10.284043332635548 ], [ -83.075916230366488, 9.0879574970484 ], [ -83.075916230366488, 9.0879574970484 ], [ -84.557475317348377, 7.8379574970484 ], [ -84.557475317348377, 7.8379574970484 ], [ -83.307475317348377, 7.161732981783324 ], [ -81.25, 6.823465963566647 ] ] } },
{ "type": "Feature", "properties": { "fid": 24, "ID": 23, "ELEV": 101100.0 }, "geometry": { "type": "LineString", "coordinates": [ [ -180.0, 74.085051546391753 ], [ -179.375, 74.085051546391753 ], [ -178.409635666347071, 74.542525773195877 ], [ -178.409635666347071, 74.542525773195877 ], [ -173.207176649953624, 76.25 ], [ -173.207176649953624, 76.25 ], [ -158.547540983606552, 78.692488073097763 ], [ -158.547540983606552, 78.692488073097763 ], [ -138.75, 80.388437377272709 ], [ -138.75, 80.388437377272709 ], [ -125.0, 80.761616408026157 ], [ -125.0, 80.761616408026157 ], [ -117.5, 80.107752350693914 ], [ -117.5, 80.107752350693914 ], [ -111.25, 78.750465135110858 ], [ -111.25, 78.750465135110858 ], [ -106.770623017017584, 76.458379888268155 ], [ -106.770623017017584, 76.458379888268155 ], [ -102.980726208762249, 72.5 ], [ -102.980726208762249, 72.5 ], [ -101.210103191744651, 67.91364296081278 ], [ -101.210103191744651, 67.91364296081278 ], [ -101.498474280732353, 65.41364296081278 ], [ -101.498474280732353, 65.41364296081278 ], [ -102.748474280732353, 64.545409576573007 ], [ -102.748474280732353, 64.545409576573007 ], [ -108.75, 64.661552624701358 ], [ -108.75, 64.661552624701358 ], [ -117.5, 64.998698189921527 ], [ -117.5, 64.998698189921527 ], [ -122.2313229089104, 63.632555141793183 ], [ -122.2313229089104, 63.632555141793183 ], [ -121.893640322335642, 61.25 ], [ -121.893640322335642, 61.25 ], [ -118.412317413425242, 58.78889244558259 ], [ -118.412317413425242, 58.78889244558259 ], [ -111.25, 56.00358649597429 ], [ -111.25, 56.00358649597429 ], [ -90.0, 51.97913849483615 ], [ -90.0, 51.97913849483615 ], [ -70.0, 49.258130818759248 ], [ -70.0, 49.258130818759248 ], [ -63.547316791690712, 49.493686374314805 ], [ -63.547316791690712, 49.493686374314805 ], [ -57.442765394403573, 51.25 ], [ -57.442765394403573, 51.25 ], [ -50.145448602712861, 54.345791607057706 ], [ -50.145448602712861, 54.345791607057706 ], [ -45.0, 56.447726481998714 ], [ -45.0, 56.447726481998714 ], [ -33.75, 56.748623198770119 ], [ -33.75, 56.748623198770119 ], [ -20.0, 57.203579866760037 ], [ -20.0, 57.203579866760037 ], [ -12.467560029105016, 58.806891542930927 ], [ -12.467560029105016, 58.806891542930927 ], [ -6.925114091057083, 61.25 ], [ -6.925114091057083, 61.25 ], [ -4.646769327818276, 63.75 ], [ -4.646769327818276, 63.75 ], [ -5.18921526586621, 65.928236397748591 ], [ -5.18921526586621, 65.928236397748591 ], [ -7.202777777777783, 67.178236397748591 ], [ -7.202777777777783, 67.178236397748591 ], [ -10.952777777777783, 67.692931771410485 ], [ -10.952777777777783, 67.692931771410485 ], [ -20.0, 66.908580400900092 ], [ -20.0, 66.908580400900092 ], [ -35.0, 63.852785149943031 ], [ -35.0, 63.852785149943031 ], [ -45.0, 61.865099902861878 ], [ -45.0, 61.865099902861878 ], [ -46.827655310621253, 62.227963382408454 ], [ -46.827655310621253, 62.227963382408454 ], [ -48.099435024373591, 63.75 ], [ -48.099435024373591, 63.75 ], [ -48.32242476256684, 66.25 ], [ -48.32242476256684, 66.25 ], [ -55.27722732729552, 71.25 ], [ -55.27722732729552, 71.25 ], [ -64.258643347183309, 76.25 ], [ -64.258643347183309, 76.25 ], [ -65.147811597243532, 78.75 ], [ -65.147811597243532, 78.75 ], [ -64.115750528541241, 80.25844039438303 ], [ -64.115750528541241, 80.25844039438303 ], [ -61.25, 81.376974506773479 ], [ -61.25, 81.376974506773479 ], [ -53.75, 82.557348097765214 ], [ -53.75, 82.557348097765214 ], [ -26.25, 82.515215767773583 ], [ -26.25, 82.515215767773583 ], [ 13.75, 82.669152548934079 ], [ 13.75, 82.669152548934079 ], [ 38.785594639866019, 82.842750766535261 ], [ 38.785594639866019, 82.842750766535261 ], [ 60.035594639866019, 81.115690227703993 ], [ 60.035594639866019, 81.115690227703993 ], [ 77.464532208588963, 78.615690227703993 ], [ 77.464532208588963, 78.615690227703993 ], [ 80.028267900576481, 76.25 ], [ 80.028267900576481, 76.25 ], [ 76.313735691987517, 73.88366499015963 ], [ 76.313735691987517, 73.88366499015963 ], [ 70.0, 70.30469446662245 ], [ 70.0, 70.30469446662245 ], [ 62.776612903225811, 66.42102947646282 ], [ 62.776612903225811, 66.42102947646282 ], [ 57.821422962080817, 63.75 ], [ 57.821422962080817, 63.75 ], [ 55.327848779393719, 61.25 ], [ 55.327848779393719, 61.25 ], [ 53.079925730531016, 57.5 ], [ 53.079925730531016, 57.5 ], [ 48.931785720857874, 51.25 ], [ 48.931785720857874, 51.25 ], [ 46.348330697205924, 46.25 ], [ 46.348330697205924, 46.25 ], [ 46.014330189933176, 45.0 ], [ 46.014330189933176, 45.0 ], [ 44.550898203592823, 45.650535019455255 ], [ 44.550898203592823, 45.650535019455255 ], [ 42.5, 46.447589484071777 ], [ 42.5, 46.447589484071777 ], [ 40.0, 46.211739779301837 ], [ 40.0, 46.211739779301837 ], [ 37.154658981748341, 44.164685314685315 ], [ 37.154658981748341, 44.164685314685315 ], [ 30.904658981748341, 41.011548390640449 ], [ 30.904658981748341, 41.011548390640449 ], [ 25.0, 38.55953814231566 ], [ 25.0, 38.55953814231566 ], [ 23.70677971206554, 36.297989751675203 ], [ 23.70677971206554, 36.297989751675203 ], [ 24.001964920230847, 33.75 ], [ 24.001964920230847, 33.75 ], [ 24.087220437690988, 31.25 ], [ 24.087220437690988, 31.25 ], [ 22.542035229525681, 27.112590799031473 ], [ 22.542035229525681, 27.112590799031473 ], [ 20.494000979431917, 23.362590799031473 ], [ 20.494000979431917, 23.362590799031473 ], [ 16.744000979431917, 22.016440217391306 ], [ 16.744000979431917, 22.016440217391306 ], [ 11.25, 21.784112258854016 ], [ 11.25, 21.784112258854016 ], [ 5.88754953764861, 24.76767204146271 ], [ 5.88754953764861, 24.76767204146271 ], [ 0.88754953764861, 28.036628356190842 ], [ 0.88754953764861, 28.036628356190842 ], [ -2.5, 28.476162687385898 ], [ -2.5, 28.476162687385898 ], [ -5.025921441005067, 27.939534331195055 ], [ -5.025921441005067, 27.939534331195055 ], [ -9.081412052534247, 25.0 ], [ -9.081412052534247, 25.0 ], [ -12.517799064322048, 21.25 ], [ -12.517799064322048, 21.25 ], [ -12.768524804364162, 18.75 ], [ -12.768524804364162, 18.75 ], [ -10.556216351571294, 16.450993568205817 ], [ -10.556216351571294, 16.450993568205817 ], [ -6.25, 14.693358740395546 ], [ -6.25, 14.693358740395546 ], [ 1.25, 13.537552965616953 ], [ 1.25, 13.537552965616953 ], [ 11.25, 11.879991659899069 ], [ 11.25, 11.879991659899069 ], [ 20.0, 10.923592219167702 ], [ 20.0, 10.923592219167702 ], [ 26.25, 10.94169801585798 ], [ 26.25, 10.94169801585798 ], [ 31.25, 11.359011358077375 ], [ 31.25, 11.359011358077375 ], [ 35.0, 12.091198538530747 ], [ 35.0, 12.091198538530747 ], [ 37.5, 11.859565059525984 ], [ 37.5, 11.859565059525984 ], [ 43.75, 8.925376824798946 ], [ 43.75, 8.925376824798946 ], [ 51.237662628981596, 5.650908608888457 ], [ 51.237662628981596, 5.650908608888457 ], [ 54.987662628981596, 4.334286144125173 ], [ 54.987662628981596, 4.334286144125173 ], [ 57.065742491073308, 3.084286144125173 ], [ 57.065742491073308, 3.084286144125173 ], [ 59.565742491073308, 0.182121661721069 ], [ 59.565742491073308, 0.182121661721069 ], [ 62.5, -2.856310280823394 ], [ 62.5, -2.856310280823394 ], [ 66.088042729152292, -4.288431942544463 ], [ 66.088042729152292, -4.288431942544463 ], [ 76.088042729152292, -6.568045462227481 ], [ 76.088042729152292, -6.568045462227481 ], [ 87.5, -8.563327660679526 ], [ 87.5, -8.563327660679526 ], [ 96.25, -8.85974219127587 ], [ 96.25, -8.85974219127587 ], [ 108.75, -7.800377828785059 ], [ 108.75, -7.800377828785059 ], [ 120.0, -5.900854215371304 ], [ 120.0, -5.900854215371304 ], [ 125.0, -4.846926455848312 ], [ 125.0, -4.846926455848312 ], [ 130.0, -5.188149905112731 ], [ 130.0, -5.188149905112731 ], [ 138.75, -5.620911786899036 ], [ 138.75, -5.620911786899036 ], [ 149.70576773187841, -7.814751958224548 ], [ 149.70576773187841, -7.814751958224548 ], [ 158.45576773187841, -10.535077620144094 ], [ 158.45576773187841, -10.535077620144094 ], [ 166.25, -11.406678539332141 ], [ 166.25, -11.406678539332141 ], [ 175.625, -11.708987365043832 ], [ 180.0, -11.674772891711569 ] ] } },
{ "type": "Feature", "properties": { "fid": 25, "ID": 24, "ELEV": 101100.0 }, "geometry": { "type": "LineString", "coordinates": [ [ -180.0, -11.323478486711096 ], [ -171.875, -10.522193962987693 ], [ -157.991831177671884, -8.610454719632145 ], [ -157.991831177671884, -8.610454719632145 ], [ -147.582911579681934, -6.25 ], [ -147.582911579681934, -6.25 ], [ -140.243143570629513, -3.75 ], [ -140.243143570629513, -3.75 ], [ -136.1278346900055, -1.25 ], [ -136.1278346900055, -1.25 ], [ -133.906078426756892, 1.25 ], [ -133.906078426756892, 1.25 ], [ -132.737019868333789, 3.75 ], [ -132.737019868333789, 3.75 ], [ -133.228906840513986, 6.25 ], [ -133.228906840513986, 6.25 ], [ -135.172193877551024, 7.689179104477617 ], [ -135.172193877551024, 7.689179104477617 ], [ -151.25, 9.431609305028147 ], [ -151.25, 9.431609305028147 ], [ -173.125, 11.284275874882937 ], [ -180.0, 11.583691348664814 ] ] } },
{ "type": "Feature", "properties": { "fid": 26, "ID": 25, "ELEV": 101400.0 }, "geometry": { "type": "LineString", "coordinates": [ [ -180.0, -17.614421819540453 ], [ -174.375, -17.620579136776612 ], [ -160.0, -17.03701424176959 ], [ -160.0, -17.03701424176959 ], [ -145.0, -15.279860193926268 ], [ -145.0, -15.279860193926268 ], [ -127.5, -11.524886580723901 ], [ -127.5, -11.524886580723901 ], [ -107.5, -7.888812997372455 ], [ -107.5, -7.888812997372455 ], [ -95.0, -6.981991806884281 ], [ -95.0, -6.981991806884281 ], [ -86.25, -8.536618732052482 ], [ -86.25, -8.536618732052482 ], [ -78.75, -9.096541180807748 ], [ -78.75, -9.096541180807748 ], [ -75.0, -8.255758914794136 ], [ -75.0, -8.255758914794136 ], [ -68.75, -10.305828689309635 ], [ -68.75, -10.305828689309635 ], [ -62.5, -12.36576486623558 ], [ -62.5, -12.36576486623558 ], [ -57.006041222459132, -11.19392143189215 ], [ -57.006041222459132, -11.19392143189215 ], [ -48.256041222459132, -8.127917833800183 ], [ -48.256041222459132, -8.127917833800183 ], [ -37.176143024618995, -4.377917833800183 ], [ -37.176143024618995, -4.377917833800183 ], [ -24.676143024618995, 0.61341537526588 ], [ -24.676143024618995, 0.61341537526588 ], [ -15.0, 4.813333385651234 ], [ -15.0, 4.813333385651234 ], [ -8.75, 5.611641828735678 ], [ -8.75, 5.611641828735678 ], [ 0.0, 3.692355366662312 ], [ 0.0, 3.692355366662312 ], [ 7.5, 1.248685631026731 ], [ 7.5, 1.248685631026731 ], [ 10.552573278800267, -2.281945917285256 ], [ 10.552573278800267, -2.281945917285256 ], [ 13.052573278800267, -5.634496124031003 ], [ 13.052573278800267, -5.634496124031003 ], [ 15.0, -6.755261235759974 ], [ 15.0, -6.755261235759974 ], [ 18.75, -7.325778403256479 ], [ 18.75, -7.325778403256479 ], [ 22.5, -7.238476546907606 ], [ 22.5, -7.238476546907606 ], [ 25.798186883002643, -6.033463255380099 ], [ 25.798186883002643, -6.033463255380099 ], [ 29.548186883002643, -2.500492190576189 ], [ 29.548186883002643, -2.500492190576189 ], [ 33.192232055063911, 1.249507809423811 ], [ 33.192232055063911, 1.249507809423811 ], [ 35.692232055063911, 4.332149474984561 ], [ 35.692232055063911, 4.332149474984561 ], [ 36.876811594202906, 6.832149474984561 ], [ 36.876811594202906, 6.832149474984561 ], [ 38.126811594202906, 7.556270938023452 ], [ 38.126811594202906, 7.556270938023452 ], [ 40.084741173922467, 6.306270938023452 ], [ 40.084741173922467, 6.306270938023452 ], [ 41.966982389497019, 3.75 ], [ 41.966982389497019, 3.75 ], [ 44.382241215574552, 0.625858516483511 ], [ 44.382241215574552, 0.625858516483511 ], [ 47.63402366863906, -3.124141483516489 ], [ 47.63402366863906, -3.124141483516489 ], [ 50.409520230900327, -6.25 ], [ 50.409520230900327, -6.25 ], [ 54.182826160767348, -8.75 ], [ 54.182826160767348, -8.75 ], [ 60.157329598506081, -10.858970389551899 ], [ 60.157329598506081, -10.858970389551899 ], [ 75.0, -12.942911330127913 ], [ 75.0, -12.942911330127913 ], [ 93.75, -14.596344217772192 ], [ 93.75, -14.596344217772192 ], [ 110.0, -14.997882084103551 ], [ 110.0, -14.997882084103551 ], [ 126.25, -14.19423379004138 ], [ 126.25, -14.19423379004138 ], [ 138.75, -13.487040946326864 ], [ 138.75, -13.487040946326864 ], [ 146.25, -13.809800010510138 ], [ 146.25, -13.809800010510138 ], [ 155.0, -15.31962112748112 ], [ 155.0, -15.31962112748112 ], [ 170.625, -17.157691352640683 ], [ 180.0, -17.739168544953685 ] ] } },
{ "type": "Feature", "properties": { "fid": 27, "ID": 26, "ELEV": 101700.0 }, "geometry": { "type": "LineString", "coordinates": [ [ -180.0, -25.982325445515627 ], [ -178.125, -26.079944873362088 ], [ -173.785410764872523, -26.838782150604274 ], [ -173.785410764872523, -26.838782150604274 ], [ -173.785410764872523, -28.406050955414017 ], [ -173.785410764872523, -28.406050955414017 ], [ -178.125, -29.629555430213827 ], [ -180.0, -29.947008949599621 ] ] } },
{ "type": "Feature", "properties": { "fid": 28, "ID": 27, "ELEV": 102300.0 }, "geometry": { "type": "LineString", "coordinates": [ [ 9.15480735855607, -32.5 ], [ 7.702403679278035, -33.016182199580456 ], [ 3.75, -33.747878654660326 ], [ 3.75, -33.747878654660326 ], [ -5.0, -33.433889862738624 ], [ -5.0, -33.433889862738624 ], [ -18.232796167247386, -31.452193407658754 ], [ -18.232796167247386, -31.452193407658754 ], [ -27.152699079868739, -28.75 ], [ -27.152699079868739, -28.75 ], [ -28.748541056640633, -26.25 ], [ -28.748541056640633, -26.25 ], [ -26.07863814401928, -24.151197604790426 ], [ -26.07863814401928, -24.151197604790426 ], [ -20.0, -22.662774821970444 ], [ -20.0, -22.662774821970444 ], [ -12.5, -22.01696412597525 ], [ -12.5, -22.01696412597525 ], [ -5.0, -22.880478296424997 ], [ -5.0, -22.880478296424997 ], [ 0.446338595901921, -24.375091387629766 ], [ 0.446338595901921, -24.375091387629766 ], [ 4.196338595901921, -26.130325240494727 ], [ 4.196338595901921, -26.130325240494727 ], [ 7.745025544501217, -28.630325240494727 ], [ 7.745025544501217, -28.630325240494727 ], [ 9.197429223779253, -31.25 ], [ 9.15480735855607, -32.5 ] ] } },
{ "type": "Feature", "properties": { "fid": 29, "ID": 28, "ELEV": 102000.0 }, "geometry": { "type": "LineString", "coordinates": [ [ -83.66637772792167, -35.0 ], [ -87.458188863960828, -35.378639873476615 ], [ -96.25, -35.285863254162138 ], [ -96.25, -35.285863254162138 ], [ -105.231192067255876, -33.657223380685522 ], [ -105.231192067255876, -33.657223380685522 ], [ -111.978393165692722, -31.25 ], [ -111.978393165692722, -31.25 ], [ -115.80207267559669, -28.75 ], [ -115.80207267559669, -28.75 ], [ -116.360688842716371, -26.25 ], [ -116.360688842716371, -26.25 ], [ -114.805817265556527, -24.333044982698965 ], [ -114.805817265556527, -24.333044982698965 ], [ -112.696084563422573, -23.083044982698965 ], [ -112.696084563422573, -23.083044982698965 ], [ -108.946084563422573, -21.700548996945429 ], [ -108.946084563422573, -21.700548996945429 ], [ -102.5, -20.298938653714153 ], [ -102.5, -20.298938653714153 ], [ -93.75, -19.963283741647409 ], [ -93.75, -19.963283741647409 ], [ -85.782904689863841, -21.364894084878685 ], [ -85.782904689863841, -21.364894084878685 ], [ -81.428772350951348, -23.75 ], [ -81.428772350951348, -23.75 ], [ -79.286486910259384, -26.25 ], [ -79.286486910259384, -26.25 ], [ -78.313925799780066, -28.75 ], [ -78.313925799780066, -28.75 ], [ -78.699989483541131, -31.25 ], [ -78.699989483541131, -31.25 ], [ -81.484871796893771, -33.75 ], [ -83.66637772792167, -35.0 ] ] } },
{ "type": "Feature", "properties": { "fid": 30, "ID": 29, "ELEV": 102000.0 }, "geometry": { "type": "LineString", "coordinates": [ [ 149.427140849312309, -35.0 ], [ 147.838570424656155, -35.539995944644396 ], [ 143.75, -35.962121039918792 ], [ 143.75, -35.962121039918792 ], [ 127.752431350114392, -32.922125095274396 ], [ 127.752431350114392, -32.922125095274396 ], [ 115.44182528950833, -28.75 ], [ 115.44182528950833, -28.75 ], [ 120.573608125763911, -26.25 ], [ 120.573608125763911, -26.25 ], [ 129.134214186369974, -24.0341334748408 ], [ 129.134214186369974, -24.0341334748408 ], [ 141.25, -23.902031003809114 ], [ 141.25, -23.902031003809114 ], [ 150.0, -25.2376642753798 ], [ 150.0, -25.2376642753798 ], [ 152.215715223097135, -26.619766746411486 ], [ 152.215715223097135, -26.619766746411486 ], [ 153.319087266566129, -28.75 ], [ 153.319087266566129, -28.75 ], [ 152.80243462962838, -31.25 ], [ 152.80243462962838, -31.25 ], [ 150.78763301081554, -33.75 ], [ 149.427140849312309, -35.0 ] ] } },
{ "type": "Feature", "properties": { "fid": 31, "ID": 30, "ELEV": 102300.0 }, "geometry": { "type": "LineString", "coordinates": [ [ 71.923168980373418, -35.0 ], [ 66.586584490186709, -35.4530269532139 ], [ 55.0, -35.784410657296412 ], [ 55.0, -35.784410657296412 ], [ 46.030071221313648, -35.331383704082512 ], [ 46.030071221313648, -35.331383704082512 ], [ 42.280071221313648, -34.63080268507138 ], [ 42.280071221313648, -34.63080268507138 ], [ 39.216000827985908, -33.38080268507138 ], [ 39.216000827985908, -33.38080268507138 ], [ 36.716000827985908, -31.788479772439956 ], [ 36.716000827985908, -31.788479772439956 ], [ 35.0, -30.599043712074582 ], [ 35.0, -30.599043712074582 ], [ 30.0, -30.84007949397202 ], [ 30.0, -30.84007949397202 ], [ 25.0, -31.397734177819174 ], [ 25.0, -31.397734177819174 ], [ 22.719079125033744, -30.618218623481781 ], [ 22.719079125033744, -30.618218623481781 ], [ 21.949772778010754, -28.75 ], [ 21.949772778010754, -28.75 ], [ 22.98069365297701, -26.576433121019107 ], [ 22.98069365297701, -26.576433121019107 ], [ 25.0, -24.899539712884469 ], [ 25.0, -24.899539712884469 ], [ 27.5, -23.866620130441028 ], [ 27.5, -23.866620130441028 ], [ 30.0, -23.776181280111075 ], [ 30.0, -23.776181280111075 ], [ 32.130753800675677, -24.482667741535408 ], [ 32.130753800675677, -24.482667741535408 ], [ 34.630753800675677, -26.573545405111467 ], [ 34.630753800675677, -26.573545405111467 ], [ 40.0, -27.652679903282937 ], [ 40.0, -27.652679903282937 ], [ 47.5, -25.763129467921999 ], [ 47.5, -25.763129467921999 ], [ 52.5, -24.177542786614588 ], [ 52.5, -24.177542786614588 ], [ 58.75, -24.00065906115892 ], [ 58.75, -24.00065906115892 ], [ 70.216142684401461, -24.507111244294862 ], [ 70.216142684401461, -24.507111244294862 ], [ 80.216142684401461, -25.665640034990524 ], [ 80.216142684401461, -25.665640034990524 ], [ 86.029594370860934, -26.915640034990524 ], [ 86.029594370860934, -26.915640034990524 ], [ 89.074615310832996, -28.75 ], [ 89.074615310832996, -28.75 ], [ 87.169722481105111, -31.25 ], [ 87.169722481105111, -31.25 ], [ 78.211286031319759, -33.75 ], [ 71.923168980373418, -35.0 ] ] } },
{ "type": "Feature", "properties": { "fid": 32, "ID": 31, "ELEV": 102000.0 }, "geometry": { "type": "LineString", "coordinates": [ [ 73.85304473902238, -37.5 ], [ 62.55152236951119, -38.323404986845247 ], [ 46.25, -38.913695612160595 ], [ 46.25, -38.913695612160595 ], [ 33.75, -37.629856621057556 ], [ 33.75, -37.629856621057556 ], [ 22.5, -36.662397706028266 ], [ 22.5, -36.662397706028266 ], [ 13.75, -37.340274494531478 ], [ 13.75, -37.340274494531478 ], [ 2.483108108108098, -37.717442784245421 ], [ 2.483108108108098, -37.717442784245421 ], [ -15.016891891891902, -36.385046417871798 ], [ -15.016891891891902, -36.385046417871798 ], [ -30.0, -34.628869757305544 ], [ -30.0, -34.628869757305544 ], [ -36.439252336448604, -33.243823339433746 ], [ -36.439252336448604, -33.243823339433746 ], [ -41.288086392847745, -31.25 ], [ -41.288086392847745, -31.25 ], [ -44.737626468902477, -28.75 ], [ -44.737626468902477, -28.75 ], [ -45.85763920783333, -26.25 ], [ -45.85763920783333, -26.25 ], [ -43.778744296931535, -22.5 ], [ -43.778744296931535, -22.5 ], [ -40.30989750160154, -19.241717635066266 ], [ -40.30989750160154, -19.241717635066266 ], [ -37.5, -18.207320933677373 ], [ -37.5, -18.207320933677373 ], [ -26.25, -16.920449891862383 ], [ -26.25, -16.920449891862383 ], [ -11.25, -15.961958733509299 ], [ -11.25, -15.961958733509299 ], [ -2.5, -17.144602240574812 ], [ -2.5, -17.144602240574812 ], [ 6.25, -21.055648668091727 ], [ 6.25, -21.055648668091727 ], [ 12.5, -24.14210504684246 ], [ 12.5, -24.14210504684246 ], [ 15.0, -24.084680848898813 ], [ 15.0, -24.084680848898813 ], [ 18.75, -21.776606174486005 ], [ 18.75, -21.776606174486005 ], [ 26.25, -17.613169989757779 ], [ 26.25, -17.613169989757779 ], [ 32.5, -15.132845238031919 ], [ 32.5, -15.132845238031919 ], [ 35.0, -15.113249373245779 ], [ 35.0, -15.113249373245779 ], [ 38.75, -16.897655892122344 ], [ 38.75, -16.897655892122344 ], [ 42.5, -18.596452372764645 ], [ 42.5, -18.596452372764645 ], [ 47.5, -18.552014103894891 ], [ 47.5, -18.552014103894891 ], [ 56.25, -19.045089805640785 ], [ 56.25, -19.045089805640785 ], [ 75.0, -20.852947932814402 ], [ 75.0, -20.852947932814402 ], [ 93.75, -22.685046499537492 ], [ 93.75, -22.685046499537492 ], [ 102.205769651850233, -24.20167306942821 ], [ 102.205769651850233, -24.20167306942821 ], [ 108.231267816506744, -26.25 ], [ 108.231267816506744, -26.25 ], [ 111.025498164656511, -28.245862369337978 ], [ 111.025498164656511, -28.245862369337978 ], [ 111.959252450980415, -29.495862369337978 ], [ 111.959252450980415, -29.495862369337978 ], [ 111.959252450980415, -30.062880269448073 ], [ 111.959252450980415, -30.062880269448073 ], [ 107.5, -31.484954117807987 ], [ 107.5, -31.484954117807987 ], [ 97.950620475698031, -33.922073848359915 ], [ 97.950620475698031, -33.922073848359915 ], [ 83.002142845209221, -36.25 ], [ 73.85304473902238, -37.5 ] ] } },
{ "type": "Feature", "properties": { "fid": 33, "ID": 32, "ELEV": 101700.0 }, "geometry": { "type": "LineString", "coordinates": [ [ 180.0, -30.216462431473715 ], [ 176.875, -30.370861230595693 ], [ 171.25, -30.960211731574226 ], [ 171.25, -30.960211731574226 ], [ 166.25, -32.351444061484926 ], [ 166.25, -32.351444061484926 ], [ 158.75, -35.84194012608927 ], [ 158.75, -35.84194012608927 ], [ 151.25, -39.148688398474548 ], [ 151.25, -39.148688398474548 ], [ 147.5, -40.051912782927118 ], [ 147.5, -40.051912782927118 ], [ 143.75, -39.98941247284742 ], [ 143.75, -39.98941247284742 ], [ 132.5, -38.126088587022451 ], [ 132.5, -38.126088587022451 ], [ 118.75, -36.090224745835471 ], [ 118.75, -36.090224745835471 ], [ 82.5, -38.660543668519836 ], [ 82.5, -38.660543668519836 ], [ 47.5, -41.58520519318968 ], [ 47.5, -41.58520519318968 ], [ 33.75, -40.952334083630319 ], [ 33.75, -40.952334083630319 ], [ 13.75, -40.425303469343376 ], [ 13.75, -40.425303469343376 ], [ -21.25, -38.89959548012051 ], [ -21.25, -38.89959548012051 ], [ -51.25, -38.348419958343058 ], [ -51.25, -38.348419958343058 ], [ -63.75, -40.432594565322987 ], [ -63.75, -40.432594565322987 ], [ -75.0, -40.492497002939956 ], [ -75.0, -40.492497002939956 ], [ -86.25, -39.581880167073152 ], [ -86.25, -39.581880167073152 ], [ -98.75, -39.101801026097533 ], [ -98.75, -39.101801026097533 ], [ -113.316205533596843, -36.788525151134934 ], [ -113.316205533596843, -36.788525151134934 ], [ -130.816205533596843, -33.106378514477548 ], [ -130.816205533596843, -33.106378514477548 ], [ -142.341749644381224, -30.606378514477548 ], [ -142.341749644381224, -30.606378514477548 ], [ -150.057485684990354, -28.75 ], [ -150.057485684990354, -28.75 ], [ -152.070969474344054, -26.25 ], [ -152.070969474344054, -26.25 ], [ -135.947182198602263, -21.25 ], [ -135.947182198602263, -21.25 ], [ -116.59194876486734, -16.314295879642188 ], [ -116.59194876486734, -16.314295879642188 ], [ -106.25, -14.475700301765052 ], [ -106.25, -14.475700301765052 ], [ -97.5, -13.757896718572532 ], [ -97.5, -13.757896718572532 ], [ -90.0, -14.326280947815256 ], [ -90.0, -14.326280947815256 ], [ -83.319591029023741, -16.229788651365588 ], [ -83.319591029023741, -16.229788651365588 ], [ -77.069591029023741, -19.468883404482391 ], [ -77.069591029023741, -19.468883404482391 ], [ -71.25, -19.518274957810952 ], [ -71.25, -19.518274957810952 ], [ -67.5, -18.06037471079609 ], [ -67.5, -18.06037471079609 ], [ -65.373706689124162, -19.260983157467528 ], [ -65.373706689124162, -19.260983157467528 ], [ -62.873706689124162, -22.244998213647733 ], [ -62.873706689124162, -22.244998213647733 ], [ -60.0, -24.829723503542816 ], [ -60.0, -24.829723503542816 ], [ -57.5, -24.366814657391068 ], [ -57.5, -24.366814657391068 ], [ -51.25, -19.095992863800703 ], [ -51.25, -19.095992863800703 ], [ -43.75, -13.202890634568391 ], [ -43.75, -13.202890634568391 ], [ -40.0, -11.474028862424262 ], [ -40.0, -11.474028862424262 ], [ -33.75, -11.235028806767325 ], [ -33.75, -11.235028806767325 ], [ -20.0, -10.315756035094871 ], [ -20.0, -10.315756035094871 ], [ -8.75, -9.28804503169934 ], [ -8.75, -9.28804503169934 ], [ -2.5, -10.098722650464168 ], [ -2.5, -10.098722650464168 ], [ 2.5, -11.577566563358744 ], [ 2.5, -11.577566563358744 ], [ 6.25, -14.129982543265399 ], [ 6.25, -14.129982543265399 ], [ 10.0, -16.731754117424678 ], [ 10.0, -16.731754117424678 ], [ 12.5, -17.228041555551535 ], [ 12.5, -17.228041555551535 ], [ 16.25, -15.147689091301885 ], [ 16.25, -15.147689091301885 ], [ 22.5, -12.26116818088672 ], [ 22.5, -12.26116818088672 ], [ 27.5, -10.717319846961637 ], [ 27.5, -10.717319846961637 ], [ 32.5, -8.003271909722912 ], [ 32.5, -8.003271909722912 ], [ 37.5, -6.073877484924779 ], [ 37.5, -6.073877484924779 ], [ 41.25, -8.226612223614403 ], [ 41.25, -8.226612223614403 ], [ 45.997001499250388, -11.32731588032221 ], [ 45.997001499250388, -11.32731588032221 ], [ 54.747001499250388, -14.148332224255533 ], [ 54.747001499250388, -14.148332224255533 ], [ 82.5, -17.634646052390927 ], [ 82.5, -17.634646052390927 ], [ 110.0, -20.242391979718732 ], [ 110.0, -20.242391979718732 ], [ 120.0, -20.707589344772835 ], [ 120.0, -20.707589344772835 ], [ 128.75, -19.446851824692253 ], [ 128.75, -19.446851824692253 ], [ 140.0, -18.579587756402461 ], [ 140.0, -18.579587756402461 ], [ 148.75, -19.033822818186565 ], [ 148.75, -19.033822818186565 ], [ 162.5, -22.008595799340767 ], [ 162.5, -22.008595799340767 ], [ 176.875, -25.046241230030191 ], [ 180.0, -25.474442247952567 ] ] } },
{ "type": "Feature", "properties": { "fid": 34, "ID": 33, "ELEV": 101400.0 }, "geometry": { "type": "LineString", "coordinates": [ [ 180.0, -42.458214323495184 ], [ 173.125, -42.539890350444438 ], [ 157.5, -43.217855645219359 ], [ 157.5, -43.217855645219359 ], [ 145.0, -43.382210073778026 ], [ 145.0, -43.382210073778026 ], [ 131.25, -41.069887315598606 ], [ 131.25, -41.069887315598606 ], [ 116.25, -38.930992751039682 ], [ 116.25, -38.930992751039682 ], [ 102.5, -39.027561907219322 ], [ 102.5, -39.027561907219322 ], [ 72.5, -41.476689269468949 ], [ 72.5, -41.476689269468949 ], [ 30.0, -43.230818660331181 ], [ 30.0, -43.230818660331181 ], [ -6.25, -42.274541991145384 ], [ -6.25, -42.274541991145384 ], [ -30.0, -41.563470393329922 ], [ -30.0, -41.563470393329922 ], [ -42.5, -41.61347049105872 ], [ -42.5, -41.61347049105872 ], [ -58.75, -43.188539896850486 ], [ -58.75, -43.188539896850486 ], [ -75.0, -43.912372390394566 ], [ -75.0, -43.912372390394566 ], [ -88.75, -42.885433952874251 ], [ -88.75, -42.885433952874251 ], [ -117.5, -40.26321026846432 ], [ -117.5, -40.26321026846432 ], [ -142.5, -37.517264037024646 ], [ -142.5, -37.517264037024646 ], [ -157.5, -37.595326324640311 ], [ -157.5, -37.595326324640311 ], [ -173.125, -39.382834455796328 ], [ -180.0, -40.648139031114596 ] ] } },
{ "type": "Feature", "properties": { "fid": 35, "ID": 34, "ELEV": 101100.0 }, "geometry": { "type": "LineString", "coordinates": [ [ 180.0, -47.465982161377298 ], [ 174.375, -47.570684949365258 ], [ 160.0, -47.334469654906002 ], [ 160.0, -47.334469654906002 ], [ 147.5, -46.501171485472327 ], [ 147.5, -46.501171485472327 ], [ 132.5, -43.848705304097152 ], [ 132.5, -43.848705304097152 ], [ 112.5, -41.262970231320125 ], [ 112.5, -41.262970231320125 ], [ 96.25, -41.180588214519318 ], [ 96.25, -41.180588214519318 ], [ 70.0, -43.407450495726437 ], [ 70.0, -43.407450495726437 ], [ 13.75, -44.719339727118907 ], [ 13.75, -44.719339727118907 ], [ -33.75, -44.426679087183658 ], [ -33.75, -44.426679087183658 ], [ -53.75, -45.516517507179373 ], [ -53.75, -45.516517507179373 ], [ -67.5, -46.905414460205378 ], [ -67.5, -46.905414460205378 ], [ -76.25, -46.822547002114277 ], [ -76.25, -46.822547002114277 ], [ -88.75, -45.979331292239706 ], [ -88.75, -45.979331292239706 ], [ -116.25, -44.103839093825911 ], [ -116.25, -44.103839093825911 ], [ -141.25, -42.26526179915291 ], [ -141.25, -42.26526179915291 ], [ -153.75, -42.745124611665418 ], [ -153.75, -42.745124611665418 ], [ -168.75, -44.866152152830679 ], [ -168.75, -44.866152152830679 ], [ -178.125, -46.509748914407666 ], [ -180.0, -46.657510314052388 ] ] } },
{ "type": "Feature", "properties": { "fid": 36, "ID": 35, "ELEV": 100800.0 }, "geometry": { "type": "LineString", "coordinates": [ [ 180.0, -50.225129575085049 ], [ 171.875, -50.264818834294815 ], [ 158.75, -50.012444229224656 ], [ 158.75, -50.012444229224656 ], [ 148.75, -49.005671037325442 ], [ 148.75, -49.005671037325442 ], [ 132.5, -46.073387781632036 ], [ 132.5, -46.073387781632036 ], [ 116.25, -43.384633333312536 ], [ 116.25, -43.384633333312536 ], [ 106.25, -42.766440258098342 ], [ 106.25, -42.766440258098342 ], [ 95.0, -42.87818673015957 ], [ 95.0, -42.87818673015957 ], [ 68.75, -45.006797854772998 ], [ 68.75, -45.006797854772998 ], [ 15.0, -46.589649048002741 ], [ 15.0, -46.589649048002741 ], [ -30.0, -46.761368354688173 ], [ -30.0, -46.761368354688173 ], [ -56.25, -48.545667000311639 ], [ -56.25, -48.545667000311639 ], [ -102.5, -48.067950579311145 ], [ -102.5, -48.067950579311145 ], [ -138.75, -46.203580122942412 ], [ -138.75, -46.203580122942412 ], [ -150.0, -46.521604332886454 ], [ -150.0, -46.521604332886454 ], [ -168.125, -48.342815086000101 ], [ -180.0, -49.784926028385854 ] ] } },
{ "type": "Feature", "properties": { "fid": 37, "ID": 36, "ELEV": 100200.0 }, "geometry": { "type": "LineString", "coordinates": [ [ 180.0, -54.257706945765932 ], [ 171.875, -54.288703894164797 ], [ 157.5, -53.893117177967625 ], [ 157.5, -53.893117177967625 ], [ 135.0, -50.422599044164954 ], [ 135.0, -50.422599044164954 ], [ 113.75, -46.828044437045193 ], [ 113.75, -46.828044437045193 ], [ 103.75, -46.05950994556386 ], [ 103.75, -46.05950994556386 ], [ 93.75, -46.026851799515669 ], [ 93.75, -46.026851799515669 ], [ 68.75, -47.952392214431114 ], [ 68.75, -47.952392214431114 ], [ 16.25, -49.960532409797054 ], [ 16.25, -49.960532409797054 ], [ -36.25, -51.968652173188516 ], [ -36.25, -51.968652173188516 ], [ -72.5, -53.859000243687589 ], [ -72.5, -53.859000243687589 ], [ -110.0, -53.244450956227098 ], [ -110.0, -53.244450956227098 ], [ -141.25, -52.577131994571545 ], [ -141.25, -52.577131994571545 ], [ -165.625, -53.379864948671241 ], [ -180.0, -54.085283281887882 ] ] } },
{ "type": "Feature", "properties": { "fid": 38, "ID": 37, "ELEV": 100500.0 }, "geometry": { "type": "LineString", "coordinates": [ [ 180.0, -52.417060529259999 ], [ 171.875, -52.459547967933986 ], [ 158.75, -52.165205223441461 ], [ 158.75, -52.165205223441461 ], [ 148.75, -51.110950095343142 ], [ 148.75, -51.110950095343142 ], [ 131.25, -47.944826110846421 ], [ 131.25, -47.944826110846421 ], [ 113.75, -45.024902492724109 ], [ 113.75, -45.024902492724109 ], [ 103.75, -44.400206338195204 ], [ 103.75, -44.400206338195204 ], [ 93.75, -44.466046295287882 ], [ 93.75, -44.466046295287882 ], [ 70.0, -46.446051337670326 ], [ 70.0, -46.446051337670326 ], [ 17.5, -48.240904465647532 ], [ 17.5, -48.240904465647532 ], [ -27.5, -48.916047245116658 ], [ -27.5, -48.916047245116658 ], [ -46.25, -50.322796859021068 ], [ -46.25, -50.322796859021068 ], [ -62.5, -51.489096578760041 ], [ -62.5, -51.489096578760041 ], [ -83.75, -51.616897043620597 ], [ -83.75, -51.616897043620597 ], [ -117.5, -50.399763527382319 ], [ -117.5, -50.399763527382319 ], [ -145.0, -49.618561316454517 ], [ -145.0, -49.618561316454517 ], [ -165.625, -50.946151069455439 ], [ -180.0, -52.110542318930072 ] ] } },
{ "type": "Feature", "properties": { "fid": 39, "ID": 38, "ELEV": 99900.0 }, "geometry": { "type": "LineString", "coordinates": [ [ 180.0, -55.983460164621846 ], [ 171.875, -56.000125762598003 ], [ 157.5, -55.629579032636244 ], [ 157.5, -55.629579032636244 ], [ 133.75, -52.043128905344133 ], [ 133.75, -52.043128905344133 ], [ 111.25, -48.310475250637907 ], [ 111.25, -48.310475250637907 ], [ 101.25, -47.591809064318795 ], [ 101.25, -47.591809064318795 ], [ 73.75, -49.182223465167624 ], [ 73.75, -49.182223465167624 ], [ 28.75, -51.173704685397738 ], [ 28.75, -51.173704685397738 ], [ -3.75, -51.711553302599086 ], [ -3.75, -51.711553302599086 ], [ -33.75, -54.157786558884155 ], [ -33.75, -54.157786558884155 ], [ -60.0, -56.01050950911889 ], [ -60.0, -56.01050950911889 ], [ -78.75, -56.036552352490673 ], [ -78.75, -56.036552352490673 ], [ -108.75, -55.733666530638203 ], [ -108.75, -55.733666530638203 ], [ -141.25, -55.185276025278483 ], [ -141.25, -55.185276025278483 ], [ -168.125, -55.566950294668118 ], [ -180.0, -55.896608226930027 ] ] } },
{ "type": "Feature", "properties": { "fid": 40, "ID": 39, "ELEV": 99600.0 }, "geometry": { "type": "LineString", "coordinates": [ [ 180.0, -57.642633669631238 ], [ 171.875, -57.644631259592828 ], [ 157.5, -57.26189470848206 ], [ 157.5, -57.26189470848206 ], [ 146.25, -56.163047619503402 ], [ 146.25, -56.163047619503402 ], [ 128.75, -53.038460853588006 ], [ 128.75, -53.038460853588006 ], [ 111.25, -50.035654051687459 ], [ 111.25, -50.035654051687459 ], [ 101.25, -49.217704615314688 ], [ 101.25, -49.217704615314688 ], [ 73.75, -50.660545766745756 ], [ 73.75, -50.660545766745756 ], [ 28.75, -52.663178350525357 ], [ 28.75, -52.663178350525357 ], [ -3.75, -53.539041759083801 ], [ -3.75, -53.539041759083801 ], [ -18.184267241379303, -54.540365093887516 ], [ -18.184267241379303, -54.540365093887516 ], [ -34.434267241379303, -56.959236524074427 ], [ -34.434267241379303, -56.959236524074427 ], [ -48.75, -59.105622721771709 ], [ -48.75, -59.105622721771709 ], [ -60.0, -58.761871093868095 ], [ -60.0, -58.761871093868095 ], [ -78.75, -58.46173489617081 ], [ -78.75, -58.46173489617081 ], [ -106.25, -58.127526063386142 ], [ -106.25, -58.127526063386142 ], [ -151.875, -57.588729451936345 ], [ -180.0, -57.614906777100401 ] ] } },
{ "type": "Feature", "properties": { "fid": 41, "ID": 40, "ELEV": 98100.0 }, "geometry": { "type": "LineString", "coordinates": [ [ 111.25, -62.626141384388802 ], [ 112.125766871165638, -62.563070692194401 ], [ 110.455771570413759, -61.25 ], [ 110.455771570413759, -61.25 ], [ 102.080004699248121, -59.811806656101425 ], [ 102.080004699248121, -59.811806656101425 ], [ 92.737685381355902, -59.811806656101425 ], [ 92.737685381355902, -59.811806656101425 ], [ 93.987685381355902, -60.67310808620968 ], [ 93.987685381355902, -60.67310808620968 ], [ 100.61414708886619, -61.92310808620968 ], [ 100.61414708886619, -61.92310808620968 ], [ 106.86414708886619, -62.563070692194401 ], [ 111.25, -62.626141384388802 ] ] } },
{ "type": "Feature", "properties": { "fid": 42, "ID": 41, "ELEV": 99300.0 }, "geometry": { "type": "LineString", "coordinates": [ [ 180.0, -59.32998207192324 ], [ 170.625, -59.295788378736631 ], [ 156.25, -58.907521327884027 ], [ 156.25, -58.907521327884027 ], [ 146.25, -57.846410549645029 ], [ 146.25, -57.846410549645029 ], [ 128.75, -54.762623884856083 ], [ 128.75, -54.762623884856083 ], [ 111.25, -51.760546042995117 ], [ 111.25, -51.760546042995117 ], [ 101.25, -50.873315007352446 ], [ 101.25, -50.873315007352446 ], [ 73.75, -52.197853257639636 ], [ 73.75, -52.197853257639636 ], [ 25.902829028290284, -54.392146972962237 ], [ 25.902829028290284, -54.392146972962237 ], [ -9.097170971709716, -56.055579096045207 ], [ -9.097170971709716, -56.055579096045207 ], [ -27.5, -59.239006545641544 ], [ -27.5, -59.239006545641544 ], [ -43.75, -62.232819686808 ], [ -43.75, -62.232819686808 ], [ -55.0, -63.020318335346346 ], [ -55.0, -63.020318335346346 ], [ -66.25, -62.081272727641746 ], [ -66.25, -62.081272727641746 ], [ -82.5, -61.162174595110869 ], [ -82.5, -61.162174595110869 ], [ -106.25, -60.495881903345875 ], [ -106.25, -60.495881903345875 ], [ -150.625, -59.604643490378791 ], [ -180.0, -59.321179105273444 ] ] } },
{ "type": "Feature", "properties": { "fid": 43, "ID": 42, "ELEV": 98400.0 }, "geometry": { "type": "LineString", "coordinates": [ [ 31.25, -67.631344440139486 ], [ 38.75, -65.602187624230453 ], [ 50.0, -63.159811579139571 ], [ 50.0, -63.159811579139571 ], [ 58.75, -62.839183687412174 ], [ 58.75, -62.839183687412174 ], [ 66.25, -63.444025894222818 ], [ 66.25, -63.444025894222818 ], [ 70.077392120075061, -64.478138381789506 ], [ 70.077392120075061, -64.478138381789506 ], [ 73.827392120075061, -65.296218431663831 ], [ 73.827392120075061, -65.296218431663831 ], [ 83.75, -65.050977670185674 ], [ 83.75, -65.050977670185674 ], [ 100.0, -64.834290577343239 ], [ 100.0, -64.834290577343239 ], [ 112.5, -65.080924887619489 ], [ 112.5, -65.080924887619489 ], [ 122.537715517241395, -63.751393548798092 ], [ 122.537715517241395, -63.751393548798092 ], [ 126.711271676447723, -61.25 ], [ 126.711271676447723, -61.25 ], [ 118.508380546217609, -58.75 ], [ 118.508380546217609, -58.75 ], [ 106.834824387011281, -56.971421960654027 ], [ 106.834824387011281, -56.971421960654027 ], [ 96.25, -56.349178350605541 ], [ 96.25, -56.349178350605541 ], [ 81.886303847418617, -56.877756389951514 ], [ 81.886303847418617, -56.877756389951514 ], [ 65.636303847418617, -58.426514519938863 ], [ 65.636303847418617, -58.426514519938863 ], [ 43.75, -59.656024796518409 ], [ 43.75, -59.656024796518409 ], [ 25.0, -60.325051206064003 ], [ 25.0, -60.325051206064003 ], [ 14.948547215496362, -61.595540929484457 ], [ 14.948547215496362, -61.595540929484457 ], [ 3.945824892447348, -63.75 ], [ 3.945824892447348, -63.75 ], [ -0.877052081762159, -66.25 ], [ -0.877052081762159, -66.25 ], [ 11.375670241286855, -67.708971197875741 ], [ 11.375670241286855, -67.708971197875741 ], [ 27.5, -67.774643417945484 ], [ 31.25, -67.631344440139486 ] ] } },
{ "type": "Feature", "properties": { "fid": 44, "ID": 43, "ELEV": 98700.0 }, "geometry": { "type": "LineString", "coordinates": [ [ -33.75, -75.07790472005567 ], [ -25.0, -73.135579211259497 ], [ -3.75, -70.260580748820956 ], [ -3.75, -70.260580748820956 ], [ 20.0, -69.099540879379305 ], [ 20.0, -69.099540879379305 ], [ 36.076400914317361, -68.18558698179001 ], [ 36.076400914317361, -68.18558698179001 ], [ 44.826400914317361, -66.561293024554431 ], [ 44.826400914317361, -66.561293024554431 ], [ 51.25, -65.382780799108929 ], [ 51.25, -65.382780799108929 ], [ 58.75, -65.297244625789531 ], [ 58.75, -65.297244625789531 ], [ 67.660085227272745, -66.475756851235033 ], [ 67.660085227272745, -66.475756851235033 ], [ 73.910085227272745, -67.683489208085177 ], [ 73.910085227272745, -67.683489208085177 ], [ 83.75, -66.850515741664864 ], [ 83.75, -66.850515741664864 ], [ 101.25, -66.010149643592882 ], [ 101.25, -66.010149643592882 ], [ 116.25, -65.929969539030296 ], [ 116.25, -65.929969539030296 ], [ 125.074508275365787, -65.3368464290171 ], [ 125.074508275365787, -65.3368464290171 ], [ 136.240891495320454, -63.75 ], [ 136.240891495320454, -63.75 ], [ 139.685174560904755, -61.25 ], [ 139.685174560904755, -61.25 ], [ 128.518791340950088, -58.458495308652033 ], [ 128.518791340950088, -58.458495308652033 ], [ 115.171115537848607, -55.958495308652033 ], [ 115.171115537848607, -55.958495308652033 ], [ 103.921115537848607, -54.597794561345466 ], [ 103.921115537848607, -54.597794561345466 ], [ 87.5, -54.560307819634033 ], [ 87.5, -54.560307819634033 ], [ 65.0, -55.948829902250722 ], [ 65.0, -55.948829902250722 ], [ 36.25, -57.548668812161893 ], [ 36.25, -57.548668812161893 ], [ 12.5, -58.786698983349964 ], [ 12.5, -58.786698983349964 ], [ 2.5, -60.173484909486277 ], [ 2.5, -60.173484909486277 ], [ -20.998601491742136, -66.69913809433605 ], [ -20.998601491742136, -66.69913809433605 ], [ -40.016458634599275, -73.75 ], [ -40.016458634599275, -73.75 ], [ -36.517857142857139, -75.038952360027835 ], [ -33.75, -75.07790472005567 ] ] } },
{ "type": "Feature", "properties": { "fid": 45, "ID": 44, "ELEV": 98400.0 }, "geometry": { "type": "LineString", "coordinates": [ [ -180.0, -76.830640050697099 ], [ -179.375, -76.830640050697099 ], [ -178.460219478737997, -77.165320025348549 ], [ -178.460219478737997, -77.165320025348549 ], [ -174.710219478737997, -78.375766115792942 ], [ -174.710219478737997, -78.375766115792942 ], [ -168.940064360418347, -79.625766115792942 ], [ -168.940064360418347, -79.625766115792942 ], [ -158.940064360418347, -79.937960880707081 ], [ -158.940064360418347, -79.937960880707081 ], [ -147.5, -79.144116094306312 ], [ -147.5, -79.144116094306312 ], [ -137.5, -76.192602537158734 ], [ -137.5, -76.192602537158734 ], [ -127.399385560675881, -73.236447323559503 ], [ -127.399385560675881, -73.236447323559503 ], [ -121.597227287294587, -71.25 ], [ -121.597227287294587, -71.25 ], [ -126.697841726618705, -69.25319580968204 ], [ -126.697841726618705, -69.25319580968204 ], [ -141.25, -68.215621574871633 ], [ -141.25, -68.215621574871633 ], [ -160.0, -68.047240552455293 ], [ -160.0, -68.047240552455293 ], [ -175.625, -68.843383980837032 ], [ -180.0, -69.517138387142666 ] ] } },
{ "type": "Feature", "properties": { "fid": 46, "ID": 45, "ELEV": 98700.0 }, "geometry": { "type": "LineString", "coordinates": [ [ 180.0, -63.893056373653025 ], [ 170.796580473658793, -64.446528186826512 ], [ 162.671580473658793, -65.246274834437088 ], [ 162.671580473658793, -65.246274834437088 ], [ 165.069506393101392, -66.496274834437088 ], [ 165.069506393101392, -66.496274834437088 ], [ 167.569506393101392, -67.866388260809373 ], [ 167.569506393101392, -67.866388260809373 ], [ 170.264508362899136, -69.116388260809373 ], [ 170.264508362899136, -69.116388260809373 ], [ 173.195000922778178, -71.25 ], [ 173.195000922778178, -71.25 ], [ 174.790089199866344, -73.75 ], [ 174.790089199866344, -73.75 ], [ 174.5379296554365, -76.25 ], [ 174.5379296554365, -76.25 ], [ 175.491887292091405, -78.75 ], [ 175.491887292091405, -78.75 ], [ 178.438554276642208, -80.118368242819514 ], [ 180.0, -80.236736485639028 ] ] } },
{ "type": "Feature", "properties": { "fid": 47, "ID": 46, "ELEV": 98700.0 }, "geometry": { "type": "LineString", "coordinates": [ [ -180.0, -81.208498342236169 ], [ -170.10098253275109, -81.854249171118084 ], [ -155.567764648620113, -82.5 ], [ -155.567764648620113, -82.5 ], [ -146.091782115869023, -82.109021382862494 ], [ -146.091782115869023, -82.109021382862494 ], [ -137.309527796383122, -80.859021382862494 ], [ -137.309527796383122, -80.859021382862494 ], [ -131.664011837006996, -78.75 ], [ -131.664011837006996, -78.75 ], [ -126.854484040623873, -76.512084050487658 ], [ -126.854484040623873, -76.512084050487658 ], [ -110.86320115234706, -74.012084050487658 ], [ -110.86320115234706, -74.012084050487658 ], [ -94.794593779614473, -71.25 ], [ -94.794593779614473, -71.25 ], [ -94.646779398567858, -68.75 ], [ -94.646779398567858, -68.75 ], [ -105.715386771300444, -66.525149778026815 ], [ -105.715386771300444, -66.525149778026815 ], [ -146.875, -64.601031317552057 ], [ -180.0, -63.651763079050482 ] ] } },
{ "type": "Feature", "properties": { "fid": 48, "ID": 47, "ELEV": 99000.0 }, "geometry": { "type": "LineString", "coordinates": [ [ 180.0, -61.272927204750374 ], [ 171.875, -61.304241637861665 ], [ 158.75, -61.03952412272362 ], [ 158.75, -61.03952412272362 ], [ 146.25, -59.642115150461905 ], [ 146.25, -59.642115150461905 ], [ 130.091383482908157, -56.770369063224763 ], [ 130.091383482908157, -56.770369063224763 ], [ 116.341383482908157, -54.229129662522197 ], [ 116.341383482908157, -54.229129662522197 ], [ 105.0, -52.901242790084126 ], [ 105.0, -52.901242790084126 ], [ 93.75, -52.397847375742003 ], [ 93.75, -52.397847375742003 ], [ 71.25, -53.81631125379711 ], [ 71.25, -53.81631125379711 ], [ 35.0, -55.705472966926735 ], [ 35.0, -55.705472966926735 ], [ 7.753873039863947, -56.864895961309699 ], [ 7.753873039863947, -56.864895961309699 ], [ -8.496126960136053, -58.958445171050698 ], [ -8.496126960136053, -58.958445171050698 ], [ -23.75, -62.521360043673596 ], [ -23.75, -62.521360043673596 ], [ -41.25, -66.406043608894279 ], [ -41.25, -66.406043608894279 ], [ -54.335664335664333, -69.093128736271382 ], [ -54.335664335664333, -69.093128736271382 ], [ -58.909421517777751, -71.25 ], [ -58.909421517777751, -71.25 ], [ -57.506014743697456, -75.0 ], [ -57.506014743697456, -75.0 ], [ -51.682257561584038, -78.115633920076135 ], [ -51.682257561584038, -78.115633920076135 ], [ -45.0, -78.79551125309645 ], [ -45.0, -78.79551125309645 ], [ -34.913540795603865, -78.179877333020315 ], [ -34.913540795603865, -78.179877333020315 ], [ -21.163540795603865, -75.356850904488155 ], [ -21.163540795603865, -75.356850904488155 ], [ -8.75, -72.36589804359005 ], [ -8.75, -72.36589804359005 ], [ 2.5, -71.003720245165709 ], [ 2.5, -71.003720245165709 ], [ 20.425074183976264, -70.244673106063814 ], [ 20.425074183976264, -70.244673106063814 ], [ 42.925074183976264, -68.213173268451797 ], [ 42.925074183976264, -68.213173268451797 ], [ 57.5, -66.501290448888668 ], [ 57.5, -66.501290448888668 ], [ 66.25, -67.715295896171881 ], [ 66.25, -67.715295896171881 ], [ 73.75, -69.091806824979344 ], [ 73.75, -69.091806824979344 ], [ 83.75, -68.106422596994278 ], [ 83.75, -68.106422596994278 ], [ 102.5, -67.021305370658609 ], [ 102.5, -67.021305370658609 ], [ 123.75, -66.383297570539696 ], [ 123.75, -66.383297570539696 ], [ 138.75, -65.549698307780687 ], [ 138.75, -65.549698307780687 ], [ 147.5, -66.017150436906462 ], [ 147.5, -66.017150436906462 ], [ 157.838764211934347, -68.271238816756807 ], [ 157.838764211934347, -68.271238816756807 ], [ 166.551722186072283, -71.25 ], [ 166.551722186072283, -71.25 ], [ 168.813966636093738, -73.75 ], [ 168.813966636093738, -73.75 ], [ 168.191457485163255, -76.25 ], [ 168.191457485163255, -76.25 ], [ 167.305614072686041, -78.75 ], [ 167.305614072686041, -78.75 ], [ 170.465165249478588, -81.004363526933503 ], [ 170.465165249478588, -81.004363526933503 ], [ 176.875, -82.287287894956677 ], [ 180.0, -82.565848736046348 ] ] } },
{ "type": "Feature", "properties": { "fid": 49, "ID": 48, "ELEV": 99000.0 }, "geometry": { "type": "LineString", "coordinates": [ [ -180.0, -82.942105088238236 ], [ -165.625, -83.252717466161968 ], [ -139.802748226950371, -83.03166492204285 ], [ -139.802748226950371, -83.03166492204285 ], [ -126.052748226950357, -81.271271008403374 ], [ -126.052748226950357, -81.271271008403374 ], [ -122.375361480624633, -78.771271008403374 ], [ -122.375361480624633, -78.771271008403374 ], [ -119.875361480624633, -77.26875401107651 ], [ -119.875361480624633, -77.26875401107651 ], [ -95.741583257506832, -74.76875401107651 ], [ -95.741583257506832, -74.76875401107651 ], [ -70.08008819403716, -71.25 ], [ -70.08008819403716, -71.25 ], [ -68.27053355605895, -68.75 ], [ -68.27053355605895, -68.75 ], [ -70.182028619528609, -67.027115169586281 ], [ -70.182028619528609, -67.027115169586281 ], [ -73.75, -65.797472575629016 ], [ -73.75, -65.797472575629016 ], [ -78.75, -64.790564305370509 ], [ -78.75, -64.790564305370509 ], [ -98.75, -63.462279468840691 ], [ -98.75, -63.462279468840691 ], [ -148.125, -61.800188496296002 ], [ -180.0, -61.216231853566171 ] ] } },
{ "type": "Feature", "properties": { "fid": 50, "ID": 49, "ELEV": 99300.0 }, "geometry": { "type": "LineString", "coordinates": [ [ -180.0, -84.005616670544043 ], [ -165.625, -84.313369736847704 ], [ -140.0, -84.182307830506375 ], [ -140.0, -84.182307830506375 ], [ -122.723448122144205, -83.121746428930692 ], [ -122.723448122144205, -83.121746428930692 ], [ -114.856099044447163, -81.25 ], [ -114.856099044447163, -81.25 ], [ -109.632650922302957, -79.055844239158333 ], [ -109.632650922302957, -79.055844239158333 ], [ -95.0, -77.074191320950888 ], [ -95.0, -77.074191320950888 ], [ -77.5, -76.370858487005066 ], [ -77.5, -76.370858487005066 ], [ -66.721297438005223, -78.35251140521251 ], [ -66.721297438005223, -78.35251140521251 ], [ -60.471297438005216, -80.247158139340144 ], [ -60.471297438005216, -80.247158139340144 ], [ -55.0, -80.799478259573092 ], [ -55.0, -80.799478259573092 ], [ -46.25, -81.037191488682581 ], [ -46.25, -81.037191488682581 ], [ -36.25, -80.489549824066799 ], [ -36.25, -80.489549824066799 ], [ -28.75, -79.516799486651777 ], [ -28.75, -79.516799486651777 ], [ -23.75, -78.383386288822919 ], [ -23.75, -78.383386288822919 ], [ -16.25, -75.936017098001813 ], [ -16.25, -75.936017098001813 ], [ -7.5, -73.418914876114528 ], [ -7.5, -73.418914876114528 ], [ 3.75, -71.928251415400013 ], [ 3.75, -71.928251415400013 ], [ 23.75, -70.698712440710011 ], [ 23.75, -70.698712440710011 ], [ 43.75, -69.03141249692635 ], [ 43.75, -69.03141249692635 ], [ 56.25, -67.810937476355903 ], [ 56.25, -67.810937476355903 ], [ 66.25, -68.99963158113485 ], [ 66.25, -68.99963158113485 ], [ 73.75, -70.378377635491276 ], [ 73.75, -70.378377635491276 ], [ 81.25, -69.449879512496167 ], [ 81.25, -69.449879512496167 ], [ 88.75, -68.045023187060082 ], [ 88.75, -68.045023187060082 ], [ 103.75, -67.783970387333923 ], [ 103.75, -67.783970387333923 ], [ 126.25, -67.169591487830303 ], [ 126.25, -67.169591487830303 ], [ 138.75, -66.587330362862161 ], [ 138.75, -66.587330362862161 ], [ 145.0, -67.22135976913637 ], [ 145.0, -67.22135976913637 ], [ 155.0, -69.521115941098287 ], [ 155.0, -69.521115941098287 ], [ 162.469155769141906, -71.873426664766782 ], [ 162.469155769141906, -71.873426664766782 ], [ 163.965269463525544, -73.75 ], [ 163.965269463525544, -73.75 ], [ 162.548989869122863, -77.5 ], [ 162.548989869122863, -77.5 ], [ 161.052876174739225, -80.192298005238769 ], [ 161.052876174739225, -80.192298005238769 ], [ 163.064129919393082, -81.442298005238769 ], [ 163.064129919393082, -81.442298005238769 ], [ 172.439129919393082, -83.080238537758959 ], [ 180.0, -83.660477075517917 ] ] } },
{ "type": "Feature", "properties": { "fid": 51, "ID": 50, "ELEV": 99600.0 }, "geometry": { "type": "LineString", "coordinates": [ [ -180.0, -85.044683136412459 ], [ -165.625, -85.229011767983508 ], [ -140.0, -85.181977638666723 ], [ -140.0, -85.181977638666723 ], [ -117.568198804185357, -83.725307438889445 ], [ -117.568198804185357, -83.725307438889445 ], [ -102.568198804185357, -81.404193136420204 ], [ -102.568198804185357, -81.404193136420204 ], [ -92.5, -79.580514563796086 ], [ -92.5, -79.580514563796086 ], [ -82.5, -79.068456986997717 ], [ -82.5, -79.068456986997717 ], [ -68.770035387177359, -80.892135559621835 ], [ -68.770035387177359, -80.892135559621835 ], [ -49.458860049990463, -82.5 ], [ -49.458860049990463, -82.5 ], [ -31.53047524778475, -81.25 ], [ -31.53047524778475, -81.25 ], [ -17.091650584971646, -77.744959719352735 ], [ -17.091650584971646, -77.744959719352735 ], [ -8.75, -74.772349649792616 ], [ -8.75, -74.772349649792616 ], [ 1.25, -73.084747689461949 ], [ 1.25, -73.084747689461949 ], [ 21.25, -71.560266436864481 ], [ 21.25, -71.560266436864481 ], [ 43.75, -69.697404196571412 ], [ 43.75, -69.697404196571412 ], [ 57.5, -68.551885230165766 ], [ 57.5, -68.551885230165766 ], [ 66.25, -69.986496113811398 ], [ 66.25, -69.986496113811398 ], [ 73.75, -71.43462112827153 ], [ 73.75, -71.43462112827153 ], [ 81.25, -70.379220209005268 ], [ 81.25, -70.379220209005268 ], [ 88.75, -68.762004159979142 ], [ 88.75, -68.762004159979142 ], [ 102.5, -68.408099846255439 ], [ 102.5, -68.408099846255439 ], [ 125.0, -67.994644319588986 ], [ 125.0, -67.994644319588986 ], [ 140.0, -67.781571130525208 ], [ 140.0, -67.781571130525208 ], [ 146.25, -68.477620027132446 ], [ 146.25, -68.477620027132446 ], [ 154.101942251765678, -70.720892046811556 ], [ 154.101942251765678, -70.720892046811556 ], [ 159.980518296940346, -73.75 ], [ 159.980518296940346, -73.75 ], [ 158.407866875486775, -77.5 ], [ 158.407866875486775, -77.5 ], [ 156.918102767603557, -81.25 ], [ 156.918102767603557, -81.25 ], [ 163.13881193729145, -83.309922657015946 ], [ 163.13881193729145, -83.309922657015946 ], [ 174.375, -84.437475364510746 ], [ 180.0, -84.7551054149896 ] ] } },
{ "type": "Feature", "properties": { "fid": 52, "ID": 51, "ELEV": 99900.0 }, "geometry": { "type": "LineString", "coordinates": [ [ -180.0, -85.732116004296444 ], [ -164.375, -85.889167838996244 ], [ -136.25, -85.759630681795358 ], [ -136.25, -85.759630681795358 ], [ -119.408126652398337, -85.236520844947336 ], [ -119.408126652398337, -85.236520844947336 ], [ -100.658126652398337, -83.349411019981275 ], [ -100.658126652398337, -83.349411019981275 ], [ -72.5, -82.624743064457761 ], [ -72.5, -82.624743064457761 ], [ -48.75, -83.456082330512132 ], [ -48.75, -83.456082330512132 ], [ -33.785384615384615, -82.930750286035646 ], [ -33.785384615384615, -82.930750286035646 ], [ -26.285384615384615, -82.004362587114002 ], [ -26.285384615384615, -82.004362587114002 ], [ -20.898857458202187, -80.754362587114002 ], [ -20.898857458202187, -80.754362587114002 ], [ -12.108393356249678, -77.5 ], [ -12.108393356249678, -77.5 ], [ -3.709535898047491, -74.45424704888427 ], [ -3.709535898047491, -74.45424704888427 ], [ 3.75, -73.351307157473542 ], [ 3.75, -73.351307157473542 ], [ 21.25, -72.175346570328969 ], [ 21.25, -72.175346570328969 ], [ 45.0, -70.330016267816333 ], [ 45.0, -70.330016267816333 ], [ 58.75, -69.362360188309609 ], [ 58.75, -69.362360188309609 ], [ 66.25, -70.973360646487947 ], [ 66.25, -70.973360646487947 ], [ 73.75, -72.476082725080403 ], [ 73.75, -72.476082725080403 ], [ 82.5, -70.993140103653587 ], [ 82.5, -70.993140103653587 ], [ 91.25, -69.08054713877992 ], [ 91.25, -69.08054713877992 ], [ 103.75, -68.902340102482 ], [ 103.75, -68.902340102482 ], [ 123.75, -68.601243186411281 ], [ 123.75, -68.601243186411281 ], [ 138.75, -68.546967716276384 ], [ 138.75, -68.546967716276384 ], [ 147.5, -69.836595106661335 ], [ 147.5, -69.836595106661335 ], [ 153.563574504454152, -71.639289970265992 ], [ 153.563574504454152, -71.639289970265992 ], [ 156.653816120784086, -73.75 ], [ 156.653816120784086, -73.75 ], [ 156.498877755876947, -76.25 ], [ 156.498877755876947, -76.25 ], [ 154.146243712696759, -78.75 ], [ 154.146243712696759, -78.75 ], [ 152.483297228322158, -81.25 ], [ 152.483297228322158, -81.25 ], [ 155.495689655172413, -83.282082209603317 ], [ 155.495689655172413, -83.282082209603317 ], [ 162.290853238401439, -84.532082209603317 ], [ 162.290853238401439, -84.532082209603317 ], [ 172.915853238401439, -85.273473049936882 ], [ 180.0, -85.546946099873765 ] ] } },
{ "type": "Feature", "properties": { "fid": 53, "ID": 52, "ELEV": 100200.0 }, "geometry": { "type": "LineString", "coordinates": [ [ -180.0, -86.419548872180457 ], [ -166.875, -86.562078404333548 ], [ -141.25, -86.533543418535629 ], [ -141.25, -86.533543418535629 ], [ -120.0, -85.965745518880027 ], [ -120.0, -85.965745518880027 ], [ -98.75, -84.58035973508575 ], [ -98.75, -84.58035973508575 ], [ -71.25, -84.118053600695291 ], [ -71.25, -84.118053600695291 ], [ -47.5, -84.46836414774468 ], [ -47.5, -84.46836414774468 ], [ -30.561335626253936, -83.396164213547422 ], [ -30.561335626253936, -83.396164213547422 ], [ -19.311335626253936, -81.619840468641144 ], [ -19.311335626253936, -81.619840468641144 ], [ -13.084554766418606, -79.119840468641144 ], [ -13.084554766418606, -79.119840468641144 ], [ -6.834554766418606, -76.368457202406319 ], [ -6.834554766418606, -76.368457202406319 ], [ 2.5, -74.295146336488415 ], [ 2.5, -74.295146336488415 ], [ 20.0, -72.825218786768858 ], [ 20.0, -72.825218786768858 ], [ 43.75, -71.089891986585599 ], [ 43.75, -71.089891986585599 ], [ 58.75, -70.194794942318481 ], [ 58.75, -70.194794942318481 ], [ 66.25, -71.907954386098893 ], [ 66.25, -71.907954386098893 ], [ 73.75, -73.39162175560908 ], [ 73.75, -73.39162175560908 ], [ 78.64253774401385, -72.98709997792983 ], [ 78.64253774401385, -72.98709997792983 ], [ 84.89253774401385, -71.276024165902996 ], [ 84.89253774401385, -71.276024165902996 ], [ 91.25, -69.715085802498137 ], [ 91.25, -69.715085802498137 ], [ 103.75, -69.472421680270969 ], [ 103.75, -69.472421680270969 ], [ 123.75, -69.19538840388563 ], [ 123.75, -69.19538840388563 ], [ 138.75, -69.2999106526796 ], [ 138.75, -69.2999106526796 ], [ 148.284804198507345, -71.137882292469797 ], [ 148.284804198507345, -71.137882292469797 ], [ 153.781762754657052, -73.75 ], [ 153.781762754657052, -73.75 ], [ 153.803662191884712, -76.25 ], [ 153.803662191884712, -76.25 ], [ 151.214549165478616, -78.75 ], [ 151.214549165478616, -78.75 ], [ 148.732163350116934, -81.25 ], [ 148.732163350116934, -81.25 ], [ 148.324317820373324, -82.698239066032585 ], [ 148.324317820373324, -82.698239066032585 ], [ 152.609413358164716, -83.948239066032585 ], [ 152.609413358164716, -83.948239066032585 ], [ 168.234413358164716, -85.625761456712567 ], [ 180.0, -86.251522913425134 ] ] } },
{ "type": "Feature", "properties": { "fid": 54, "ID": 53, "ELEV": 100500.0 }, "geometry": { "type": "LineString", "coordinates": [ [ -180.0, -87.106981740064441 ], [ -155.625, -87.111226371982411 ], [ -108.75, -86.115501239210502 ], [ -108.75, -86.115501239210502 ], [ -71.25, -85.336236653658872 ], [ -71.25, -85.336236653658872 ], [ -47.5, -85.378957302818165 ], [ -47.5, -85.378957302818165 ], [ -33.75, -84.787239218309239 ], [ -33.75, -84.787239218309239 ], [ -23.75, -83.584930743786501 ], [ -23.75, -83.584930743786501 ], [ -16.25, -81.981532757464336 ], [ -16.25, -81.981532757464336 ], [ -10.540243237630449, -79.33335484556747 ], [ -10.540243237630449, -79.33335484556747 ], [ -5.540243237630449, -76.823196437875993 ], [ -5.540243237630449, -76.823196437875993 ], [ -1.25, -75.525757237000633 ], [ -1.25, -75.525757237000633 ], [ 6.25, -74.292711485349614 ], [ 6.25, -74.292711485349614 ], [ 22.5, -73.154982624336412 ], [ 22.5, -73.154982624336412 ], [ 42.5, -71.672475785102392 ], [ 42.5, -71.672475785102392 ], [ 53.75, -70.6619283246675 ], [ 53.75, -70.6619283246675 ], [ 58.75, -70.993028061374162 ], [ 58.75, -70.993028061374162 ], [ 65.0, -72.600554429617731 ], [ 65.0, -72.600554429617731 ], [ 71.25, -74.13069516660785 ], [ 71.25, -74.13069516660785 ], [ 76.25, -74.184295680883423 ], [ 76.25, -74.184295680883423 ], [ 83.75, -72.317267926057966 ], [ 83.75, -72.317267926057966 ], [ 91.25, -70.329220343100829 ], [ 91.25, -70.329220343100829 ], [ 103.75, -70.034078863949958 ], [ 103.75, -70.034078863949958 ], [ 123.75, -69.781109227249985 ], [ 123.75, -69.781109227249985 ], [ 137.5, -69.77275826751081 ], [ 137.5, -69.77275826751081 ], [ 145.652911346929727, -71.298364126972231 ], [ 145.652911346929727, -71.298364126972231 ], [ 151.172334610137284, -73.75 ], [ 151.172334610137284, -73.75 ], [ 151.322610851716547, -76.25 ], [ 151.322610851716547, -76.25 ], [ 148.496004536539431, -78.75 ], [ 148.496004536539431, -78.75 ], [ 145.315042712065974, -81.25 ], [ 145.315042712065974, -81.25 ], [ 146.372225764035534, -83.633765689561073 ], [ 146.372225764035534, -83.633765689561073 ], [ 155.0, -85.498555972004254 ], [ 155.0, -85.498555972004254 ], [ 170.625, -86.592840145931433 ], [ 180.0, -86.956099726976504 ] ] } },
{ "type": "Feature", "properties": { "fid": 55, "ID": 54, "ELEV": 103200.0 }, "geometry": { "type": "LineString", "coordinates": [ [ 77.548647529671541, -85.0 ], [ 65.649323764835771, -85.541986076345438 ], [ 47.5, -85.949197221386655 ], [ 47.5, -85.949197221386655 ], [ 36.158137659078676, -85.407211145041217 ], [ 36.158137659078676, -85.407211145041217 ], [ 31.81585577988406, -83.75 ], [ 31.81585577988406, -83.75 ], [ 33.157718120805384, -82.047822374039299 ], [ 33.157718120805384, -82.047822374039299 ], [ 35.0, -81.071088978838446 ], [ 35.0, -81.071088978838446 ], [ 37.5, -80.416028065406408 ], [ 37.5, -80.416028065406408 ], [ 45.0, -81.015694804404689 ], [ 45.0, -81.015694804404689 ], [ 57.04846208869813, -82.122933343797428 ], [ 57.04846208869813, -82.122933343797428 ], [ 68.29846208869813, -83.268670840005825 ], [ 68.29846208869813, -83.268670840005825 ], [ 75.649323764835771, -84.518670840005825 ], [ 77.548647529671541, -85.0 ] ] } },
{ "type": "Feature", "properties": { "fid": 56, "ID": 55, "ELEV": 100800.0 }, "geometry": { "type": "LineString", "coordinates": [ [ -180.0, -87.901596030435911 ], [ -159.375, -87.971623536313288 ], [ -112.5, -87.14955761892088 ], [ -112.5, -87.14955761892088 ], [ -70.0, -86.329748794438018 ], [ -70.0, -86.329748794438018 ], [ -45.0, -86.155470119892385 ], [ -45.0, -86.155470119892385 ], [ -31.25, -85.465854243931247 ], [ -31.25, -85.465854243931247 ], [ -21.25, -84.158220213857192 ], [ -21.25, -84.158220213857192 ], [ -13.75, -82.427243117751331 ], [ -13.75, -82.427243117751331 ], [ -7.5, -79.308359397891124 ], [ -7.5, -79.308359397891124 ], [ 0.0, -76.123037627365932 ], [ 0.0, -76.123037627365932 ], [ 7.5, -74.701855618422684 ], [ 7.5, -74.701855618422684 ], [ 22.5, -73.647456263326688 ], [ 22.5, -73.647456263326688 ], [ 43.75, -72.158150357986969 ], [ 43.75, -72.158150357986969 ], [ 57.5, -71.741502318038258 ], [ 57.5, -71.741502318038258 ], [ 65.0, -73.564290258477982 ], [ 65.0, -73.564290258477982 ], [ 71.25, -75.080960729941111 ], [ 71.25, -75.080960729941111 ], [ 76.25, -75.016684044097971 ], [ 76.25, -75.016684044097971 ], [ 83.75, -73.0536479794808 ], [ 83.75, -73.0536479794808 ], [ 91.25, -70.93789115656439 ], [ 91.25, -70.93789115656439 ], [ 103.75, -70.562254590704001 ], [ 103.75, -70.562254590704001 ], [ 122.5, -70.33077879610417 ], [ 122.5, -70.33077879610417 ], [ 135.0, -70.239745899382015 ], [ 135.0, -70.239745899382015 ], [ 141.25, -70.896680244998123 ], [ 141.25, -70.896680244998123 ], [ 145.60048366465918, -71.935660741759136 ], [ 145.60048366465918, -71.935660741759136 ], [ 148.703339817751868, -73.75 ], [ 148.703339817751868, -73.75 ], [ 148.948816691521671, -76.25 ], [ 148.948816691521671, -76.25 ], [ 144.105319859154548, -80.0 ], [ 144.105319859154548, -80.0 ], [ 141.957637158997073, -83.75 ], [ 141.957637158997073, -83.75 ], [ 149.948277838271508, -85.839888437594226 ], [ 149.948277838271508, -85.839888437594226 ], [ 168.125, -87.202419664142184 ], [ 180.0, -87.725062453095916 ] ] } },
{ "type": "Feature", "properties": { "fid": 57, "ID": 56, "ELEV": 101100.0 }, "geometry": { "type": "LineString", "coordinates": [ [ -180.0, -88.839288330614693 ], [ -156.875, -88.848733245740121 ], [ -111.25, -88.152969014058485 ], [ -111.25, -88.152969014058485 ], [ -70.0, -87.329273023823561 ], [ -70.0, -87.329273023823561 ], [ -42.5, -86.918475943243521 ], [ -42.5, -86.918475943243521 ], [ -28.75, -86.173965394907995 ], [ -28.75, -86.173965394907995 ], [ -18.75, -84.769351848367549 ], [ -18.75, -84.769351848367549 ], [ -11.25, -82.898818526926519 ], [ -11.25, -82.898818526926519 ], [ -5.592454017295381, -79.740349220421294 ], [ -5.592454017295381, -79.740349220421294 ], [ 0.657545982704619, -76.723146988635023 ], [ 0.657545982704619, -76.723146988635023 ], [ 7.5, -75.346503631214858 ], [ 7.5, -75.346503631214858 ], [ 32.5, -73.317204009963007 ], [ 32.5, -73.317204009963007 ], [ 56.362234007070924, -72.193847367383171 ], [ 56.362234007070924, -72.193847367383171 ], [ 62.612234007070924, -73.916045399490457 ], [ 62.612234007070924, -73.916045399490457 ], [ 70.0, -75.683817678662521 ], [ 70.0, -75.683817678662521 ], [ 77.317547326152066, -75.517772279172064 ], [ 77.317547326152066, -75.517772279172064 ], [ 84.817547326152066, -73.503521365780813 ], [ 84.817547326152066, -73.503521365780813 ], [ 91.25, -71.546096429902974 ], [ 91.25, -71.546096429902974 ], [ 112.5, -70.846799365333197 ], [ 112.5, -70.846799365333197 ], [ 135.0, -70.847803474661688 ], [ 135.0, -70.847803474661688 ], [ 141.25, -71.622051463869312 ], [ 141.25, -71.622051463869312 ], [ 144.314335909103136, -72.328472290418659 ], [ 144.314335909103136, -72.328472290418659 ], [ 146.272772323775541, -73.75 ], [ 146.272772323775541, -73.75 ], [ 146.604838556465126, -76.25 ], [ 146.604838556465126, -76.25 ], [ 141.037270651464581, -80.0 ], [ 141.037270651464581, -80.0 ], [ 137.375674986327056, -83.75 ], [ 137.375674986327056, -83.75 ], [ 140.984806476655194, -85.624999997955129 ], [ 140.984806476655194, -85.624999997955129 ], [ 147.5, -86.704453118310269 ], [ 147.5, -86.704453118310269 ], [ 158.75, -87.715119063254534 ], [ 158.75, -87.715119063254534 ], [ 173.125, -88.491653729849517 ], [ 180.0, -88.711975573900247 ] ] } },
{ "type": "Feature", "properties": { "fid": 58, "ID": 57, "ELEV": 101400.0 }, "geometry": { "type": "LineString", "coordinates": [ [ -180.0, -89.776980630793418 ], [ -153.125, -89.730439615660671 ], [ -83.75, -88.91424871010247 ], [ -83.75, -88.91424871010247 ], [ -32.5, -87.464766961003562 ], [ -32.5, -87.464766961003562 ], [ -20.0, -86.225787417770988 ], [ -20.0, -86.225787417770988 ], [ -13.75, -85.038672495524054 ], [ -13.75, -85.038672495524054 ], [ -8.778306560045309, -83.455352628918121 ], [ -8.778306560045309, -83.455352628918121 ], [ -2.995917773641949, -80.0 ], [ -2.995917773641949, -80.0 ], [ 7.230072094254197, -76.25 ], [ 7.230072094254197, -76.25 ], [ 33.947683307850838, -73.782838141873995 ], [ 33.947683307850838, -73.782838141873995 ], [ 55.0, -72.7543867690231 ], [ 55.0, -72.7543867690231 ], [ 61.25, -74.638784353666239 ], [ 61.25, -74.638784353666239 ], [ 70.0, -76.56205525442256 ], [ 70.0, -76.56205525442256 ], [ 77.5, -76.250214981533787 ], [ 77.5, -76.250214981533787 ], [ 85.295313881520769, -74.105395453628361 ], [ 85.295313881520769, -74.105395453628361 ], [ 91.545313881520769, -72.074947937501463 ], [ 91.545313881520769, -72.074947937501463 ], [ 112.5, -71.404670143780521 ], [ 112.5, -71.404670143780521 ], [ 133.75, -71.28909008654162 ], [ 133.75, -71.28909008654162 ], [ 139.220412281966276, -71.959367880262562 ], [ 139.220412281966276, -71.959367880262562 ], [ 143.773885236060522, -73.75 ], [ 143.773885236060522, -73.75 ], [ 144.223479021735244, -76.25 ], [ 144.223479021735244, -76.25 ], [ 137.849162852326742, -80.0 ], [ 137.849162852326742, -80.0 ], [ 132.746693658669244, -83.75 ], [ 132.746693658669244, -83.75 ], [ 133.317536873983499, -85.176997498106346 ], [ 133.317536873983499, -85.176997498106346 ], [ 136.25, -86.041377492865948 ], [ 136.25, -86.041377492865948 ], [ 145.0, -87.633837233544185 ], [ 145.0, -87.633837233544185 ], [ 165.625, -89.118901586136872 ], [ 180.0, -89.698888694704578 ] ] } },
{ "type": "Feature", "properties": { "fid": 59, "ID": 58, "ELEV": 102300.0 }, "geometry": { "type": "LineString", "coordinates": [ [ 111.253267546725908, -87.5 ], [ 107.501633773362954, -88.003143444908005 ], [ 97.5, -88.874519248898366 ], [ 97.5, -88.874519248898366 ], [ 72.5, -89.516146042831508 ], [ 72.5, -89.516146042831508 ], [ 36.25, -89.493046478706759 ], [ 36.25, -89.493046478706759 ], [ 13.75, -88.84069295291323 ], [ 13.75, -88.84069295291323 ], [ 5.492798079487855, -87.992416713047618 ], [ 5.492798079487855, -87.992416713047618 ], [ 2.418221515367563, -86.25 ], [ 2.418221515367563, -86.25 ], [ 4.015202441404554, -83.75 ], [ 4.015202441404554, -83.75 ], [ 5.954130354429438, -81.25 ], [ 5.954130354429438, -81.25 ], [ 9.05335112145093, -78.75 ], [ 9.05335112145093, -78.75 ], [ 13.938999772546339, -77.221426405942111 ], [ 13.938999772546339, -77.221426405942111 ], [ 28.293800688812354, -75.971426405942111 ], [ 28.293800688812354, -75.971426405942111 ], [ 44.543800688812354, -74.966186897059387 ], [ 44.543800688812354, -74.966186897059387 ], [ 53.75, -76.535046891160263 ], [ 53.75, -76.535046891160263 ], [ 61.25, -78.514139412149916 ], [ 61.25, -78.514139412149916 ], [ 67.5, -79.045124868762684 ], [ 67.5, -79.045124868762684 ], [ 76.25, -78.747322158377656 ], [ 76.25, -78.747322158377656 ], [ 83.75, -77.574779373512669 ], [ 83.75, -77.574779373512669 ], [ 88.75, -75.758494831414197 ], [ 88.75, -75.758494831414197 ], [ 95.0, -74.050551757165096 ], [ 95.0, -74.050551757165096 ], [ 113.75, -73.223718577555815 ], [ 113.75, -73.223718577555815 ], [ 131.25, -73.32007470886515 ], [ 131.25, -73.32007470886515 ], [ 135.569332662642523, -74.315715722908891 ], [ 135.569332662642523, -74.315715722908891 ], [ 135.929495365576145, -76.25 ], [ 135.929495365576145, -76.25 ], [ 126.168002401556635, -80.0 ], [ 126.168002401556635, -80.0 ], [ 115.807839698623013, -84.303489389630286 ], [ 115.807839698623013, -84.303489389630286 ], [ 112.501633773362954, -86.803489389630286 ], [ 111.253267546725908, -87.5 ] ] } },
{ "type": "Feature", "properties": { "fid": 60, "ID": 59, "ELEV": 102600.0 }, "geometry": { "type": "LineString", "coordinates": [ [ 96.394687332019373, -87.5 ], [ 82.572343666009687, -88.07457383194253 ], [ 51.25, -88.584381842880234 ], [ 51.25, -88.584381842880234 ], [ 24.60952012383899, -88.009808010937704 ], [ 24.60952012383899, -88.009808010937704 ], [ 13.35952012383899, -86.821214302855765 ], [ 13.35952012383899, -86.821214302855765 ], [ 10.327922832571488, -85.571214302855765 ], [ 10.327922832571488, -85.571214302855765 ], [ 10.088686191350121, -83.75 ], [ 10.088686191350121, -83.75 ], [ 10.98951215208551, -81.25 ], [ 10.98951215208551, -81.25 ], [ 14.978748793306877, -78.722864379022738 ], [ 14.978748793306877, -78.722864379022738 ], [ 31.25, -76.719438807649439 ], [ 31.25, -76.719438807649439 ], [ 46.25, -76.28367827249113 ], [ 46.25, -76.28367827249113 ], [ 53.75, -77.945876334278353 ], [ 53.75, -77.945876334278353 ], [ 65.0, -79.65532199164123 ], [ 65.0, -79.65532199164123 ], [ 75.0, -79.802387962550924 ], [ 75.0, -79.802387962550924 ], [ 81.25, -79.232361474619069 ], [ 81.25, -79.232361474619069 ], [ 88.756259598050349, -76.926523013295451 ], [ 88.756259598050349, -76.926523013295451 ], [ 95.006259598050349, -74.804402839322094 ], [ 95.006259598050349, -74.804402839322094 ], [ 111.25, -74.28672905351246 ], [ 111.25, -74.28672905351246 ], [ 129.97952552044805, -74.482326214190365 ], [ 129.97952552044805, -74.482326214190365 ], [ 132.051765144567099, -76.25 ], [ 132.051765144567099, -76.25 ], [ 123.322239624119049, -79.106402492650204 ], [ 123.322239624119049, -79.106402492650204 ], [ 113.662573194534815, -81.606402492650204 ], [ 113.662573194534815, -81.606402492650204 ], [ 108.662573194534815, -83.899581628178893 ], [ 108.662573194534815, -83.899581628178893 ], [ 101.322343666009687, -86.399581628178893 ], [ 96.394687332019373, -87.5 ] ] } },
{ "type": "Feature", "properties": { "fid": 61, "ID": 60, "ELEV": 102900.0 }, "geometry": { "type": "LineString", "coordinates": [ [ 71.790408003138509, -87.5 ], [ 54.103697283718958, -87.5 ], [ 31.333493282149703, -87.056302048434944 ], [ 31.333493282149703, -87.056302048434944 ], [ 22.068423223677428, -85.806302048434944 ], [ 22.068423223677428, -85.806302048434944 ], [ 18.289226143385463, -82.5 ], [ 18.289226143385463, -82.5 ], [ 24.186139691552711, -78.75 ], [ 24.186139691552711, -78.75 ], [ 36.715336771844676, -77.386992835319077 ], [ 36.715336771844676, -77.386992835319077 ], [ 47.5, -78.327067821020975 ], [ 47.5, -78.327067821020975 ], [ 55.0, -80.031732365906535 ], [ 55.0, -80.031732365906535 ], [ 66.25, -81.016277020591914 ], [ 66.25, -81.016277020591914 ], [ 77.5, -81.044703825594752 ], [ 77.5, -81.044703825594752 ], [ 90.0, -78.530296572337079 ], [ 90.0, -78.530296572337079 ], [ 105.0, -76.370797917024277 ], [ 105.0, -76.370797917024277 ], [ 114.259319462505431, -75.710585529894672 ], [ 114.259319462505431, -75.710585529894672 ], [ 122.050749929276634, -75.0 ], [ 122.050749929276634, -75.0 ], [ 125.049605956491121, -76.25 ], [ 125.049605956491121, -76.25 ], [ 117.258175489719918, -78.071043400869073 ], [ 117.258175489719918, -78.071043400869073 ], [ 110.0, -79.045315859747191 ], [ 110.0, -79.045315859747191 ], [ 102.576613957135379, -82.224272458878119 ], [ 102.576613957135379, -82.224272458878119 ], [ 91.326613957135379, -85.697981168394449 ], [ 91.326613957135379, -85.697981168394449 ], [ 79.020204001569255, -86.947981168394449 ], [ 71.790408003138509, -87.5 ] ] } },
{ "type": "Feature", "properties": { "fid": 62, "ID": 61, "ELEV": 101700.0 }, "geometry": { "type": "LineString", "coordinates": [ [ -44.489236393176299, -91.25 ], [ -44.489236393176299, -90.625 ], [ -35.369618196588149, -89.520262494946053 ], [ -35.369618196588149, -89.520262494946053 ], [ -18.75, -87.555075440314226 ], [ -18.75, -87.555075440314226 ], [ -7.5, -84.527476405566148 ], [ -7.5, -84.527476405566148 ], [ -2.230158474521673, -81.492663460197974 ], [ -2.230158474521673, -81.492663460197974 ], [ 1.426154827301417, -78.75 ], [ 1.426154827301417, -78.75 ], [ 8.65631330182309, -76.634690127239509 ], [ 8.65631330182309, -76.634690127239509 ], [ 32.5, -74.597136865106819 ], [ 32.5, -74.597136865106819 ], [ 53.75, -73.799853717595312 ], [ 53.75, -73.799853717595312 ], [ 60.0, -75.541092812970291 ], [ 60.0, -75.541092812970291 ], [ 66.25, -77.228961744237097 ], [ 66.25, -77.228961744237097 ], [ 71.25, -77.548337571682893 ], [ 71.25, -77.548337571682893 ], [ 77.5, -77.031981224882045 ], [ 77.5, -77.031981224882045 ], [ 86.25, -74.612843398343372 ], [ 86.25, -74.612843398343372 ], [ 92.5, -72.461244645030177 ], [ 92.5, -72.461244645030177 ], [ 111.25, -71.95368005417447 ], [ 111.25, -71.95368005417447 ], [ 133.947942953911536, -72.096359243293705 ], [ 133.947942953911536, -72.096359243293705 ], [ 141.049954147551006, -73.75 ], [ 141.049954147551006, -73.75 ], [ 141.730320693851837, -76.25 ], [ 141.730320693851837, -76.25 ], [ 134.42978715518592, -80.0 ], [ 134.42978715518592, -80.0 ], [ 127.871589928662701, -83.75 ], [ 127.871589928662701, -83.75 ], [ 131.820112273689148, -86.824808155617021 ], [ 131.820112273689148, -86.824808155617021 ], [ 141.892468944099363, -89.324808155617021 ], [ 141.892468944099363, -89.324808155617021 ], [ 147.534937888198726, -90.625 ], [ 147.534937888198726, -91.25 ] ] } },
{ "type": "Feature", "properties": { "fid": 63, "ID": 62, "ELEV": 102000.0 }, "geometry": { "type": "LineString", "coordinates": [ [ 0.151918976545858, -91.25 ], [ 0.151918976545858, -90.625 ], [ -3.049040511727071, -89.447071780253964 ], [ -3.049040511727071, -89.447071780253964 ], [ -7.416648595901563, -88.197071780253964 ], [ -7.416648595901563, -88.197071780253964 ], [ -7.416648595901563, -87.161369000786792 ], [ -7.416648595901563, -87.161369000786792 ], [ -3.75, -85.384712343246093 ], [ -3.75, -85.384712343246093 ], [ -0.225771154647774, -83.223343342459302 ], [ -0.225771154647774, -83.223343342459302 ], [ 1.697563711604985, -81.25 ], [ 1.697563711604985, -81.25 ], [ 4.920159193336858, -78.75 ], [ 4.920159193336858, -78.75 ], [ 10.496824327084099, -76.99693787451136 ], [ 10.496824327084099, -76.99693787451136 ], [ 22.734134121274408, -75.74693787451136 ], [ 22.734134121274408, -75.74693787451136 ], [ 40.234134121274408, -74.594252450505607 ], [ 40.234134121274408, -74.594252450505607 ], [ 51.844375931137222, -74.594252450505607 ], [ 51.844375931137222, -74.594252450505607 ], [ 58.094375931137222, -76.275802102992728 ], [ 58.094375931137222, -76.275802102992728 ], [ 63.75, -77.886286306720692 ], [ 63.75, -77.886286306720692 ], [ 70.0, -78.28119641242823 ], [ 70.0, -78.28119641242823 ], [ 77.5, -77.833155883459838 ], [ 77.5, -77.833155883459838 ], [ 86.25, -75.505001674617048 ], [ 86.25, -75.505001674617048 ], [ 95.0, -73.07723332741196 ], [ 95.0, -73.07723332741196 ], [ 116.25, -72.432336041731986 ], [ 116.25, -72.432336041731986 ], [ 135.0, -72.645734212639539 ], [ 135.0, -72.645734212639539 ], [ 138.302971014492755, -73.948073498462037 ], [ 138.302971014492755, -73.948073498462037 ], [ 139.022118587247604, -76.25 ], [ 139.022118587247604, -76.25 ], [ 130.610382154437048, -80.0 ], [ 130.610382154437048, -80.0 ], [ 122.51591772490147, -83.75 ], [ 122.51591772490147, -83.75 ], [ 122.230779174241178, -86.25 ], [ 122.230779174241178, -86.25 ], [ 120.856096031021906, -88.335364171418064 ], [ 120.856096031021906, -88.335364171418064 ], [ 115.188057583130558, -89.585364171418064 ], [ 115.188057583130558, -89.585364171418064 ], [ 111.626115166261116, -90.625 ], [ 111.626115166261116, -91.25 ] ] } }
]
}
