{
"type": "FeatureCollection",
"name": "wind",
"crs": { "type": "name", "properties": { "name": "urn:ogc:def:crs:OGC:1.3:CRS84" } },
"features": [
{ "type": "Feature", "properties": { "id": 2, "u1": 1.940997838973999, "u7": -0.2088218480348587, "v1": 0.84133249521255493, "v7": 0.89122861623764038 }, "geometry": { "type": "Point", "coordinates": [ -180.0, 84.733741831 ] } },
{ "type": "Feature", "properties": { "id": 3, "u1": 0.91366523504257202, "u7": 0.91505295038223267, "v1": 0.57866513729095459, "v7": 1.1834290027618408 }, "geometry": { "type": "Point", "coordinates": [ -180.0, 79.021354831000011 ] } },
{ "type": "Feature", "properties": { "id": 4, "u1": 0.2146657258272171, "u7": -0.12009482085704803, "v1": -0.99633485078811646, "v7": 0.70370560884475708 }, "geometry": { "type": "Point", "coordinates": [ -180.0, 73.308967831000018 ] } },
{ "type": "Feature", "properties": { "id": 5, "u1": -0.19433338940143585, "u7": -0.99888485670089722, "v1": -3.8930008411407471, "v7": 0.90990424156188965 }, "geometry": { "type": "Point", "coordinates": [ -180.0, 67.596580831000011 ] } },
{ "type": "Feature", "properties": { "id": 6, "u1": -5.6326665878295898, "u7": 0.92357999086380005, "v1": -8.0966682434082031, "v7": 1.716627836227417 }, "geometry": { "type": "Point", "coordinates": [ -180.0, 61.884193831 ] } },
{ "type": "Feature", "properties": { "id": 7, "u1": -3.9236700534820557, "u7": 0.6886104941368103, "v1": -2.5550003051757812, "v7": 0.96819329261779785 }, "geometry": { "type": "Point", "coordinates": [ -180.0, 56.171806831 ] } },
{ "type": "Feature", "properties": { "id": 8, "u1": -1.1026676893234253, "u7": 1.6421816349029541, "v1": -0.74133604764938354, "v7": 1.7053318023681641 }, "geometry": { "type": "Point", "coordinates": [ -180.0, 50.459419831 ] } },
{ "type": "Feature", "properties": { "id": 9, "u1": 3.1123311519622803, "u7": 2.5903897285461426, "v1": 0.10199890285730362, "v7": 2.4224653244018555 }, "geometry": { "type": "Point", "coordinates": [ -180.0, 44.747032831 ] } },
{ "type": "Feature", "properties": { "id": 10, "u1": 6.4776644706726074, "u7": 1.4960726499557495, "v1": 0.26299947500228882, "v7": 2.7407000064849854 }, "geometry": { "type": "Point", "coordinates": [ -180.0, 39.034645831 ] } },
{ "type": "Feature", "properties": { "id": 11, "u1": 7.08599853515625, "u7": -1.729401707649231, "v1": 1.236998438835144, "v7": 1.6338484287261963 }, "geometry": { "type": "Point", "coordinates": [ -180.0, 33.322258831 ] } },
{ "type": "Feature", "properties": { "id": 12, "u1": 2.9753320217132568, "u7": -5.320775032043457, "v1": 0.25866445899009705, "v7": -0.11313884705305099 }, "geometry": { "type": "Point", "coordinates": [ -180.0, 27.609871831 ] } },
{ "type": "Feature", "properties": { "id": 13, "u1": -2.3440017700195312, "u7": -6.2464590072631836, "v1": -0.91966909170150757, "v7": -0.63816285133361816 }, "geometry": { "type": "Point", "coordinates": [ -180.0, 21.897484831 ] } },
{ "type": "Feature", "properties": { "id": 14, "u1": -6.5660014152526855, "u7": -6.9707202911376953, "v1": -2.3903350830078125, "v7": -1.2761715650558472 }, "geometry": { "type": "Point", "coordinates": [ -180.0, 16.185097831 ] } },
{ "type": "Feature", "properties": { "id": 15, "u1": -7.8066668510437012, "u7": -6.7172918319702148, "v1": -3.9160003662109375, "v7": -1.8948326110839844 }, "geometry": { "type": "Point", "coordinates": [ -180.0, 10.472710831 ] } },
{ "type": "Feature", "properties": { "id": 16, "u1": -5.8426666259765625, "u7": -3.6814062595367432, "v1": -1.8006683588027954, "v7": -0.40527918934822083 }, "geometry": { "type": "Point", "coordinates": [ -180.0, 4.760323831000016 ] } },
{ "type": "Feature", "properties": { "id": 17, "u1": -4.332334041595459, "u7": -4.0955147743225098, "v1": -1.7416671514511108, "v7": 0.12907536327838898 }, "geometry": { "type": "Point", "coordinates": [ -180.0, -0.952063169 ] } },
{ "type": "Feature", "properties": { "id": 18, "u1": -0.75566709041595459, "u7": -4.6324567794799805, "v1": -2.8860015869140625, "v7": 0.75367534160614014 }, "geometry": { "type": "Point", "coordinates": [ -180.0, -6.664450169 ] } },
{ "type": "Feature", "properties": { "id": 19, "u1": -0.89266765117645264, "u7": -6.6769537925720215, "v1": -1.3206679821014404, "v7": 3.442673921585083 }, "geometry": { "type": "Point", "coordinates": [ -180.0, -12.376837168999989 ] } },
{ "type": "Feature", "properties": { "id": 20, "u1": -3.0346689224243164, "u7": -5.1446919441223145, "v1": 0.26466572284698486, "v7": 3.4995951652526855 }, "geometry": { "type": "Point", "coordinates": [ -180.0, -18.089224168999984 ] } },
{ "type": "Feature", "properties": { "id": 21, "u1": -5.1243348121643066, "u7": -2.2617158889770508, "v1": 1.7356654405593872, "v7": 2.2671911716461182 }, "geometry": { "type": "Point", "coordinates": [ -180.0, -23.801611169 ] } },
{ "type": "Feature", "properties": { "id": 22, "u1": -4.1076674461364746, "u7": 1.0174089670181274, "v1": 1.7306655645370483, "v7": 0.84279227256774902 }, "geometry": { "type": "Point", "coordinates": [ -180.0, -29.513998169 ] } },
{ "type": "Feature", "properties": { "id": 23, "u1": -0.61800080537796021, "u7": 1.8550115823745728, "v1": 0.64833015203475952, "v7": 0.79788303375244141 }, "geometry": { "type": "Point", "coordinates": [ -180.0, -35.226385169 ] } },
{ "type": "Feature", "properties": { "id": 24, "u1": 0.63099873065948486, "u7": 1.5201610326766968, "v1": -0.68000233173370361, "v7": 1.0335280895233154 }, "geometry": { "type": "Point", "coordinates": [ -180.0, -40.938772168999982 ] } },
{ "type": "Feature", "properties": { "id": 25, "u1": 4.3843321800231934, "u7": 4.2220473289489746, "v1": -1.2670003175735474, "v7": 0.067974939942359924 }, "geometry": { "type": "Point", "coordinates": [ -180.0, -46.651159168999989 ] } },
{ "type": "Feature", "properties": { "id": 26, "u1": 7.3223309516906738, "u7": 7.3933424949645996, "v1": -2.1486685276031494, "v7": -1.3079019784927368 }, "geometry": { "type": "Point", "coordinates": [ -180.0, -52.363546169 ] } },
{ "type": "Feature", "properties": { "id": 27, "u1": 7.1129970550537109, "u7": 8.6405982971191406, "v1": -2.2796671390533447, "v7": -1.6958097219467163 }, "geometry": { "type": "Point", "coordinates": [ -180.0, -58.075933169 ] } },
{ "type": "Feature", "properties": { "id": 28, "u1": 4.9753322601318359, "u7": 5.5726537704467773, "v1": -1.4883331060409546, "v7": 0.11407020688056946 }, "geometry": { "type": "Point", "coordinates": [ -180.0, -63.788320168999981 ] } },
{ "type": "Feature", "properties": { "id": 29, "u1": -0.71066743135452271, "u7": 0.85504215955734253, "v1": 1.4559981822967529, "v7": 2.7146944999694824 }, "geometry": { "type": "Point", "coordinates": [ -180.0, -69.50070716899998 ] } },
{ "type": "Feature", "properties": { "id": 30, "u1": -0.71699929237365723, "u7": 3.0788164138793945, "v1": 4.0709991455078125, "v7": 5.2202539443969727 }, "geometry": { "type": "Point", "coordinates": [ -180.0, -75.213094168999987 ] } },
{ "type": "Feature", "properties": { "id": 31, "u1": -0.58933514356613159, "u7": -1.3362091779708862, "v1": 2.987999439239502, "v7": 6.8097438812255859 }, "geometry": { "type": "Point", "coordinates": [ -180.0, -80.925481168999966 ] } },
{ "type": "Feature", "properties": { "id": 32, "u1": -3.4480011463165283, "u7": -6.8498239517211914, "v1": 5.6466660499572754, "v7": 14.253820419311523 }, "geometry": { "type": "Point", "coordinates": [ -180.0, -86.637868168999972 ] } },
{ "type": "Feature", "properties": { "id": 34, "u1": 2.041999340057373, "u7": -0.11188807338476181, "v1": 0.59899699687957764, "v7": 0.97367089986801147 }, "geometry": { "type": "Point", "coordinates": [ -174.375, 84.733741831 ] } },
{ "type": "Feature", "properties": { "id": 35, "u1": 0.98733216524124146, "u7": 0.95326781272888184, "v1": 0.44966736435890198, "v7": 1.2108944654464722 }, "geometry": { "type": "Point", "coordinates": [ -174.375, 79.021354831000011 ] } },
{ "type": "Feature", "properties": { "id": 36, "u1": -0.63666790723800659, "u7": -0.00075091520557180047, "v1": -1.3596680164337158, "v7": 0.83398109674453735 }, "geometry": { "type": "Point", "coordinates": [ -174.375, 73.308967831000018 ] } },
{ "type": "Feature", "properties": { "id": 37, "u1": -0.74966835975646973, "u7": -0.74921602010726929, "v1": -5.4583349227905273, "v7": 0.78211385011672974 }, "geometry": { "type": "Point", "coordinates": [ -174.375, 67.596580831000011 ] } },
{ "type": "Feature", "properties": { "id": 38, "u1": -5.413001537322998, "u7": 0.84588557481765747, "v1": -5.7360010147094727, "v7": 1.2352725267410278 }, "geometry": { "type": "Point", "coordinates": [ -174.375, 61.884193831 ] } },
{ "type": "Feature", "properties": { "id": 39, "u1": -3.6083347797393799, "u7": 0.69683736562728882, "v1": -2.735332727432251, "v7": 0.93892776966094971 }, "geometry": { "type": "Point", "coordinates": [ -174.375, 56.171806831 ] } },
{ "type": "Feature", "properties": { "id": 40, "u1": -0.81600087881088257, "u7": 2.2969965934753418, "v1": -0.49066874384880066, "v7": 1.7116413116455078 }, "geometry": { "type": "Point", "coordinates": [ -174.375, 50.459419831 ] } },
{ "type": "Feature", "properties": { "id": 41, "u1": 2.7426650524139404, "u7": 2.9206342697143555, "v1": 0.52233225107192993, "v7": 2.5690231323242188 }, "geometry": { "type": "Point", "coordinates": [ -174.375, 44.747032831 ] } },
{ "type": "Feature", "properties": { "id": 42, "u1": 6.1856646537780762, "u7": 1.3147060871124268, "v1": 1.150665283203125, "v7": 2.4679157733917236 }, "geometry": { "type": "Point", "coordinates": [ -174.375, 39.034645831 ] } },
{ "type": "Feature", "properties": { "id": 43, "u1": 6.7886643409729004, "u7": -2.3303561210632324, "v1": 1.5743306875228882, "v7": 0.79946696758270264 }, "geometry": { "type": "Point", "coordinates": [ -174.375, 33.322258831 ] } },
{ "type": "Feature", "properties": { "id": 44, "u1": 2.889331579208374, "u7": -5.6244735717773438, "v1": 0.28333130478858948, "v7": -0.65437215566635132 }, "geometry": { "type": "Point", "coordinates": [ -174.375, 27.609871831 ] } },
{ "type": "Feature", "properties": { "id": 45, "u1": -2.4756672382354736, "u7": -6.3115224838256836, "v1": -1.046001672744751, "v7": -0.90189540386199951 }, "geometry": { "type": "Point", "coordinates": [ -174.375, 21.897484831 ] } },
{ "type": "Feature", "properties": { "id": 46, "u1": -6.5310001373291016, "u7": -7.0654101371765137, "v1": -2.4350001811981201, "v7": -1.5023797750473022 }, "geometry": { "type": "Point", "coordinates": [ -174.375, 16.185097831 ] } },
{ "type": "Feature", "properties": { "id": 47, "u1": -7.8386678695678711, "u7": -6.7898097038269043, "v1": -3.8943343162536621, "v7": -2.2373137474060059 }, "geometry": { "type": "Point", "coordinates": [ -174.375, 10.472710831 ] } },
{ "type": "Feature", "properties": { "id": 48, "u1": -5.8860015869140625, "u7": -3.9513750076293945, "v1": -1.099334716796875, "v7": -0.28943908214569092 }, "geometry": { "type": "Point", "coordinates": [ -174.375, 4.760323831000016 ] } },
{ "type": "Feature", "properties": { "id": 49, "u1": -4.8800020217895508, "u7": -4.460202693939209, "v1": -1.4620010852813721, "v7": 0.21888858079910278 }, "geometry": { "type": "Point", "coordinates": [ -174.375, -0.952063169 ] } },
{ "type": "Feature", "properties": { "id": 50, "u1": -1.879668116569519, "u7": -5.2474255561828613, "v1": -3.1433343887329102, "v7": 0.66293364763259888 }, "geometry": { "type": "Point", "coordinates": [ -174.375, -6.664450169 ] } },
{ "type": "Feature", "properties": { "id": 51, "u1": -0.92633461952209473, "u7": -5.9255733489990234, "v1": -2.2596664428710938, "v7": 2.3664953708648682 }, "geometry": { "type": "Point", "coordinates": [ -174.375, -12.376837168999989 ] } },
{ "type": "Feature", "properties": { "id": 52, "u1": -2.9870009422302246, "u7": -5.258509635925293, "v1": 0.44199779629707336, "v7": 3.7558445930480957 }, "geometry": { "type": "Point", "coordinates": [ -174.375, -18.089224168999984 ] } },
{ "type": "Feature", "properties": { "id": 53, "u1": -4.6540002822875977, "u7": -2.2844283580780029, "v1": 1.6033309698104858, "v7": 2.2362868785858154 }, "geometry": { "type": "Point", "coordinates": [ -174.375, -23.801611169 ] } },
{ "type": "Feature", "properties": { "id": 54, "u1": -3.9250020980834961, "u7": 1.172243595123291, "v1": 1.7183319330215454, "v7": 0.98357921838760376 }, "geometry": { "type": "Point", "coordinates": [ -174.375, -29.513998169 ] } },
{ "type": "Feature", "properties": { "id": 55, "u1": -1.2393351793289185, "u7": 1.8892021179199219, "v1": 0.46166533231735229, "v7": 0.70216476917266846 }, "geometry": { "type": "Point", "coordinates": [ -174.375, -35.226385169 ] } },
{ "type": "Feature", "properties": { "id": 56, "u1": 1.2193318605422974, "u7": 1.6824343204498291, "v1": -0.34700113534927368, "v7": 1.1827737092971802 }, "geometry": { "type": "Point", "coordinates": [ -174.375, -40.938772168999982 ] } },
{ "type": "Feature", "properties": { "id": 57, "u1": 4.7863302230834961, "u7": 4.7546510696411133, "v1": -0.89433491230010986, "v7": 0.81356358528137207 }, "geometry": { "type": "Point", "coordinates": [ -174.375, -46.651159168999989 ] } },
{ "type": "Feature", "properties": { "id": 58, "u1": 7.2379975318908691, "u7": 7.2881917953491211, "v1": -1.7680013179779053, "v7": -0.55336695909500122 }, "geometry": { "type": "Point", "coordinates": [ -174.375, -52.363546169 ] } },
{ "type": "Feature", "properties": { "id": 59, "u1": 6.8903303146362305, "u7": 8.371673583984375, "v1": -2.0076680183410645, "v7": -1.4051674604415894 }, "geometry": { "type": "Point", "coordinates": [ -174.375, -58.075933169 ] } },
{ "type": "Feature", "properties": { "id": 60, "u1": 4.7966647148132324, "u7": 4.9742727279663086, "v1": -1.7346664667129517, "v7": -0.26569917798042297 }, "geometry": { "type": "Point", "coordinates": [ -174.375, -63.788320168999981 ] } },
{ "type": "Feature", "properties": { "id": 61, "u1": 0.099998980760574341, "u7": 1.6707038879394531, "v1": 0.32166594266891479, "v7": 0.6797713041305542 }, "geometry": { "type": "Point", "coordinates": [ -174.375, -69.50070716899998 ] } },
{ "type": "Feature", "properties": { "id": 62, "u1": -0.88700157403945923, "u7": 1.7541226148605347, "v1": 3.5706639289855957, "v7": 3.4971203804016113 }, "geometry": { "type": "Point", "coordinates": [ -174.375, -75.213094168999987 ] } },
{ "type": "Feature", "properties": { "id": 63, "u1": -0.92300111055374146, "u7": -1.9223675727844238, "v1": 2.6629984378814697, "v7": 5.4220657348632812 }, "geometry": { "type": "Point", "coordinates": [ -174.375, -80.925481168999966 ] } },
{ "type": "Feature", "properties": { "id": 64, "u1": -3.9969995021820068, "u7": -8.2377700805664062, "v1": 5.524998664855957, "v7": 13.971317291259766 }, "geometry": { "type": "Point", "coordinates": [ -174.375, -86.637868168999972 ] } },
{ "type": "Feature", "properties": { "id": 66, "u1": 2.1269962787628174, "u7": -0.0061280727386474609, "v1": 0.34666544198989868, "v7": 1.0148805379867554 }, "geometry": { "type": "Point", "coordinates": [ -168.75, 84.733741831 ] } },
{ "type": "Feature", "properties": { "id": 67, "u1": 1.0826644897460938, "u7": 0.94325172901153564, "v1": 0.25399881601333618, "v7": 1.2468245029449463 }, "geometry": { "type": "Point", "coordinates": [ -168.75, 79.021354831000011 ] } },
{ "type": "Feature", "properties": { "id": 68, "u1": -1.3300013542175293, "u7": -0.092343889176845551, "v1": -1.5876662731170654, "v7": 0.94206386804580688 }, "geometry": { "type": "Point", "coordinates": [ -168.75, 73.308967831000018 ] } },
{ "type": "Feature", "properties": { "id": 69, "u1": -2.2173354625701904, "u7": 0.12319757044315338, "v1": -4.939333438873291, "v7": 0.17137524485588074 }, "geometry": { "type": "Point", "coordinates": [ -168.75, 67.596580831000011 ] } },
{ "type": "Feature", "properties": { "id": 70, "u1": -3.7076675891876221, "u7": 1.1791089773178101, "v1": -3.5533349514007568, "v7": 0.93511450290679932 }, "geometry": { "type": "Point", "coordinates": [ -168.75, 61.884193831 ] } },
{ "type": "Feature", "properties": { "id": 71, "u1": -3.327667236328125, "u7": 0.51301926374435425, "v1": -2.796668529510498, "v7": 0.99561476707458496 }, "geometry": { "type": "Point", "coordinates": [ -168.75, 56.171806831 ] } },
{ "type": "Feature", "properties": { "id": 72, "u1": -0.45666757225990295, "u7": 3.0464825630187988, "v1": -0.32766875624656677, "v7": 2.0969405174255371 }, "geometry": { "type": "Point", "coordinates": [ -168.75, 50.459419831 ] } },
{ "type": "Feature", "properties": { "id": 73, "u1": 2.6703324317932129, "u7": 3.2967143058776855, "v1": 1.198332667350769, "v7": 2.5641496181488037 }, "geometry": { "type": "Point", "coordinates": [ -168.75, 44.747032831 ] } },
{ "type": "Feature", "properties": { "id": 74, "u1": 5.7846636772155762, "u7": 1.1308472156524658, "v1": 1.863666296005249, "v7": 2.124117374420166 }, "geometry": { "type": "Point", "coordinates": [ -168.75, 39.034645831 ] } },
{ "type": "Feature", "properties": { "id": 75, "u1": 6.0109992027282715, "u7": -3.1161749362945557, "v1": 1.8153315782546997, "v7": 0.5434221625328064 }, "geometry": { "type": "Point", "coordinates": [ -168.75, 33.322258831 ] } },
{ "type": "Feature", "properties": { "id": 76, "u1": 2.6303315162658691, "u7": -5.8867011070251465, "v1": 0.37399902939796448, "v7": -0.54665791988372803 }, "geometry": { "type": "Point", "coordinates": [ -168.75, 27.609871831 ] } },
{ "type": "Feature", "properties": { "id": 77, "u1": -2.7010009288787842, "u7": -6.5652384757995605, "v1": -0.90366768836975098, "v7": -0.92940962314605713 }, "geometry": { "type": "Point", "coordinates": [ -168.75, 21.897484831 ] } },
{ "type": "Feature", "properties": { "id": 78, "u1": -6.5956668853759766, "u7": -7.3691463470458984, "v1": -2.4216675758361816, "v7": -1.6621959209442139 }, "geometry": { "type": "Point", "coordinates": [ -168.75, 16.185097831 ] } },
{ "type": "Feature", "properties": { "id": 79, "u1": -7.9253344535827637, "u7": -6.8587813377380371, "v1": -3.6870005130767822, "v7": -2.4481682777404785 }, "geometry": { "type": "Point", "coordinates": [ -168.75, 10.472710831 ] } },
{ "type": "Feature", "properties": { "id": 80, "u1": -5.9653339385986328, "u7": -4.1723642349243164, "v1": -0.49266663193702698, "v7": -0.063503846526145935 }, "geometry": { "type": "Point", "coordinates": [ -168.75, 4.760323831000016 ] } },
{ "type": "Feature", "properties": { "id": 81, "u1": -5.4193353652954102, "u7": -5.0515961647033691, "v1": -1.0016672611236572, "v7": 0.38085556030273438 }, "geometry": { "type": "Point", "coordinates": [ -168.75, -0.952063169 ] } },
{ "type": "Feature", "properties": { "id": 82, "u1": -2.8700017929077148, "u7": -5.5240392684936523, "v1": -2.7710001468658447, "v7": 0.54811370372772217 }, "geometry": { "type": "Point", "coordinates": [ -168.75, -6.664450169 ] } },
{ "type": "Feature", "properties": { "id": 83, "u1": -0.9033355712890625, "u7": -5.9530177116394043, "v1": -2.5956690311431885, "v7": 1.9136885404586792 }, "geometry": { "type": "Point", "coordinates": [ -168.75, -12.376837168999989 ] } },
{ "type": "Feature", "properties": { "id": 84, "u1": -3.1583349704742432, "u7": -5.2979044914245605, "v1": -0.49566802382469177, "v7": 2.8109879493713379 }, "geometry": { "type": "Point", "coordinates": [ -168.75, -18.089224168999984 ] } },
{ "type": "Feature", "properties": { "id": 85, "u1": -4.4873361587524414, "u7": -2.1154696941375732, "v1": 1.0443323850631714, "v7": 2.0370039939880371 }, "geometry": { "type": "Point", "coordinates": [ -168.75, -23.801611169 ] } },
{ "type": "Feature", "properties": { "id": 86, "u1": -3.9173364639282227, "u7": 1.2947534322738647, "v1": 1.3529983758926392, "v7": 0.867725670337677 }, "geometry": { "type": "Point", "coordinates": [ -168.75, -29.513998169 ] } },
{ "type": "Feature", "properties": { "id": 87, "u1": -1.5470016002655029, "u7": 1.8997889757156372, "v1": 0.49799907207489014, "v7": 0.50494521856307983 }, "geometry": { "type": "Point", "coordinates": [ -168.75, -35.226385169 ] } },
{ "type": "Feature", "properties": { "id": 88, "u1": 1.4919978380203247, "u7": 2.2727620601654053, "v1": -0.49133503437042236, "v7": 0.94937121868133545 }, "geometry": { "type": "Point", "coordinates": [ -168.75, -40.938772168999982 ] } },
{ "type": "Feature", "properties": { "id": 89, "u1": 4.6843314170837402, "u7": 4.2496218681335449, "v1": -1.0923334360122681, "v7": 0.83569145202636719 }, "geometry": { "type": "Point", "coordinates": [ -168.75, -46.651159168999989 ] } },
{ "type": "Feature", "properties": { "id": 90, "u1": 6.8399977684020996, "u7": 6.5344557762145996, "v1": -1.862334132194519, "v7": -0.30907183885574341 }, "geometry": { "type": "Point", "coordinates": [ -168.75, -52.363546169 ] } },
{ "type": "Feature", "properties": { "id": 91, "u1": 6.6633315086364746, "u7": 8.0780925750732422, "v1": -1.9373346567153931, "v7": -1.4528056383132935 }, "geometry": { "type": "Point", "coordinates": [ -168.75, -58.075933169 ] } },
{ "type": "Feature", "properties": { "id": 92, "u1": 4.6669988632202148, "u7": 4.2413692474365234, "v1": -1.7866673469543457, "v7": -0.89980357885360718 }, "geometry": { "type": "Point", "coordinates": [ -168.75, -63.788320168999981 ] } },
{ "type": "Feature", "properties": { "id": 93, "u1": 0.70299834012985229, "u7": 2.1572868824005127, "v1": -0.29800212383270264, "v7": -0.31715652346611023 }, "geometry": { "type": "Point", "coordinates": [ -168.75, -69.50070716899998 ] } },
{ "type": "Feature", "properties": { "id": 94, "u1": -0.98900145292282104, "u7": 0.79187309741973877, "v1": 2.7836644649505615, "v7": 2.1734609603881836 }, "geometry": { "type": "Point", "coordinates": [ -168.75, -75.213094168999987 ] } },
{ "type": "Feature", "properties": { "id": 95, "u1": -1.2133342027664185, "u7": -2.2647261619567871, "v1": 2.2829992771148682, "v7": 3.8976950645446777 }, "geometry": { "type": "Point", "coordinates": [ -168.75, -80.925481168999966 ] } },
{ "type": "Feature", "properties": { "id": 96, "u1": -4.5493345260620117, "u7": -9.5759172439575195, "v1": 5.3396663665771484, "v7": 13.485902786254883 }, "geometry": { "type": "Point", "coordinates": [ -168.75, -86.637868168999972 ] } },
{ "type": "Feature", "properties": { "id": 98, "u1": 2.1929986476898193, "u7": 0.10128901898860931, "v1": 0.08966623991727829, "v7": 1.0171787738800049 }, "geometry": { "type": "Point", "coordinates": [ -163.125, 84.733741831 ] } },
{ "type": "Feature", "properties": { "id": 99, "u1": 1.1759994029998779, "u7": 0.93619531393051147, "v1": 0.0029988607857376337, "v7": 1.2869975566864014 }, "geometry": { "type": "Point", "coordinates": [ -163.125, 79.021354831000011 ] } },
{ "type": "Feature", "properties": { "id": 100, "u1": -1.6416677236557007, "u7": -0.29254674911499023, "v1": -1.604668140411377, "v7": 1.03880774974823 }, "geometry": { "type": "Point", "coordinates": [ -163.125, 73.308967831000018 ] } },
{ "type": "Feature", "properties": { "id": 101, "u1": -3.0803349018096924, "u7": 0.78206247091293335, "v1": -2.5340020656585693, "v7": -0.32349318265914917 }, "geometry": { "type": "Point", "coordinates": [ -163.125, 67.596580831000011 ] } },
{ "type": "Feature", "properties": { "id": 102, "u1": -3.1166677474975586, "u7": 1.6708540916442871, "v1": -1.7183328866958618, "v7": 0.7044450044631958 }, "geometry": { "type": "Point", "coordinates": [ -163.125, 61.884193831 ] } },
{ "type": "Feature", "properties": { "id": 103, "u1": -2.8463358879089355, "u7": 1.0306175947189331, "v1": -2.5783345699310303, "v7": 0.77380633354187012 }, "geometry": { "type": "Point", "coordinates": [ -163.125, 56.171806831 ] } },
{ "type": "Feature", "properties": { "id": 104, "u1": 0.0013326009502634406, "u7": 3.3307242393493652, "v1": 0.23633168637752533, "v7": 2.2900416851043701 }, "geometry": { "type": "Point", "coordinates": [ -163.125, 50.459419831 ] } },
{ "type": "Feature", "properties": { "id": 105, "u1": 2.7553315162658691, "u7": 3.41754150390625, "v1": 1.6903325319290161, "v7": 2.3871493339538574 }, "geometry": { "type": "Point", "coordinates": [ -163.125, 44.747032831 ] } },
{ "type": "Feature", "properties": { "id": 106, "u1": 5.4413318634033203, "u7": 0.92946314811706543, "v1": 2.4373326301574707, "v7": 1.7746047973632812 }, "geometry": { "type": "Point", "coordinates": [ -163.125, 39.034645831 ] } },
{ "type": "Feature", "properties": { "id": 107, "u1": 5.3879971504211426, "u7": -3.6534531116485596, "v1": 2.0750000476837158, "v7": -0.0056790667586028576 }, "geometry": { "type": "Point", "coordinates": [ -163.125, 33.322258831 ] } },
{ "type": "Feature", "properties": { "id": 108, "u1": 2.0473322868347168, "u7": -6.1376385688781738, "v1": 0.53166401386260986, "v7": -0.86857926845550537 }, "geometry": { "type": "Point", "coordinates": [ -163.125, 27.609871831 ] } },
{ "type": "Feature", "properties": { "id": 109, "u1": -2.6530013084411621, "u7": -6.6548371315002441, "v1": -0.98266756534576416, "v7": -1.6949740648269653 }, "geometry": { "type": "Point", "coordinates": [ -163.125, 21.897484831 ] } },
{ "type": "Feature", "properties": { "id": 110, "u1": -6.8823347091674805, "u7": -7.7667622566223145, "v1": -2.2846674919128418, "v7": -1.8336771726608276 }, "geometry": { "type": "Point", "coordinates": [ -163.125, 16.185097831 ] } },
{ "type": "Feature", "properties": { "id": 111, "u1": -8.0443344116210938, "u7": -6.9863886833190918, "v1": -3.4100022315979004, "v7": -2.7522819042205811 }, "geometry": { "type": "Point", "coordinates": [ -163.125, 10.472710831 ] } },
{ "type": "Feature", "properties": { "id": 112, "u1": -6.4270024299621582, "u7": -4.3761358261108398, "v1": -0.11966755986213684, "v7": 0.39442044496536255 }, "geometry": { "type": "Point", "coordinates": [ -163.125, 4.760323831000016 ] } },
{ "type": "Feature", "properties": { "id": 113, "u1": -5.7563328742980957, "u7": -5.4208760261535645, "v1": -0.76766866445541382, "v7": 0.51179724931716919 }, "geometry": { "type": "Point", "coordinates": [ -163.125, -0.952063169 ] } },
{ "type": "Feature", "properties": { "id": 114, "u1": -3.5953342914581299, "u7": -5.7606472969055176, "v1": -2.6883337497711182, "v7": 0.32736417651176453 }, "geometry": { "type": "Point", "coordinates": [ -163.125, -6.664450169 ] } },
{ "type": "Feature", "properties": { "id": 115, "u1": -2.0553364753723145, "u7": -6.3948779106140137, "v1": -2.4436676502227783, "v7": 1.6436984539031982 }, "geometry": { "type": "Point", "coordinates": [ -163.125, -12.376837168999989 ] } },
{ "type": "Feature", "properties": { "id": 116, "u1": -3.0330002307891846, "u7": -5.2327909469604492, "v1": -1.2290008068084717, "v7": 2.4445831775665283 }, "geometry": { "type": "Point", "coordinates": [ -163.125, -18.089224168999984 ] } },
{ "type": "Feature", "properties": { "id": 117, "u1": -4.2543349266052246, "u7": -1.9191200733184814, "v1": 0.63699847459793091, "v7": 1.5641270875930786 }, "geometry": { "type": "Point", "coordinates": [ -163.125, -23.801611169 ] } },
{ "type": "Feature", "properties": { "id": 118, "u1": -3.8003346920013428, "u7": 1.100798487663269, "v1": 0.67066496610641479, "v7": 0.61518317461013794 }, "geometry": { "type": "Point", "coordinates": [ -163.125, -29.513998169 ] } },
{ "type": "Feature", "properties": { "id": 119, "u1": -1.739001989364624, "u7": 2.054654598236084, "v1": 0.27399852871894836, "v7": 0.32021802663803101 }, "geometry": { "type": "Point", "coordinates": [ -163.125, -35.226385169 ] } },
{ "type": "Feature", "properties": { "id": 120, "u1": 1.4399979114532471, "u7": 2.4979827404022217, "v1": -0.82366740703582764, "v7": 0.47248443961143494 }, "geometry": { "type": "Point", "coordinates": [ -163.125, -40.938772168999982 ] } },
{ "type": "Feature", "properties": { "id": 121, "u1": 4.7126641273498535, "u7": 4.1946568489074707, "v1": -1.4640014171600342, "v7": 0.40849736332893372 }, "geometry": { "type": "Point", "coordinates": [ -163.125, -46.651159168999989 ] } },
{ "type": "Feature", "properties": { "id": 122, "u1": 6.8376646041870117, "u7": 6.2029767036437988, "v1": -1.750001072883606, "v7": -0.13985846936702728 }, "geometry": { "type": "Point", "coordinates": [ -163.125, -52.363546169 ] } },
{ "type": "Feature", "properties": { "id": 123, "u1": 6.5406641960144043, "u7": 7.6976957321166992, "v1": -2.0233352184295654, "v7": -1.5163508653640747 }, "geometry": { "type": "Point", "coordinates": [ -163.125, -58.075933169 ] } },
{ "type": "Feature", "properties": { "id": 124, "u1": 4.6026639938354492, "u7": 4.1574153900146484, "v1": -1.7153335809707642, "v7": -1.1400495767593384 }, "geometry": { "type": "Point", "coordinates": [ -163.125, -63.788320168999981 ] } },
{ "type": "Feature", "properties": { "id": 125, "u1": 1.1139973402023315, "u7": 2.4206058979034424, "v1": -0.54933524131774902, "v7": -0.56044763326644897 }, "geometry": { "type": "Point", "coordinates": [ -163.125, -69.50070716899998 ] } },
{ "type": "Feature", "properties": { "id": 126, "u1": -1.0903351306915283, "u7": 0.013549693860113621, "v1": 1.9436650276184082, "v7": 1.2630609273910522 }, "geometry": { "type": "Point", "coordinates": [ -163.125, -75.213094168999987 ] } },
{ "type": "Feature", "properties": { "id": 127, "u1": -1.4566681385040283, "u7": -2.4126317501068115, "v1": 1.7669987678527832, "v7": 2.1819379329681396 }, "geometry": { "type": "Point", "coordinates": [ -163.125, -80.925481168999966 ] } },
{ "type": "Feature", "properties": { "id": 128, "u1": -5.1050014495849609, "u7": -10.824517250061035, "v1": 5.0899982452392578, "v7": 12.790679931640625 }, "geometry": { "type": "Point", "coordinates": [ -163.125, -86.637868168999972 ] } },
{ "type": "Feature", "properties": { "id": 130, "u1": 2.2299978733062744, "u7": 0.19782625138759613, "v1": -0.1696675568819046, "v7": 0.98528468608856201 }, "geometry": { "type": "Point", "coordinates": [ -157.5, 84.733741831 ] } },
{ "type": "Feature", "properties": { "id": 131, "u1": 1.2489980459213257, "u7": 0.97703111171722412, "v1": -0.26033478975296021, "v7": 1.3064097166061401 }, "geometry": { "type": "Point", "coordinates": [ -157.5, 79.021354831000011 ] } },
{ "type": "Feature", "properties": { "id": 132, "u1": -1.5536671876907349, "u7": -0.28548604249954224, "v1": -1.3290008306503296, "v7": 1.1607661247253418 }, "geometry": { "type": "Point", "coordinates": [ -157.5, 73.308967831000018 ] } },
{ "type": "Feature", "properties": { "id": 133, "u1": -3.1813349723815918, "u7": 0.81284862756729126, "v1": -0.78433531522750854, "v7": -0.1386968195438385 }, "geometry": { "type": "Point", "coordinates": [ -157.5, 67.596580831000011 ] } },
{ "type": "Feature", "properties": { "id": 134, "u1": -3.0099999904632568, "u7": 0.78838419914245605, "v1": -1.7063344717025757, "v7": 1.0575908422470093 }, "geometry": { "type": "Point", "coordinates": [ -157.5, 61.884193831 ] } },
{ "type": "Feature", "properties": { "id": 135, "u1": -2.1503336429595947, "u7": 1.738502025604248, "v1": -1.9830012321472168, "v7": 0.64355677366256714 }, "geometry": { "type": "Point", "coordinates": [ -157.5, 56.171806831 ] } },
{ "type": "Feature", "properties": { "id": 136, "u1": 0.91133171319961548, "u7": 3.7925925254821777, "v1": 1.0789992809295654, "v7": 1.8747059106826782 }, "geometry": { "type": "Point", "coordinates": [ -157.5, 50.459419831 ] } },
{ "type": "Feature", "properties": { "id": 137, "u1": 2.7319991588592529, "u7": 3.6014494895935059, "v1": 2.3629984855651855, "v7": 1.9917043447494507 }, "geometry": { "type": "Point", "coordinates": [ -157.5, 44.747032831 ] } },
{ "type": "Feature", "properties": { "id": 138, "u1": 4.9226655960083008, "u7": 0.67951077222824097, "v1": 3.1023321151733398, "v7": 0.95424044132232666 }, "geometry": { "type": "Point", "coordinates": [ -157.5, 39.034645831 ] } },
{ "type": "Feature", "properties": { "id": 139, "u1": 4.7353310585021973, "u7": -3.7994945049285889, "v1": 2.3123321533203125, "v7": -0.48562699556350708 }, "geometry": { "type": "Point", "coordinates": [ -157.5, 33.322258831 ] } },
{ "type": "Feature", "properties": { "id": 140, "u1": 1.4863332509994507, "u7": -6.3815517425537109, "v1": 1.0706650018692017, "v7": -1.0568701028823853 }, "geometry": { "type": "Point", "coordinates": [ -157.5, 27.609871831 ] } },
{ "type": "Feature", "properties": { "id": 141, "u1": -2.4556677341461182, "u7": -6.4834561347961426, "v1": -0.45833536982536316, "v7": -1.448677659034729 }, "geometry": { "type": "Point", "coordinates": [ -157.5, 21.897484831 ] } },
{ "type": "Feature", "properties": { "id": 142, "u1": -7.1200008392333984, "u7": -7.791353702545166, "v1": -2.7710027694702148, "v7": -3.2523210048675537 }, "geometry": { "type": "Point", "coordinates": [ -157.5, 16.185097831 ] } },
{ "type": "Feature", "properties": { "id": 143, "u1": -8.1470022201538086, "u7": -6.9478116035461426, "v1": -3.5283341407775879, "v7": -2.9960331916809082 }, "geometry": { "type": "Point", "coordinates": [ -157.5, 10.472710831 ] } },
{ "type": "Feature", "properties": { "id": 144, "u1": -6.331000804901123, "u7": -4.1809453964233398, "v1": -0.06566823273897171, "v7": 0.76255089044570923 }, "geometry": { "type": "Point", "coordinates": [ -157.5, 4.760323831000016 ] } },
{ "type": "Feature", "properties": { "id": 145, "u1": -5.910667896270752, "u7": -5.5961065292358398, "v1": -0.62099915742874146, "v7": 0.44411164522171021 }, "geometry": { "type": "Point", "coordinates": [ -157.5, -0.952063169 ] } },
{ "type": "Feature", "properties": { "id": 146, "u1": -4.1273331642150879, "u7": -5.9243874549865723, "v1": -2.5303339958190918, "v7": 0.37028509378433228 }, "geometry": { "type": "Point", "coordinates": [ -157.5, -6.664450169 ] } },
{ "type": "Feature", "properties": { "id": 147, "u1": -2.7619996070861816, "u7": -6.4632577896118164, "v1": -2.1226675510406494, "v7": 1.3990145921707153 }, "geometry": { "type": "Point", "coordinates": [ -157.5, -12.376837168999989 ] } },
{ "type": "Feature", "properties": { "id": 148, "u1": -2.7726678848266602, "u7": -4.9303302764892578, "v1": -0.55533546209335327, "v7": 2.4846484661102295 }, "geometry": { "type": "Point", "coordinates": [ -157.5, -18.089224168999984 ] } },
{ "type": "Feature", "properties": { "id": 149, "u1": -4.1810016632080078, "u7": -2.1219875812530518, "v1": 0.40233203768730164, "v7": 1.3297704458236694 }, "geometry": { "type": "Point", "coordinates": [ -157.5, -23.801611169 ] } },
{ "type": "Feature", "properties": { "id": 150, "u1": -3.8046681880950928, "u7": 1.0243620872497559, "v1": 0.43599852919578552, "v7": 0.12720474600791931 }, "geometry": { "type": "Point", "coordinates": [ -157.5, -29.513998169 ] } },
{ "type": "Feature", "properties": { "id": 151, "u1": -1.6600011587142944, "u7": 2.4278502464294434, "v1": -0.061668906360864639, "v7": 0.092449277639389038 }, "geometry": { "type": "Point", "coordinates": [ -157.5, -35.226385169 ] } },
{ "type": "Feature", "properties": { "id": 152, "u1": 1.5156646966934204, "u7": 2.8466036319732666, "v1": -0.66833549737930298, "v7": 0.27156466245651245 }, "geometry": { "type": "Point", "coordinates": [ -157.5, -40.938772168999982 ] } },
{ "type": "Feature", "properties": { "id": 153, "u1": 5.0246658325195312, "u7": 4.4493484497070312, "v1": -1.6043339967727661, "v7": -0.068014048039913177 }, "geometry": { "type": "Point", "coordinates": [ -157.5, -46.651159168999989 ] } },
{ "type": "Feature", "properties": { "id": 154, "u1": 6.9286651611328125, "u7": 6.0121970176696777, "v1": -1.6096689701080322, "v7": -0.11311186105012894 }, "geometry": { "type": "Point", "coordinates": [ -157.5, -52.363546169 ] } },
{ "type": "Feature", "properties": { "id": 155, "u1": 6.3123302459716797, "u7": 7.107877254486084, "v1": -1.8940002918243408, "v7": -1.6409691572189331 }, "geometry": { "type": "Point", "coordinates": [ -157.5, -58.075933169 ] } },
{ "type": "Feature", "properties": { "id": 156, "u1": 4.6666650772094727, "u7": 4.3111953735351562, "v1": -1.6210001707077026, "v7": -1.310699462890625 }, "geometry": { "type": "Point", "coordinates": [ -157.5, -63.788320168999981 ] } },
{ "type": "Feature", "properties": { "id": 157, "u1": 1.4216644763946533, "u7": 2.6576921939849854, "v1": -0.63600212335586548, "v7": -0.62069380283355713 }, "geometry": { "type": "Point", "coordinates": [ -157.5, -69.50070716899998 ] } },
{ "type": "Feature", "properties": { "id": 158, "u1": -1.1030008792877197, "u7": -0.90904349088668823, "v1": 1.1749985218048096, "v7": 0.49054494500160217 }, "geometry": { "type": "Point", "coordinates": [ -157.5, -75.213094168999987 ] } },
{ "type": "Feature", "properties": { "id": 159, "u1": -1.6300013065338135, "u7": -2.3915045261383057, "v1": 1.0743316411972046, "v7": 0.2971167266368866 }, "geometry": { "type": "Point", "coordinates": [ -157.5, -80.925481168999966 ] } },
{ "type": "Feature", "properties": { "id": 160, "u1": -5.6340017318725586, "u7": -11.934931755065918, "v1": 4.7609982490539551, "v7": 11.896195411682129 }, "geometry": { "type": "Point", "coordinates": [ -157.5, -86.637868168999972 ] } },
{ "type": "Feature", "properties": { "id": 162, "u1": 2.2316651344299316, "u7": 0.27068570256233215, "v1": -0.427001953125, "v7": 0.93519461154937744 }, "geometry": { "type": "Point", "coordinates": [ -151.875, 84.733741831 ] } },
{ "type": "Feature", "properties": { "id": 163, "u1": 1.3266657590866089, "u7": 1.0776239633560181, "v1": -0.51333361864089966, "v7": 1.2880605459213257 }, "geometry": { "type": "Point", "coordinates": [ -151.875, 79.021354831000011 ] } },
{ "type": "Feature", "properties": { "id": 164, "u1": -1.1946685314178467, "u7": -0.031249245628714561, "v1": -0.92166745662689209, "v7": 1.2145260572433472 }, "geometry": { "type": "Point", "coordinates": [ -151.875, 73.308967831000018 ] } },
{ "type": "Feature", "properties": { "id": 165, "u1": -2.7146687507629395, "u7": 0.53083139657974243, "v1": 0.01766509935259819, "v7": 0.18092457950115204 }, "geometry": { "type": "Point", "coordinates": [ -151.875, 67.596580831000011 ] } },
{ "type": "Feature", "properties": { "id": 166, "u1": -3.8750014305114746, "u7": -0.15781967341899872, "v1": -2.5050013065338135, "v7": 1.892632007598877 }, "geometry": { "type": "Point", "coordinates": [ -151.875, 61.884193831 ] } },
{ "type": "Feature", "properties": { "id": 167, "u1": -0.19200184941291809, "u7": 1.8172740936279297, "v1": -0.17733509838581085, "v7": 1.173872709274292 }, "geometry": { "type": "Point", "coordinates": [ -151.875, 56.171806831 ] } },
{ "type": "Feature", "properties": { "id": 168, "u1": 1.3106658458709717, "u7": 3.9587957859039307, "v1": 2.4919993877410889, "v7": 2.0267879962921143 }, "geometry": { "type": "Point", "coordinates": [ -151.875, 50.459419831 ] } },
{ "type": "Feature", "properties": { "id": 169, "u1": 2.8773314952850342, "u7": 3.6318693161010742, "v1": 3.1906652450561523, "v7": 1.5667303800582886 }, "geometry": { "type": "Point", "coordinates": [ -151.875, 44.747032831 ] } },
{ "type": "Feature", "properties": { "id": 170, "u1": 4.4736647605895996, "u7": 0.44768813252449036, "v1": 3.7246668338775635, "v7": 0.093613810837268829 }, "geometry": { "type": "Point", "coordinates": [ -151.875, 39.034645831 ] } },
{ "type": "Feature", "properties": { "id": 171, "u1": 3.6459982395172119, "u7": -3.7355947494506836, "v1": 2.8233323097229004, "v7": -0.8751976490020752 }, "geometry": { "type": "Point", "coordinates": [ -151.875, 33.322258831 ] } },
{ "type": "Feature", "properties": { "id": 172, "u1": 0.56999814510345459, "u7": -6.2523188591003418, "v1": 1.7049993276596069, "v7": -1.3394595384597778 }, "geometry": { "type": "Point", "coordinates": [ -151.875, 27.609871831 ] } },
{ "type": "Feature", "properties": { "id": 173, "u1": -3.3790013790130615, "u7": -6.7027192115783691, "v1": 0.23899790644645691, "v7": -1.2296885251998901 }, "geometry": { "type": "Point", "coordinates": [ -151.875, 21.897484831 ] } },
{ "type": "Feature", "properties": { "id": 174, "u1": -6.8793349266052246, "u7": -7.3552875518798828, "v1": -2.7246694564819336, "v7": -3.9470725059509277 }, "geometry": { "type": "Point", "coordinates": [ -151.875, 16.185097831 ] } },
{ "type": "Feature", "properties": { "id": 175, "u1": -8.0243358612060547, "u7": -6.5297060012817383, "v1": -3.5636672973632812, "v7": -3.2702913284301758 }, "geometry": { "type": "Point", "coordinates": [ -151.875, 10.472710831 ] } },
{ "type": "Feature", "properties": { "id": 176, "u1": -6.0640020370483398, "u7": -4.1638002395629883, "v1": -0.066668704152107239, "v7": 0.42499595880508423 }, "geometry": { "type": "Point", "coordinates": [ -151.875, 4.760323831000016 ] } },
{ "type": "Feature", "properties": { "id": 177, "u1": -5.7986674308776855, "u7": -5.5515875816345215, "v1": -0.35633391141891479, "v7": 0.5729631781578064 }, "geometry": { "type": "Point", "coordinates": [ -151.875, -0.952063169 ] } },
{ "type": "Feature", "properties": { "id": 178, "u1": -4.5270013809204102, "u7": -6.2944455146789551, "v1": -1.5840007066726685, "v7": 0.97542601823806763 }, "geometry": { "type": "Point", "coordinates": [ -151.875, -6.664450169 ] } },
{ "type": "Feature", "properties": { "id": 179, "u1": -3.4060018062591553, "u7": -6.7686376571655273, "v1": -1.7473353147506714, "v7": 1.3850494623184204 }, "geometry": { "type": "Point", "coordinates": [ -151.875, -12.376837168999989 ] } },
{ "type": "Feature", "properties": { "id": 180, "u1": -3.0823323726654053, "u7": -4.5334606170654297, "v1": -0.77466684579849243, "v7": 1.8527867794036865 }, "geometry": { "type": "Point", "coordinates": [ -151.875, -18.089224168999984 ] } },
{ "type": "Feature", "properties": { "id": 181, "u1": -4.3106679916381836, "u7": -2.5916197299957275, "v1": 0.17799936234951019, "v7": 1.2490280866622925 }, "geometry": { "type": "Point", "coordinates": [ -151.875, -23.801611169 ] } },
{ "type": "Feature", "properties": { "id": 182, "u1": -3.7083337306976318, "u7": 1.0438023805618286, "v1": 0.51333111524581909, "v7": -0.0312635637819767 }, "geometry": { "type": "Point", "coordinates": [ -151.875, -29.513998169 ] } },
{ "type": "Feature", "properties": { "id": 183, "u1": -1.472999095916748, "u7": 2.8215951919555664, "v1": -0.10133565217256546, "v7": -0.2158370316028595 }, "geometry": { "type": "Point", "coordinates": [ -151.875, -35.226385169 ] } },
{ "type": "Feature", "properties": { "id": 184, "u1": 1.720000147819519, "u7": 3.1516916751861572, "v1": -0.58566844463348389, "v7": 0.10915829241275787 }, "geometry": { "type": "Point", "coordinates": [ -151.875, -40.938772168999982 ] } },
{ "type": "Feature", "properties": { "id": 185, "u1": 5.326331615447998, "u7": 4.4483399391174316, "v1": -1.5026682615280151, "v7": -0.32878169417381287 }, "geometry": { "type": "Point", "coordinates": [ -151.875, -46.651159168999989 ] } },
{ "type": "Feature", "properties": { "id": 186, "u1": 7.0193314552307129, "u7": 5.6173229217529297, "v1": -1.532001256942749, "v7": -0.27779361605644226 }, "geometry": { "type": "Point", "coordinates": [ -151.875, -52.363546169 ] } },
{ "type": "Feature", "properties": { "id": 187, "u1": 6.2439975738525391, "u7": 6.3968477249145508, "v1": -1.608000636100769, "v7": -1.9948322772979736 }, "geometry": { "type": "Point", "coordinates": [ -151.875, -58.075933169 ] } },
{ "type": "Feature", "properties": { "id": 188, "u1": 4.7323312759399414, "u7": 4.519923210144043, "v1": -1.3056681156158447, "v7": -1.6909099817276001 }, "geometry": { "type": "Point", "coordinates": [ -151.875, -63.788320168999981 ] } },
{ "type": "Feature", "properties": { "id": 189, "u1": 1.6033320426940918, "u7": 2.8904578685760498, "v1": -0.61533612012863159, "v7": -0.88099020719528198 }, "geometry": { "type": "Point", "coordinates": [ -151.875, -69.50070716899998 ] } },
{ "type": "Feature", "properties": { "id": 190, "u1": -1.1646667718887329, "u7": -2.2095894813537598, "v1": 0.45733338594436646, "v7": -0.56023597717285156 }, "geometry": { "type": "Point", "coordinates": [ -151.875, -75.213094168999987 ] } },
{ "type": "Feature", "properties": { "id": 191, "u1": -1.7426670789718628, "u7": -2.2588217258453369, "v1": 0.20366464555263519, "v7": -1.6415159702301025 }, "geometry": { "type": "Point", "coordinates": [ -151.875, -80.925481168999966 ] } },
{ "type": "Feature", "properties": { "id": 192, "u1": -6.0696687698364258, "u7": -12.863872528076172, "v1": 4.3103327751159668, "v7": 10.829195976257324 }, "geometry": { "type": "Point", "coordinates": [ -151.875, -86.637868168999972 ] } },
{ "type": "Feature", "properties": { "id": 194, "u1": 2.1873321533203125, "u7": 0.32218614220619202, "v1": -0.67500102519989014, "v7": 0.87904411554336548 }, "geometry": { "type": "Point", "coordinates": [ -146.25, 84.733741831 ] } },
{ "type": "Feature", "properties": { "id": 195, "u1": 1.4263310432434082, "u7": 1.2230840921401978, "v1": -0.75566762685775757, "v7": 1.2214906215667725 }, "geometry": { "type": "Point", "coordinates": [ -146.25, 79.021354831000011 ] } },
{ "type": "Feature", "properties": { "id": 196, "u1": -0.79700165987014771, "u7": 0.26263859868049622, "v1": -0.71133369207382202, "v7": 1.0286926031112671 }, "geometry": { "type": "Point", "coordinates": [ -146.25, 73.308967831000018 ] } },
{ "type": "Feature", "properties": { "id": 197, "u1": -1.4106674194335938, "u7": -0.032557219266891479, "v1": 0.21999917924404144, "v7": 0.086449064314365387 }, "geometry": { "type": "Point", "coordinates": [ -146.25, 67.596580831000011 ] } },
{ "type": "Feature", "properties": { "id": 198, "u1": -4.495002269744873, "u7": 0.68764710426330566, "v1": -0.20033468306064606, "v7": 1.5124872922897339 }, "geometry": { "type": "Point", "coordinates": [ -146.25, 61.884193831 ] } },
{ "type": "Feature", "properties": { "id": 199, "u1": 0.66933137178421021, "u7": 1.7007430791854858, "v1": 2.6009984016418457, "v7": 1.7099443674087524 }, "geometry": { "type": "Point", "coordinates": [ -146.25, 56.171806831 ] } },
{ "type": "Feature", "properties": { "id": 200, "u1": 1.6329991817474365, "u7": 3.8564391136169434, "v1": 2.954998254776001, "v7": 1.8364129066467285 }, "geometry": { "type": "Point", "coordinates": [ -146.25, 50.459419831 ] } },
{ "type": "Feature", "properties": { "id": 201, "u1": 3.0353317260742188, "u7": 3.2017405033111572, "v1": 3.6879990100860596, "v7": 0.82050448656082153 }, "geometry": { "type": "Point", "coordinates": [ -146.25, 44.747032831 ] } },
{ "type": "Feature", "properties": { "id": 202, "u1": 3.8396646976470947, "u7": 0.2539609968662262, "v1": 3.8586640357971191, "v7": -0.73651421070098877 }, "geometry": { "type": "Point", "coordinates": [ -146.25, 39.034645831 ] } },
{ "type": "Feature", "properties": { "id": 203, "u1": 2.6999990940093994, "u7": -3.4801230430603027, "v1": 3.4069976806640625, "v7": -1.5185662508010864 }, "geometry": { "type": "Point", "coordinates": [ -146.25, 33.322258831 ] } },
{ "type": "Feature", "properties": { "id": 204, "u1": -0.4190012514591217, "u7": -5.8167567253112793, "v1": 2.1189987659454346, "v7": -1.872132420539856 }, "geometry": { "type": "Point", "coordinates": [ -146.25, 27.609871831 ] } },
{ "type": "Feature", "properties": { "id": 205, "u1": -4.6373348236083984, "u7": -6.721369743347168, "v1": -0.01566619798541069, "v7": -2.3916091918945312 }, "geometry": { "type": "Point", "coordinates": [ -146.25, 21.897484831 ] } },
{ "type": "Feature", "properties": { "id": 206, "u1": -7.4973354339599609, "u7": -7.0998067855834961, "v1": -2.5726668834686279, "v7": -3.8744351863861084 }, "geometry": { "type": "Point", "coordinates": [ -146.25, 16.185097831 ] } },
{ "type": "Feature", "properties": { "id": 207, "u1": -7.9080028533935547, "u7": -5.8058285713195801, "v1": -3.7643334865570068, "v7": -3.2231051921844482 }, "geometry": { "type": "Point", "coordinates": [ -146.25, 10.472710831 ] } },
{ "type": "Feature", "properties": { "id": 208, "u1": -5.8463344573974609, "u7": -3.9441952705383301, "v1": 0.13166402280330658, "v7": 1.3194414377212524 }, "geometry": { "type": "Point", "coordinates": [ -146.25, 4.760323831000016 ] } },
{ "type": "Feature", "properties": { "id": 209, "u1": -5.6996665000915527, "u7": -5.6465620994567871, "v1": 0.037666831165552139, "v7": 0.81160068511962891 }, "geometry": { "type": "Point", "coordinates": [ -146.25, -0.952063169 ] } },
{ "type": "Feature", "properties": { "id": 210, "u1": -5.0363368988037109, "u7": -6.5190014839172363, "v1": -1.1560018062591553, "v7": 1.1582401990890503 }, "geometry": { "type": "Point", "coordinates": [ -146.25, -6.664450169 ] } },
{ "type": "Feature", "properties": { "id": 211, "u1": -4.2130022048950195, "u7": -6.8777546882629395, "v1": -1.0940017700195312, "v7": 1.8047444820404053 }, "geometry": { "type": "Point", "coordinates": [ -146.25, -12.376837168999989 ] } },
{ "type": "Feature", "properties": { "id": 212, "u1": -3.9970006942749023, "u7": -4.961207389831543, "v1": -1.8030014038085938, "v7": 0.77431797981262207 }, "geometry": { "type": "Point", "coordinates": [ -146.25, -18.089224168999984 ] } },
{ "type": "Feature", "properties": { "id": 213, "u1": -4.0260019302368164, "u7": -2.3208439350128174, "v1": -0.65833437442779541, "v7": 0.91807937622070312 }, "geometry": { "type": "Point", "coordinates": [ -146.25, -23.801611169 ] } },
{ "type": "Feature", "properties": { "id": 214, "u1": -3.5126678943634033, "u7": 1.1826900243759155, "v1": 0.32566529512405396, "v7": -0.12156619876623154 }, "geometry": { "type": "Point", "coordinates": [ -146.25, -29.513998169 ] } },
{ "type": "Feature", "properties": { "id": 215, "u1": -1.2960032224655151, "u7": 2.9578297138214111, "v1": 0.01466471329331398, "v7": -0.47843164205551147 }, "geometry": { "type": "Point", "coordinates": [ -146.25, -35.226385169 ] } },
{ "type": "Feature", "properties": { "id": 216, "u1": 2.0653326511383057, "u7": 3.2097609043121338, "v1": -0.65233409404754639, "v7": -0.24630197882652283 }, "geometry": { "type": "Point", "coordinates": [ -146.25, -40.938772168999982 ] } },
{ "type": "Feature", "properties": { "id": 217, "u1": 5.653998851776123, "u7": 4.4093799591064453, "v1": -1.4196670055389404, "v7": -0.57349735498428345 }, "geometry": { "type": "Point", "coordinates": [ -146.25, -46.651159168999989 ] } },
{ "type": "Feature", "properties": { "id": 218, "u1": 7.2046656608581543, "u7": 5.3288025856018066, "v1": -1.2006683349609375, "v7": -0.39474707841873169 }, "geometry": { "type": "Point", "coordinates": [ -146.25, -52.363546169 ] } },
{ "type": "Feature", "properties": { "id": 219, "u1": 6.627997875213623, "u7": 6.3764948844909668, "v1": -1.0816686153411865, "v7": -1.7833586931228638 }, "geometry": { "type": "Point", "coordinates": [ -146.25, -58.075933169 ] } },
{ "type": "Feature", "properties": { "id": 220, "u1": 4.5959992408752441, "u7": 5.0710482597351074, "v1": -0.85733592510223389, "v7": -1.6804344654083252 }, "geometry": { "type": "Point", "coordinates": [ -146.25, -63.788320168999981 ] } },
{ "type": "Feature", "properties": { "id": 221, "u1": 1.6209970712661743, "u7": 3.0357902050018311, "v1": -0.45366820693016052, "v7": -1.1924312114715576 }, "geometry": { "type": "Point", "coordinates": [ -146.25, -69.50070716899998 ] } },
{ "type": "Feature", "properties": { "id": 222, "u1": -1.4090001583099365, "u7": -3.7384312152862549, "v1": -0.3996683657169342, "v7": -1.7991225719451904 }, "geometry": { "type": "Point", "coordinates": [ -146.25, -75.213094168999987 ] } },
{ "type": "Feature", "properties": { "id": 223, "u1": -1.8023351430892944, "u7": -2.096827507019043, "v1": -0.80533498525619507, "v7": -3.5342140197753906 }, "geometry": { "type": "Point", "coordinates": [ -146.25, -80.925481168999966 ] } },
{ "type": "Feature", "properties": { "id": 224, "u1": -6.3146677017211914, "u7": -13.564169883728027, "v1": 3.7033324241638184, "v7": 9.6340370178222656 }, "geometry": { "type": "Point", "coordinates": [ -146.25, -86.637868168999972 ] } },
{ "type": "Feature", "properties": { "id": 226, "u1": 2.0959992408752441, "u7": 0.36046695709228516, "v1": -0.90833485126495361, "v7": 0.82941806316375732 }, "geometry": { "type": "Point", "coordinates": [ -140.625, 84.733741831 ] } },
{ "type": "Feature", "properties": { "id": 227, "u1": 1.545997142791748, "u7": 1.3925716876983643, "v1": -0.99300181865692139, "v7": 1.0790945291519165 }, "geometry": { "type": "Point", "coordinates": [ -140.625, 79.021354831000011 ] } },
{ "type": "Feature", "properties": { "id": 228, "u1": -0.55800122022628784, "u7": 0.52166765928268433, "v1": -0.71133476495742798, "v7": 0.47813579440116882 }, "geometry": { "type": "Point", "coordinates": [ -140.625, 73.308967831000018 ] } },
{ "type": "Feature", "properties": { "id": 229, "u1": -0.48200175166130066, "u7": -0.62881076335906982, "v1": 0.17899933457374573, "v7": -0.31874793767929077 }, "geometry": { "type": "Point", "coordinates": [ -140.625, 67.596580831000011 ] } },
{ "type": "Feature", "properties": { "id": 230, "u1": -4.0973348617553711, "u7": 2.1169898509979248, "v1": 2.2209980487823486, "v7": 1.1309367418289185 }, "geometry": { "type": "Point", "coordinates": [ -140.625, 61.884193831 ] } },
{ "type": "Feature", "properties": { "id": 231, "u1": -0.87000274658203125, "u7": 1.3996710777282715, "v1": 3.6593327522277832, "v7": 1.4738756418228149 }, "geometry": { "type": "Point", "coordinates": [ -140.625, 56.171806831 ] } },
{ "type": "Feature", "properties": { "id": 232, "u1": 1.522331714630127, "u7": 3.8488333225250244, "v1": 3.2923305034637451, "v7": 1.0562094449996948 }, "geometry": { "type": "Point", "coordinates": [ -140.625, 50.459419831 ] } },
{ "type": "Feature", "properties": { "id": 233, "u1": 3.2546651363372803, "u7": 2.7872278690338135, "v1": 3.7583317756652832, "v7": -0.26693984866142273 }, "geometry": { "type": "Point", "coordinates": [ -140.625, 44.747032831 ] } },
{ "type": "Feature", "properties": { "id": 234, "u1": 3.6023316383361816, "u7": 0.39290532469749451, "v1": 4.1696667671203613, "v7": -1.835437536239624 }, "geometry": { "type": "Point", "coordinates": [ -140.625, 39.034645831 ] } },
{ "type": "Feature", "properties": { "id": 235, "u1": 1.7739975452423096, "u7": -3.1166207790374756, "v1": 3.5106654167175293, "v7": -2.4793474674224854 }, "geometry": { "type": "Point", "coordinates": [ -140.625, 33.322258831 ] } },
{ "type": "Feature", "properties": { "id": 236, "u1": -1.7643351554870605, "u7": -5.182039737701416, "v1": 1.8099970817565918, "v7": -2.5633771419525146 }, "geometry": { "type": "Point", "coordinates": [ -140.625, 27.609871831 ] } },
{ "type": "Feature", "properties": { "id": 237, "u1": -5.6460018157958984, "u7": -6.3591718673706055, "v1": -0.69333493709564209, "v7": -3.1223182678222656 }, "geometry": { "type": "Point", "coordinates": [ -140.625, 21.897484831 ] } },
{ "type": "Feature", "properties": { "id": 238, "u1": -7.7780017852783203, "u7": -6.577329158782959, "v1": -3.1056680679321289, "v7": -4.3540921211242676 }, "geometry": { "type": "Point", "coordinates": [ -140.625, 16.185097831 ] } },
{ "type": "Feature", "properties": { "id": 239, "u1": -7.771000862121582, "u7": -4.4979953765869141, "v1": -3.7243356704711914, "v7": -2.5223350524902344 }, "geometry": { "type": "Point", "coordinates": [ -140.625, 10.472710831 ] } },
{ "type": "Feature", "properties": { "id": 240, "u1": -5.315335750579834, "u7": -3.9288558959960938, "v1": 0.28999939560890198, "v7": 2.3003585338592529 }, "geometry": { "type": "Point", "coordinates": [ -140.625, 4.760323831000016 ] } },
{ "type": "Feature", "properties": { "id": 241, "u1": -5.9423327445983887, "u7": -5.9933748245239258, "v1": 0.58666586875915527, "v7": 1.2041432857513428 }, "geometry": { "type": "Point", "coordinates": [ -140.625, -0.952063169 ] } },
{ "type": "Feature", "properties": { "id": 242, "u1": -5.5933356285095215, "u7": -6.5621709823608398, "v1": -0.17633463442325592, "v7": 1.7311046123504639 }, "geometry": { "type": "Point", "coordinates": [ -140.625, -6.664450169 ] } },
{ "type": "Feature", "properties": { "id": 243, "u1": -5.0713343620300293, "u7": -6.8891668319702148, "v1": -0.88866782188415527, "v7": 1.6745432615280151 }, "geometry": { "type": "Point", "coordinates": [ -140.625, -12.376837168999989 ] } },
{ "type": "Feature", "properties": { "id": 244, "u1": -4.8733348846435547, "u7": -5.507972240447998, "v1": -1.2410004138946533, "v7": 0.96844303607940674 }, "geometry": { "type": "Point", "coordinates": [ -140.625, -18.089224168999984 ] } },
{ "type": "Feature", "properties": { "id": 245, "u1": -3.6740009784698486, "u7": -2.0722811222076416, "v1": -0.85333508253097534, "v7": 0.43421843647956848 }, "geometry": { "type": "Point", "coordinates": [ -140.625, -23.801611169 ] } },
{ "type": "Feature", "properties": { "id": 246, "u1": -2.8566687107086182, "u7": 1.1560192108154297, "v1": 0.19499868154525757, "v7": -0.1818193644285202 }, "geometry": { "type": "Point", "coordinates": [ -140.625, -29.513998169 ] } },
{ "type": "Feature", "properties": { "id": 247, "u1": -1.099334716796875, "u7": 2.9197268486022949, "v1": 0.13199920952320099, "v7": -0.80383771657943726 }, "geometry": { "type": "Point", "coordinates": [ -140.625, -35.226385169 ] } },
{ "type": "Feature", "properties": { "id": 248, "u1": 2.322333812713623, "u7": 3.3900463581085205, "v1": -0.78866779804229736, "v7": -0.68610954284667969 }, "geometry": { "type": "Point", "coordinates": [ -140.625, -40.938772168999982 ] } },
{ "type": "Feature", "properties": { "id": 249, "u1": 6.0489983558654785, "u7": 4.4435501098632812, "v1": -1.4826685190200806, "v7": -0.81506818532943726 }, "geometry": { "type": "Point", "coordinates": [ -140.625, -46.651159168999989 ] } },
{ "type": "Feature", "properties": { "id": 250, "u1": 7.4606637954711914, "u7": 5.2996716499328613, "v1": -1.083000659942627, "v7": -0.54258149862289429 }, "geometry": { "type": "Point", "coordinates": [ -140.625, -52.363546169 ] } },
{ "type": "Feature", "properties": { "id": 251, "u1": 6.927330493927002, "u7": 6.482302188873291, "v1": -0.66500037908554077, "v7": -1.3545655012130737 }, "geometry": { "type": "Point", "coordinates": [ -140.625, -58.075933169 ] } },
{ "type": "Feature", "properties": { "id": 252, "u1": 4.3503313064575195, "u7": 5.572418212890625, "v1": -0.4600016176700592, "v7": -1.2702429294586182 }, "geometry": { "type": "Point", "coordinates": [ -140.625, -63.788320168999981 ] } },
{ "type": "Feature", "properties": { "id": 253, "u1": 1.5096639394760132, "u7": 3.0069310665130615, "v1": -0.20133514702320099, "v7": -1.4116170406341553 }, "geometry": { "type": "Point", "coordinates": [ -140.625, -69.50070716899998 ] } },
{ "type": "Feature", "properties": { "id": 254, "u1": -1.814667820930481, "u7": -5.1514248847961426, "v1": -1.175335168838501, "v7": -2.5836923122406006 }, "geometry": { "type": "Point", "coordinates": [ -140.625, -75.213094168999987 ] } },
{ "type": "Feature", "properties": { "id": 255, "u1": -1.8776671886444092, "u7": -1.9660171270370483, "v1": -1.9270014762878418, "v7": -5.3626995086669922 }, "geometry": { "type": "Point", "coordinates": [ -140.625, -80.925481168999966 ] } },
{ "type": "Feature", "properties": { "id": 256, "u1": -6.3776669502258301, "u7": -14.003291130065918, "v1": 3.0389988422393799, "v7": 8.3663215637207031 }, "geometry": { "type": "Point", "coordinates": [ -140.625, -86.637868168999972 ] } },
{ "type": "Feature", "properties": { "id": 258, "u1": 1.952332615852356, "u7": 0.39367052912712097, "v1": -1.1110000610351562, "v7": 0.79654222726821899 }, "geometry": { "type": "Point", "coordinates": [ -135.0, 84.733741831 ] } },
{ "type": "Feature", "properties": { "id": 259, "u1": 1.685332179069519, "u7": 1.5554372072219849, "v1": -1.2366673946380615, "v7": 0.83099639415740967 }, "geometry": { "type": "Point", "coordinates": [ -135.0, 79.021354831000011 ] } },
{ "type": "Feature", "properties": { "id": 260, "u1": -0.41000062227249146, "u7": 0.71604758501052856, "v1": -0.65366667509078979, "v7": -0.18221645057201385 }, "geometry": { "type": "Point", "coordinates": [ -135.0, 73.308967831000018 ] } },
{ "type": "Feature", "properties": { "id": 261, "u1": -0.0200017299503088, "u7": -0.98548471927642822, "v1": 0.27099913358688354, "v7": -0.73430192470550537 }, "geometry": { "type": "Point", "coordinates": [ -135.0, 67.596580831000011 ] } },
{ "type": "Feature", "properties": { "id": 262, "u1": -1.1473337411880493, "u7": 2.3858349323272705, "v1": 2.0906655788421631, "v7": 1.030808687210083 }, "geometry": { "type": "Point", "coordinates": [ -135.0, 61.884193831 ] } },
{ "type": "Feature", "properties": { "id": 263, "u1": -4.2623353004455566, "u7": 1.1877882480621338, "v1": 3.4936649799346924, "v7": 1.2928780317306519 }, "geometry": { "type": "Point", "coordinates": [ -135.0, 56.171806831 ] } },
{ "type": "Feature", "properties": { "id": 264, "u1": 1.7833312749862671, "u7": 3.6177201271057129, "v1": 3.4783315658569336, "v7": -0.13517624139785767 }, "geometry": { "type": "Point", "coordinates": [ -135.0, 50.459419831 ] } },
{ "type": "Feature", "properties": { "id": 265, "u1": 3.0039992332458496, "u7": 2.5335426330566406, "v1": 3.998333215713501, "v7": -1.7275168895721436 }, "geometry": { "type": "Point", "coordinates": [ -135.0, 44.747032831 ] } },
{ "type": "Feature", "properties": { "id": 266, "u1": 3.4773309230804443, "u7": 0.67002898454666138, "v1": 3.3756659030914307, "v7": -3.580585241317749 }, "geometry": { "type": "Point", "coordinates": [ -135.0, 39.034645831 ] } },
{ "type": "Feature", "properties": { "id": 267, "u1": 1.4179987907409668, "u7": -2.1139686107635498, "v1": 2.2336640357971191, "v7": -3.899848461151123 }, "geometry": { "type": "Point", "coordinates": [ -135.0, 33.322258831 ] } },
{ "type": "Feature", "properties": { "id": 268, "u1": -2.4076681137084961, "u7": -4.2317180633544922, "v1": 0.75266522169113159, "v7": -3.43145751953125 }, "geometry": { "type": "Point", "coordinates": [ -135.0, 27.609871831 ] } },
{ "type": "Feature", "properties": { "id": 269, "u1": -6.0303363800048828, "u7": -5.746729850769043, "v1": -1.4366663694381714, "v7": -3.7674641609191895 }, "geometry": { "type": "Point", "coordinates": [ -135.0, 21.897484831 ] } },
{ "type": "Feature", "properties": { "id": 270, "u1": -7.910334587097168, "u7": -5.9050698280334473, "v1": -3.6386692523956299, "v7": -4.5170845985412598 }, "geometry": { "type": "Point", "coordinates": [ -135.0, 16.185097831 ] } },
{ "type": "Feature", "properties": { "id": 271, "u1": -7.6010007858276367, "u7": -3.2869608402252197, "v1": -3.9413349628448486, "v7": -2.0550768375396729 }, "geometry": { "type": "Point", "coordinates": [ -135.0, 10.472710831 ] } },
{ "type": "Feature", "properties": { "id": 272, "u1": -5.0043344497680664, "u7": -3.5271921157836914, "v1": 0.24333395063877106, "v7": 2.3843743801116943 }, "geometry": { "type": "Point", "coordinates": [ -135.0, 4.760323831000016 ] } },
{ "type": "Feature", "properties": { "id": 273, "u1": -5.6736679077148438, "u7": -5.7799320220947266, "v1": 1.0476659536361694, "v7": 1.7166601419448853 }, "geometry": { "type": "Point", "coordinates": [ -135.0, -0.952063169 ] } },
{ "type": "Feature", "properties": { "id": 274, "u1": -6.2033343315124512, "u7": -6.8600397109985352, "v1": 0.69899904727935791, "v7": 2.0770883560180664 }, "geometry": { "type": "Point", "coordinates": [ -135.0, -6.664450169 ] } },
{ "type": "Feature", "properties": { "id": 275, "u1": -6.1510004997253418, "u7": -7.1081094741821289, "v1": -0.61499887704849243, "v7": 1.5688403844833374 }, "geometry": { "type": "Point", "coordinates": [ -135.0, -12.376837168999989 ] } },
{ "type": "Feature", "properties": { "id": 276, "u1": -5.2713336944580078, "u7": -5.5896177291870117, "v1": -1.2406681776046753, "v7": 0.98686134815216064 }, "geometry": { "type": "Point", "coordinates": [ -135.0, -18.089224168999984 ] } },
{ "type": "Feature", "properties": { "id": 277, "u1": -3.4330017566680908, "u7": -2.0570337772369385, "v1": -0.85866701602935791, "v7": 0.30994036793708801 }, "geometry": { "type": "Point", "coordinates": [ -135.0, -23.801611169 ] } },
{ "type": "Feature", "properties": { "id": 278, "u1": -2.7970016002655029, "u7": 1.0120385885238647, "v1": -0.44800212979316711, "v7": -0.35146254301071167 }, "geometry": { "type": "Point", "coordinates": [ -135.0, -29.513998169 ] } },
{ "type": "Feature", "properties": { "id": 279, "u1": -0.87533515691757202, "u7": 2.864945650100708, "v1": -0.23566843569278717, "v7": -0.8215630054473877 }, "geometry": { "type": "Point", "coordinates": [ -135.0, -35.226385169 ] } },
{ "type": "Feature", "properties": { "id": 280, "u1": 2.5713322162628174, "u7": 3.6869516372680664, "v1": -0.70200192928314209, "v7": -0.89123660326004028 }, "geometry": { "type": "Point", "coordinates": [ -135.0, -40.938772168999982 ] } },
{ "type": "Feature", "properties": { "id": 281, "u1": 6.3959980010986328, "u7": 4.4762625694274902, "v1": -1.5186666250228882, "v7": -1.0764743089675903 }, "geometry": { "type": "Point", "coordinates": [ -135.0, -46.651159168999989 ] } },
{ "type": "Feature", "properties": { "id": 282, "u1": 7.6766648292541504, "u7": 5.149437427520752, "v1": -1.1490036249160767, "v7": -0.63707888126373291 }, "geometry": { "type": "Point", "coordinates": [ -135.0, -52.363546169 ] } },
{ "type": "Feature", "properties": { "id": 283, "u1": 6.9196648597717285, "u7": 6.3025217056274414, "v1": -0.60966849327087402, "v7": -1.3011276721954346 }, "geometry": { "type": "Point", "coordinates": [ -135.0, -58.075933169 ] } },
{ "type": "Feature", "properties": { "id": 284, "u1": 4.0706658363342285, "u7": 5.7281293869018555, "v1": -0.15000000596046448, "v7": -0.91072672605514526 }, "geometry": { "type": "Point", "coordinates": [ -135.0, -63.788320168999981 ] } },
{ "type": "Feature", "properties": { "id": 285, "u1": 1.3166651725769043, "u7": 2.8080282211303711, "v1": -0.04600067064166069, "v7": -1.5907477140426636 }, "geometry": { "type": "Point", "coordinates": [ -135.0, -69.50070716899998 ] } },
{ "type": "Feature", "properties": { "id": 286, "u1": -2.3493342399597168, "u7": -6.0959386825561523, "v1": -1.461334228515625, "v7": -2.2785849571228027 }, "geometry": { "type": "Point", "coordinates": [ -135.0, -75.213094168999987 ] } },
{ "type": "Feature", "properties": { "id": 287, "u1": -1.8580012321472168, "u7": -1.7882990837097168, "v1": -2.9786677360534668, "v7": -6.8690791130065918 }, "geometry": { "type": "Point", "coordinates": [ -135.0, -80.925481168999966 ] } },
{ "type": "Feature", "properties": { "id": 288, "u1": -6.4473352432250977, "u7": -14.160266876220703, "v1": 2.4583327770233154, "v7": 7.0982904434204102 }, "geometry": { "type": "Point", "coordinates": [ -135.0, -86.637868168999972 ] } },
{ "type": "Feature", "properties": { "id": 290, "u1": 1.7599985599517822, "u7": 0.42610010504722595, "v1": -1.2693349123001099, "v7": 0.77388292551040649 }, "geometry": { "type": "Point", "coordinates": [ -129.375, 84.733741831 ] } },
{ "type": "Feature", "properties": { "id": 291, "u1": 1.8363311290740967, "u7": 1.653924822807312, "v1": -1.5233347415924072, "v7": 0.4481205940246582 }, "geometry": { "type": "Point", "coordinates": [ -129.375, 79.021354831000011 ] } },
{ "type": "Feature", "properties": { "id": 292, "u1": -0.077668257057666779, "u7": 0.79385024309158325, "v1": -0.51600289344787598, "v7": -0.60386484861373901 }, "geometry": { "type": "Point", "coordinates": [ -129.375, 73.308967831000018 ] } },
{ "type": "Feature", "properties": { "id": 293, "u1": 0.23033192753791809, "u7": -1.1181331872940063, "v1": 0.34633025527000427, "v7": -0.75964128971099854 }, "geometry": { "type": "Point", "coordinates": [ -129.375, 67.596580831000011 ] } },
{ "type": "Feature", "properties": { "id": 294, "u1": 1.7453323602676392, "u7": 2.6290402412414551, "v1": 2.0043320655822754, "v7": 0.44585451483726501 }, "geometry": { "type": "Point", "coordinates": [ -129.375, 61.884193831 ] } },
{ "type": "Feature", "properties": { "id": 295, "u1": -2.7980015277862549, "u7": 1.5710926055908203, "v1": 2.6389973163604736, "v7": 0.74211215972900391 }, "geometry": { "type": "Point", "coordinates": [ -129.375, 56.171806831 ] } },
{ "type": "Feature", "properties": { "id": 296, "u1": -1.036334753036499, "u7": 3.0347802639007568, "v1": 4.9896650314331055, "v7": -1.307598352432251 }, "geometry": { "type": "Point", "coordinates": [ -129.375, 50.459419831 ] } },
{ "type": "Feature", "properties": { "id": 297, "u1": 2.7596654891967773, "u7": 1.7883003950119019, "v1": 3.4829986095428467, "v7": -4.2520275115966797 }, "geometry": { "type": "Point", "coordinates": [ -129.375, 44.747032831 ] } },
{ "type": "Feature", "properties": { "id": 298, "u1": 2.7309978008270264, "u7": 1.1328837871551514, "v1": 1.459331750869751, "v7": -7.7969026565551758 }, "geometry": { "type": "Point", "coordinates": [ -129.375, 39.034645831 ] } },
{ "type": "Feature", "properties": { "id": 299, "u1": 1.4813319444656372, "u7": 0.46189135313034058, "v1": 0.1389973908662796, "v7": -5.5620570182800293 }, "geometry": { "type": "Point", "coordinates": [ -129.375, 33.322258831 ] } },
{ "type": "Feature", "properties": { "id": 300, "u1": -2.4976685047149658, "u7": -2.6565980911254883, "v1": -1.1470011472702026, "v7": -4.4410724639892578 }, "geometry": { "type": "Point", "coordinates": [ -129.375, 27.609871831 ] } },
{ "type": "Feature", "properties": { "id": 301, "u1": -5.8850021362304688, "u7": -4.6590604782104492, "v1": -2.5883345603942871, "v7": -4.3663058280944824 }, "geometry": { "type": "Point", "coordinates": [ -129.375, 21.897484831 ] } },
{ "type": "Feature", "properties": { "id": 302, "u1": -7.7023348808288574, "u7": -5.1390604972839355, "v1": -4.5216684341430664, "v7": -4.4564175605773926 }, "geometry": { "type": "Point", "coordinates": [ -129.375, 16.185097831 ] } },
{ "type": "Feature", "properties": { "id": 303, "u1": -7.207334041595459, "u7": -1.9639518260955811, "v1": -4.1450023651123047, "v7": -0.98463612794876099 }, "geometry": { "type": "Point", "coordinates": [ -129.375, 10.472710831 ] } },
{ "type": "Feature", "properties": { "id": 304, "u1": -4.3546690940856934, "u7": -3.1272940635681152, "v1": 1.2036646604537964, "v7": 3.4329841136932373 }, "geometry": { "type": "Point", "coordinates": [ -129.375, 4.760323831000016 ] } },
{ "type": "Feature", "properties": { "id": 305, "u1": -5.2636675834655762, "u7": -5.4715228080749512, "v1": 1.6329981088638306, "v7": 2.1073977947235107 }, "geometry": { "type": "Point", "coordinates": [ -129.375, -0.952063169 ] } },
{ "type": "Feature", "properties": { "id": 306, "u1": -6.6080012321472168, "u7": -7.128023624420166, "v1": 1.3366647958755493, "v7": 2.120675802230835 }, "geometry": { "type": "Point", "coordinates": [ -129.375, -6.664450169 ] } },
{ "type": "Feature", "properties": { "id": 307, "u1": -6.8433327674865723, "u7": -7.3076634407043457, "v1": 0.16266632080078125, "v7": 1.9003489017486572 }, "geometry": { "type": "Point", "coordinates": [ -129.375, -12.376837168999989 ] } },
{ "type": "Feature", "properties": { "id": 308, "u1": -5.4503335952758789, "u7": -5.5613236427307129, "v1": -1.0933349132537842, "v7": 0.62374109029769897 }, "geometry": { "type": "Point", "coordinates": [ -129.375, -18.089224168999984 ] } },
{ "type": "Feature", "properties": { "id": 309, "u1": -3.778667688369751, "u7": -2.2222335338592529, "v1": -1.2593338489532471, "v7": 0.065463528037071228 }, "geometry": { "type": "Point", "coordinates": [ -129.375, -23.801611169 ] } },
{ "type": "Feature", "properties": { "id": 310, "u1": -2.6883351802825928, "u7": 0.79112696647644043, "v1": -0.64166766405105591, "v7": -0.38152658939361572 }, "geometry": { "type": "Point", "coordinates": [ -129.375, -29.513998169 ] } },
{ "type": "Feature", "properties": { "id": 311, "u1": -0.552001953125, "u7": 2.9056479930877686, "v1": -0.49133402109146118, "v7": -0.98064500093460083 }, "geometry": { "type": "Point", "coordinates": [ -129.375, -35.226385169 ] } },
{ "type": "Feature", "properties": { "id": 312, "u1": 2.8883321285247803, "u7": 3.6565489768981934, "v1": -0.88433378934860229, "v7": -1.034532904624939 }, "geometry": { "type": "Point", "coordinates": [ -129.375, -40.938772168999982 ] } },
{ "type": "Feature", "properties": { "id": 313, "u1": 6.6936650276184082, "u7": 4.4693546295166016, "v1": -1.6276682615280151, "v7": -1.3945387601852417 }, "geometry": { "type": "Point", "coordinates": [ -129.375, -46.651159168999989 ] } },
{ "type": "Feature", "properties": { "id": 314, "u1": 8.0659990310668945, "u7": 5.4943723678588867, "v1": -1.0286672115325928, "v7": -0.77028077840805054 }, "geometry": { "type": "Point", "coordinates": [ -129.375, -52.363546169 ] } },
{ "type": "Feature", "properties": { "id": 315, "u1": 7.0456652641296387, "u7": 6.4713625907897949, "v1": -0.38033396005630493, "v7": -0.92595326900482178 }, "geometry": { "type": "Point", "coordinates": [ -129.375, -58.075933169 ] } },
{ "type": "Feature", "properties": { "id": 316, "u1": 3.8659977912902832, "u7": 5.587334156036377, "v1": 0.11666463315486908, "v7": -0.57097142934799194 }, "geometry": { "type": "Point", "coordinates": [ -129.375, -63.788320168999981 ] } },
{ "type": "Feature", "properties": { "id": 317, "u1": 1.120330810546875, "u7": 2.5834131240844727, "v1": 0.057665508240461349, "v7": -1.6415950059890747 }, "geometry": { "type": "Point", "coordinates": [ -129.375, -69.50070716899998 ] } },
{ "type": "Feature", "properties": { "id": 318, "u1": -3.0393340587615967, "u7": -6.6086173057556152, "v1": -1.092334508895874, "v7": -0.9297834038734436 }, "geometry": { "type": "Point", "coordinates": [ -129.375, -75.213094168999987 ] } },
{ "type": "Feature", "properties": { "id": 319, "u1": -1.6763341426849365, "u7": -1.5343825817108154, "v1": -3.7366678714752197, "v7": -7.7845582962036133 }, "geometry": { "type": "Point", "coordinates": [ -129.375, -80.925481168999966 ] } },
{ "type": "Feature", "properties": { "id": 320, "u1": -6.2880020141601562, "u7": -14.033586502075195, "v1": 1.877331018447876, "v7": 5.9066834449768066 }, "geometry": { "type": "Point", "coordinates": [ -129.375, -86.637868168999972 ] } },
{ "type": "Feature", "properties": { "id": 322, "u1": 1.5316665172576904, "u7": 0.4678916335105896, "v1": -1.3706669807434082, "v7": 0.75525444746017456 }, "geometry": { "type": "Point", "coordinates": [ -123.75, 84.733741831 ] } },
{ "type": "Feature", "properties": { "id": 323, "u1": 1.9366648197174072, "u7": 1.6171565055847168, "v1": -1.8963348865509033, "v7": -0.012366789393126965 }, "geometry": { "type": "Point", "coordinates": [ -123.75, 79.021354831000011 ] } },
{ "type": "Feature", "properties": { "id": 324, "u1": 0.52566426992416382, "u7": 0.76885139942169189, "v1": -0.57599943876266479, "v7": -0.82601422071456909 }, "geometry": { "type": "Point", "coordinates": [ -123.75, 73.308967831000018 ] } },
{ "type": "Feature", "properties": { "id": 325, "u1": 0.42899882793426514, "u7": -0.88627803325653076, "v1": 0.20566406846046448, "v7": -0.62523537874221802 }, "geometry": { "type": "Point", "coordinates": [ -123.75, 67.596580831000011 ] } },
{ "type": "Feature", "properties": { "id": 326, "u1": 1.5596654415130615, "u7": 1.0541414022445679, "v1": 0.46966704726219177, "v7": -0.46147283911705017 }, "geometry": { "type": "Point", "coordinates": [ -123.75, 61.884193831 ] } },
{ "type": "Feature", "properties": { "id": 327, "u1": 0.71866405010223389, "u7": 2.8602778911590576, "v1": 2.2150003910064697, "v7": -0.043300829827785492 }, "geometry": { "type": "Point", "coordinates": [ -123.75, 56.171806831 ] } },
{ "type": "Feature", "properties": { "id": 328, "u1": -2.3686680793762207, "u7": 1.8728792667388916, "v1": 3.0799987316131592, "v7": 0.040195420384407043 }, "geometry": { "type": "Point", "coordinates": [ -123.75, 50.459419831 ] } },
{ "type": "Feature", "properties": { "id": 329, "u1": -1.0073349475860596, "u7": 2.3420522212982178, "v1": 4.3126649856567383, "v7": -3.7594497203826904 }, "geometry": { "type": "Point", "coordinates": [ -123.75, 44.747032831 ] } },
{ "type": "Feature", "properties": { "id": 330, "u1": -2.1653339862823486, "u7": 3.0933291912078857, "v1": 1.8203318119049072, "v7": -4.34844970703125 }, "geometry": { "type": "Point", "coordinates": [ -123.75, 39.034645831 ] } },
{ "type": "Feature", "properties": { "id": 331, "u1": 2.2109994888305664, "u7": 4.0597963333129883, "v1": -3.3233351707458496, "v7": -6.0044093132019043 }, "geometry": { "type": "Point", "coordinates": [ -123.75, 33.322258831 ] } },
{ "type": "Feature", "properties": { "id": 332, "u1": -1.0600006580352783, "u7": -0.2083585262298584, "v1": -3.3493356704711914, "v7": -5.1985230445861816 }, "geometry": { "type": "Point", "coordinates": [ -123.75, 27.609871831 ] } },
{ "type": "Feature", "properties": { "id": 333, "u1": -5.0013351440429688, "u7": -3.3228476047515869, "v1": -3.7913334369659424, "v7": -4.4867029190063477 }, "geometry": { "type": "Point", "coordinates": [ -123.75, 21.897484831 ] } },
{ "type": "Feature", "properties": { "id": 334, "u1": -6.9543352127075195, "u7": -4.0629973411560059, "v1": -5.2073335647583008, "v7": -4.2342109680175781 }, "geometry": { "type": "Point", "coordinates": [ -123.75, 16.185097831 ] } },
{ "type": "Feature", "properties": { "id": 335, "u1": -6.7870020866394043, "u7": -0.1828281581401825, "v1": -3.7720000743865967, "v7": 0.088592015206813812 }, "geometry": { "type": "Point", "coordinates": [ -123.75, 10.472710831 ] } },
{ "type": "Feature", "properties": { "id": 336, "u1": -3.6833343505859375, "u7": -2.8780293464660645, "v1": 1.743999719619751, "v7": 4.4194121360778809 }, "geometry": { "type": "Point", "coordinates": [ -123.75, 4.760323831000016 ] } },
{ "type": "Feature", "properties": { "id": 337, "u1": -5.0966663360595703, "u7": -5.4646854400634766, "v1": 2.2589976787567139, "v7": 2.7826502323150635 }, "geometry": { "type": "Point", "coordinates": [ -123.75, -0.952063169 ] } },
{ "type": "Feature", "properties": { "id": 338, "u1": -6.6993350982666016, "u7": -7.2297306060791016, "v1": 2.4679982662200928, "v7": 2.6128802299499512 }, "geometry": { "type": "Point", "coordinates": [ -123.75, -6.664450169 ] } },
{ "type": "Feature", "properties": { "id": 339, "u1": -7.0633339881896973, "u7": -7.3636221885681152, "v1": 0.86699932813644409, "v7": 2.0481531620025635 }, "geometry": { "type": "Point", "coordinates": [ -123.75, -12.376837168999989 ] } },
{ "type": "Feature", "properties": { "id": 340, "u1": -5.9063353538513184, "u7": -5.6929707527160645, "v1": -0.69333291053771973, "v7": 0.5826600193977356 }, "geometry": { "type": "Point", "coordinates": [ -123.75, -18.089224168999984 ] } },
{ "type": "Feature", "properties": { "id": 341, "u1": -4.3813338279724121, "u7": -2.5756869316101074, "v1": -1.1280008554458618, "v7": -0.20792423188686371 }, "geometry": { "type": "Point", "coordinates": [ -123.75, -23.801611169 ] } },
{ "type": "Feature", "properties": { "id": 342, "u1": -2.4190008640289307, "u7": 0.7407492995262146, "v1": -1.0816686153411865, "v7": -0.7315133810043335 }, "geometry": { "type": "Point", "coordinates": [ -123.75, -29.513998169 ] } },
{ "type": "Feature", "properties": { "id": 343, "u1": -0.13500061631202698, "u7": 2.910153865814209, "v1": -0.53000080585479736, "v7": -1.0503946542739868 }, "geometry": { "type": "Point", "coordinates": [ -123.75, -35.226385169 ] } },
{ "type": "Feature", "properties": { "id": 344, "u1": 3.3973312377929688, "u7": 3.6912672519683838, "v1": -1.0350016355514526, "v7": -1.1955710649490356 }, "geometry": { "type": "Point", "coordinates": [ -123.75, -40.938772168999982 ] } },
{ "type": "Feature", "properties": { "id": 345, "u1": 7.1639971733093262, "u7": 4.5748124122619629, "v1": -1.5150014162063599, "v7": -1.3981280326843262 }, "geometry": { "type": "Point", "coordinates": [ -123.75, -46.651159168999989 ] } },
{ "type": "Feature", "properties": { "id": 346, "u1": 8.3833322525024414, "u7": 5.5098376274108887, "v1": -1.1266688108444214, "v7": -1.3403106927871704 }, "geometry": { "type": "Point", "coordinates": [ -123.75, -52.363546169 ] } },
{ "type": "Feature", "properties": { "id": 347, "u1": 6.978999137878418, "u7": 6.2374954223632812, "v1": -0.01233520545065403, "v7": -0.9799535870552063 }, "geometry": { "type": "Point", "coordinates": [ -123.75, -58.075933169 ] } },
{ "type": "Feature", "properties": { "id": 348, "u1": 3.6029989719390869, "u7": 5.3609957695007324, "v1": 0.26599782705307007, "v7": -0.62482738494873047 }, "geometry": { "type": "Point", "coordinates": [ -123.75, -63.788320168999981 ] } },
{ "type": "Feature", "properties": { "id": 349, "u1": 0.97999930381774902, "u7": 2.4280281066894531, "v1": 0.27366587519645691, "v7": -1.4815311431884766 }, "geometry": { "type": "Point", "coordinates": [ -123.75, -69.50070716899998 ] } },
{ "type": "Feature", "properties": { "id": 350, "u1": -3.7080028057098389, "u7": -6.6842584609985352, "v1": -0.15700124204158783, "v7": 0.90691840648651123 }, "geometry": { "type": "Point", "coordinates": [ -123.75, -75.213094168999987 ] } },
{ "type": "Feature", "properties": { "id": 351, "u1": -1.3166676759719849, "u7": -1.1907038688659668, "v1": -4.0126681327819824, "v7": -7.9759616851806641 }, "geometry": { "type": "Point", "coordinates": [ -123.75, -80.925481168999966 ] } },
{ "type": "Feature", "properties": { "id": 352, "u1": -6.0433335304260254, "u7": -13.64569091796875, "v1": 1.4009989500045776, "v7": 4.8658261299133301 }, "geometry": { "type": "Point", "coordinates": [ -123.75, -86.637868168999972 ] } },
{ "type": "Feature", "properties": { "id": 354, "u1": 1.2959980964660645, "u7": 0.51463025808334351, "v1": -1.4030014276504517, "v7": 0.73056662082672119 }, "geometry": { "type": "Point", "coordinates": [ -118.125, 84.733741831 ] } },
{ "type": "Feature", "properties": { "id": 355, "u1": 1.8356653451919556, "u7": 1.4240715503692627, "v1": -2.3310017585754395, "v7": -0.41990277171134949 }, "geometry": { "type": "Point", "coordinates": [ -118.125, 79.021354831000011 ] } },
{ "type": "Feature", "properties": { "id": 356, "u1": 1.332664966583252, "u7": 0.83235633373260498, "v1": -1.0439997911453247, "v7": -0.99894267320632935 }, "geometry": { "type": "Point", "coordinates": [ -118.125, 73.308967831000018 ] } },
{ "type": "Feature", "properties": { "id": 357, "u1": 0.77066600322723389, "u7": -0.42664095759391785, "v1": 0.05566507950425148, "v7": -0.75611531734466553 }, "geometry": { "type": "Point", "coordinates": [ -118.125, 67.596580831000011 ] } },
{ "type": "Feature", "properties": { "id": 358, "u1": 0.49799856543540955, "u7": 0.064345270395278931, "v1": 0.032998658716678619, "v7": -0.48675888776779175 }, "geometry": { "type": "Point", "coordinates": [ -118.125, 61.884193831 ] } },
{ "type": "Feature", "properties": { "id": 359, "u1": 2.5536656379699707, "u7": 2.4135432243347168, "v1": 1.2403320074081421, "v7": 0.13297116756439209 }, "geometry": { "type": "Point", "coordinates": [ -118.125, 56.171806831 ] } },
{ "type": "Feature", "properties": { "id": 360, "u1": 1.7276656627655029, "u7": 2.1827406883239746, "v1": 2.6483311653137207, "v7": 0.17059154808521271 }, "geometry": { "type": "Point", "coordinates": [ -118.125, 50.459419831 ] } },
{ "type": "Feature", "properties": { "id": 361, "u1": 0.58499908447265625, "u7": 0.60335320234298706, "v1": 3.9436640739440918, "v7": -1.8663883209228516 }, "geometry": { "type": "Point", "coordinates": [ -118.125, 44.747032831 ] } },
{ "type": "Feature", "properties": { "id": 362, "u1": -1.4126673936843872, "u7": 2.3990628719329834, "v1": 1.6053314208984375, "v7": 0.099138259887695312 }, "geometry": { "type": "Point", "coordinates": [ -118.125, 39.034645831 ] } },
{ "type": "Feature", "properties": { "id": 363, "u1": -0.46866911649703979, "u7": 3.9667577743530273, "v1": -2.0096690654754639, "v7": -1.3042992353439331 }, "geometry": { "type": "Point", "coordinates": [ -118.125, 33.322258831 ] } },
{ "type": "Feature", "properties": { "id": 364, "u1": 1.6433329582214355, "u7": 3.3692324161529541, "v1": -4.5920014381408691, "v7": -5.4492883682250977 }, "geometry": { "type": "Point", "coordinates": [ -118.125, 27.609871831 ] } },
{ "type": "Feature", "properties": { "id": 365, "u1": -3.147667407989502, "u7": -1.3183314800262451, "v1": -5.0423336029052734, "v7": -4.3730230331420898 }, "geometry": { "type": "Point", "coordinates": [ -118.125, 21.897484831 ] } },
{ "type": "Feature", "properties": { "id": 366, "u1": -6.0266671180725098, "u7": -2.9768247604370117, "v1": -5.4063363075256348, "v7": -3.2078509330749512 }, "geometry": { "type": "Point", "coordinates": [ -118.125, 16.185097831 ] } },
{ "type": "Feature", "properties": { "id": 367, "u1": -6.3700008392333984, "u7": 0.82855725288391113, "v1": -3.2440028190612793, "v7": 0.67222195863723755 }, "geometry": { "type": "Point", "coordinates": [ -118.125, 10.472710831 ] } },
{ "type": "Feature", "properties": { "id": 368, "u1": -3.0230004787445068, "u7": -2.3104195594787598, "v1": 2.1216659545898438, "v7": 4.9129123687744141 }, "geometry": { "type": "Point", "coordinates": [ -118.125, 4.760323831000016 ] } },
{ "type": "Feature", "properties": { "id": 369, "u1": -4.422001838684082, "u7": -5.3478388786315918, "v1": 2.9609990119934082, "v7": 3.4646179676055908 }, "geometry": { "type": "Point", "coordinates": [ -118.125, -0.952063169 ] } },
{ "type": "Feature", "properties": { "id": 370, "u1": -6.7503342628479004, "u7": -7.3696331977844238, "v1": 3.5716660022735596, "v7": 3.1549315452575684 }, "geometry": { "type": "Point", "coordinates": [ -118.125, -6.664450169 ] } },
{ "type": "Feature", "properties": { "id": 371, "u1": -7.1663341522216797, "u7": -7.6705770492553711, "v1": 1.5959975719451904, "v7": 2.248288631439209 }, "geometry": { "type": "Point", "coordinates": [ -118.125, -12.376837168999989 ] } },
{ "type": "Feature", "properties": { "id": 372, "u1": -6.1473331451416016, "u7": -5.971806526184082, "v1": -0.07933400571346283, "v7": 0.27050736546516418 }, "geometry": { "type": "Point", "coordinates": [ -118.125, -18.089224168999984 ] } },
{ "type": "Feature", "properties": { "id": 373, "u1": -4.7160015106201172, "u7": -2.9580559730529785, "v1": -0.737335205078125, "v7": -0.55936402082443237 }, "geometry": { "type": "Point", "coordinates": [ -118.125, -23.801611169 ] } },
{ "type": "Feature", "properties": { "id": 374, "u1": -2.3073344230651855, "u7": 0.66149437427520752, "v1": -1.0913350582122803, "v7": -1.0119678974151611 }, "geometry": { "type": "Point", "coordinates": [ -118.125, -29.513998169 ] } },
{ "type": "Feature", "properties": { "id": 375, "u1": 0.21999816596508026, "u7": 3.0045840740203857, "v1": -0.80766856670379639, "v7": -1.0737099647521973 }, "geometry": { "type": "Point", "coordinates": [ -118.125, -35.226385169 ] } },
{ "type": "Feature", "properties": { "id": 376, "u1": 4.0103311538696289, "u7": 3.9623770713806152, "v1": -1.0110011100769043, "v7": -1.1685409545898438 }, "geometry": { "type": "Point", "coordinates": [ -118.125, -40.938772168999982 ] } },
{ "type": "Feature", "properties": { "id": 377, "u1": 7.552330493927002, "u7": 4.5636153221130371, "v1": -1.5620005130767822, "v7": -1.3449394702911377 }, "geometry": { "type": "Point", "coordinates": [ -118.125, -46.651159168999989 ] } },
{ "type": "Feature", "properties": { "id": 378, "u1": 8.727665901184082, "u7": 5.4616398811340332, "v1": -1.1710021495819092, "v7": -1.6581790447235107 }, "geometry": { "type": "Point", "coordinates": [ -118.125, -52.363546169 ] } },
{ "type": "Feature", "properties": { "id": 379, "u1": 6.7709975242614746, "u7": 6.0228915214538574, "v1": -0.03066813200712204, "v7": -1.258544921875 }, "geometry": { "type": "Point", "coordinates": [ -118.125, -58.075933169 ] } },
{ "type": "Feature", "properties": { "id": 380, "u1": 3.3639962673187256, "u7": 5.2209701538085938, "v1": 0.50666505098342896, "v7": -0.67635327577590942 }, "geometry": { "type": "Point", "coordinates": [ -118.125, -63.788320168999981 ] } },
{ "type": "Feature", "properties": { "id": 381, "u1": 0.93033295869827271, "u7": 2.2481157779693604, "v1": 0.58999991416931152, "v7": -1.2824691534042358 }, "geometry": { "type": "Point", "coordinates": [ -118.125, -69.50070716899998 ] } },
{ "type": "Feature", "properties": { "id": 382, "u1": -4.2306680679321289, "u7": -6.6398482322692871, "v1": 0.9199981689453125, "v7": 2.3714447021484375 }, "geometry": { "type": "Point", "coordinates": [ -118.125, -75.213094168999987 ] } },
{ "type": "Feature", "properties": { "id": 383, "u1": -0.83000236749649048, "u7": -0.77170830965042114, "v1": -3.7020008563995361, "v7": -7.4115219116210938 }, "geometry": { "type": "Point", "coordinates": [ -118.125, -80.925481168999966 ] } },
{ "type": "Feature", "properties": { "id": 384, "u1": -5.7053346633911133, "u7": -13.037158012390137, "v1": 1.0483317375183105, "v7": 4.0399928092956543 }, "geometry": { "type": "Point", "coordinates": [ -118.125, -86.637868168999972 ] } },
{ "type": "Feature", "properties": { "id": 386, "u1": 1.0826644897460938, "u7": 0.5596889853477478, "v1": -1.3756688833236694, "v7": 0.69506466388702393 }, "geometry": { "type": "Point", "coordinates": [ -112.5, 84.733741831 ] } },
{ "type": "Feature", "properties": { "id": 387, "u1": 1.4196640253067017, "u7": 1.1116021871566772, "v1": -2.6953344345092773, "v7": -0.65349471569061279 }, "geometry": { "type": "Point", "coordinates": [ -112.5, 79.021354831000011 ] } },
{ "type": "Feature", "properties": { "id": 388, "u1": 2.2349979877471924, "u7": 0.90495830774307251, "v1": -1.9296671152114868, "v7": -1.1906144618988037 }, "geometry": { "type": "Point", "coordinates": [ -112.5, 73.308967831000018 ] } },
{ "type": "Feature", "properties": { "id": 389, "u1": 1.6449966430664062, "u7": -0.22548243403434753, "v1": -0.27700042724609375, "v7": -0.88989001512527466 }, "geometry": { "type": "Point", "coordinates": [ -112.5, 67.596580831000011 ] } },
{ "type": "Feature", "properties": { "id": 390, "u1": 0.4386647641658783, "u7": -0.35599690675735474, "v1": 0.40333202481269836, "v7": -0.028442259877920151 }, "geometry": { "type": "Point", "coordinates": [ -112.5, 61.884193831 ] } },
{ "type": "Feature", "properties": { "id": 391, "u1": 1.5923329591751099, "u7": 1.0388327836990356, "v1": 0.49433186650276184, "v7": 0.2877483069896698 }, "geometry": { "type": "Point", "coordinates": [ -112.5, 56.171806831 ] } },
{ "type": "Feature", "properties": { "id": 392, "u1": 5.2613315582275391, "u7": 2.277254581451416, "v1": 0.41233113408088684, "v7": -0.06982874870300293 }, "geometry": { "type": "Point", "coordinates": [ -112.5, 50.459419831 ] } },
{ "type": "Feature", "properties": { "id": 393, "u1": 3.2886648178100586, "u7": 0.70224910974502563, "v1": 2.7416660785675049, "v7": -0.23867382109165192 }, "geometry": { "type": "Point", "coordinates": [ -112.5, 44.747032831 ] } },
{ "type": "Feature", "properties": { "id": 394, "u1": 0.64733225107192993, "u7": 1.3449585437774658, "v1": 0.58866477012634277, "v7": 1.4562532901763916 }, "geometry": { "type": "Point", "coordinates": [ -112.5, 39.034645831 ] } },
{ "type": "Feature", "properties": { "id": 395, "u1": -1.804999828338623, "u7": 2.728412389755249, "v1": -0.93800097703933716, "v7": 0.072665221989154816 }, "geometry": { "type": "Point", "coordinates": [ -112.5, 33.322258831 ] } },
{ "type": "Feature", "properties": { "id": 396, "u1": 0.87533211708068848, "u7": 4.4494142532348633, "v1": -1.7856694459915161, "v7": 0.77973741292953491 }, "geometry": { "type": "Point", "coordinates": [ -112.5, 27.609871831 ] } },
{ "type": "Feature", "properties": { "id": 397, "u1": -0.02033386193215847, "u7": 0.43721598386764526, "v1": -5.9756669998168945, "v7": -2.81490159034729 }, "geometry": { "type": "Point", "coordinates": [ -112.5, 21.897484831 ] } },
{ "type": "Feature", "properties": { "id": 398, "u1": -4.2840008735656738, "u7": -1.9997222423553467, "v1": -5.5343341827392578, "v7": -2.2518091201782227 }, "geometry": { "type": "Point", "coordinates": [ -112.5, 16.185097831 ] } },
{ "type": "Feature", "properties": { "id": 399, "u1": -6.3056669235229492, "u7": 1.3525103330612183, "v1": -2.5013341903686523, "v7": 1.1035935878753662 }, "geometry": { "type": "Point", "coordinates": [ -112.5, 10.472710831 ] } },
{ "type": "Feature", "properties": { "id": 400, "u1": -2.4110016822814941, "u7": -1.5774966478347778, "v1": 2.3486647605895996, "v7": 5.6020894050598145 }, "geometry": { "type": "Point", "coordinates": [ -112.5, 4.760323831000016 ] } },
{ "type": "Feature", "properties": { "id": 401, "u1": -3.8803343772888184, "u7": -4.9730944633483887, "v1": 3.409332275390625, "v7": 3.6177477836608887 }, "geometry": { "type": "Point", "coordinates": [ -112.5, -0.952063169 ] } },
{ "type": "Feature", "properties": { "id": 402, "u1": -6.3546686172485352, "u7": -7.2384366989135742, "v1": 4.0596647262573242, "v7": 3.5443074703216553 }, "geometry": { "type": "Point", "coordinates": [ -112.5, -6.664450169 ] } },
{ "type": "Feature", "properties": { "id": 403, "u1": -7.0773358345031738, "u7": -7.9787659645080566, "v1": 2.1719980239868164, "v7": 2.730736255645752 }, "geometry": { "type": "Point", "coordinates": [ -112.5, -12.376837168999989 ] } },
{ "type": "Feature", "properties": { "id": 404, "u1": -6.341001033782959, "u7": -6.3086462020874023, "v1": 0.59033203125, "v7": 0.4979814887046814 }, "geometry": { "type": "Point", "coordinates": [ -112.5, -18.089224168999984 ] } },
{ "type": "Feature", "properties": { "id": 405, "u1": -5.0773324966430664, "u7": -3.2921788692474365, "v1": -0.2573343813419342, "v7": -0.61413401365280151 }, "geometry": { "type": "Point", "coordinates": [ -112.5, -23.801611169 ] } },
{ "type": "Feature", "properties": { "id": 406, "u1": -2.2560017108917236, "u7": 0.57771819829940796, "v1": -0.67800140380859375, "v7": -1.2619365453720093 }, "geometry": { "type": "Point", "coordinates": [ -112.5, -29.513998169 ] } },
{ "type": "Feature", "properties": { "id": 407, "u1": 0.7066650390625, "u7": 3.2548327445983887, "v1": -0.70166778564453125, "v7": -1.4733809232711792 }, "geometry": { "type": "Point", "coordinates": [ -112.5, -35.226385169 ] } },
{ "type": "Feature", "properties": { "id": 408, "u1": 4.5699977874755859, "u7": 4.2325992584228516, "v1": -1.1046671867370605, "v7": -1.3075538873672485 }, "geometry": { "type": "Point", "coordinates": [ -112.5, -40.938772168999982 ] } },
{ "type": "Feature", "properties": { "id": 409, "u1": 7.9549984931945801, "u7": 4.7109169960021973, "v1": -1.781334400177002, "v7": -1.2117283344268799 }, "geometry": { "type": "Point", "coordinates": [ -112.5, -46.651159168999989 ] } },
{ "type": "Feature", "properties": { "id": 410, "u1": 9.1896638870239258, "u7": 5.6605620384216309, "v1": -1.1803334951400757, "v7": -1.523101806640625 }, "geometry": { "type": "Point", "coordinates": [ -112.5, -52.363546169 ] } },
{ "type": "Feature", "properties": { "id": 411, "u1": 6.7299990653991699, "u7": 6.077031135559082, "v1": 0.16899973154067993, "v7": -1.3942160606384277 }, "geometry": { "type": "Point", "coordinates": [ -112.5, -58.075933169 ] } },
{ "type": "Feature", "properties": { "id": 412, "u1": 3.0723316669464111, "u7": 5.0744309425354004, "v1": 0.80066627264022827, "v7": -0.73184192180633545 }, "geometry": { "type": "Point", "coordinates": [ -112.5, -63.788320168999981 ] } },
{ "type": "Feature", "properties": { "id": 413, "u1": 0.80566507577896118, "u7": 2.0095641613006592, "v1": 0.77233278751373291, "v7": -1.2491509914398193 }, "geometry": { "type": "Point", "coordinates": [ -112.5, -69.50070716899998 ] } },
{ "type": "Feature", "properties": { "id": 414, "u1": -4.6923341751098633, "u7": -6.7881245613098145, "v1": 1.6359995603561401, "v7": 2.804621696472168 }, "geometry": { "type": "Point", "coordinates": [ -112.5, -75.213094168999987 ] } },
{ "type": "Feature", "properties": { "id": 415, "u1": -0.30766651034355164, "u7": -0.30759242177009583, "v1": -2.9140019416809082, "v7": -6.1592888832092285 }, "geometry": { "type": "Point", "coordinates": [ -112.5, -80.925481168999966 ] } },
{ "type": "Feature", "properties": { "id": 416, "u1": -5.3139996528625488, "u7": -12.277043342590332, "v1": 0.84233146905899048, "v7": 3.4753832817077637 }, "geometry": { "type": "Point", "coordinates": [ -112.5, -86.637868168999972 ] } },
{ "type": "Feature", "properties": { "id": 418, "u1": 0.91466575860977173, "u7": 0.59837651252746582, "v1": -1.3026677370071411, "v7": 0.64952933788299561 }, "geometry": { "type": "Point", "coordinates": [ -106.875, 84.733741831 ] } },
{ "type": "Feature", "properties": { "id": 419, "u1": 0.71999967098236084, "u7": 0.74704718589782715, "v1": -2.7960007190704346, "v7": -0.64986830949783325 }, "geometry": { "type": "Point", "coordinates": [ -106.875, 79.021354831000011 ] } },
{ "type": "Feature", "properties": { "id": 420, "u1": 2.3589985370635986, "u7": 0.94931060075759888, "v1": -2.4943349361419678, "v7": -1.4047608375549316 }, "geometry": { "type": "Point", "coordinates": [ -106.875, 73.308967831000018 ] } },
{ "type": "Feature", "properties": { "id": 421, "u1": 2.6639983654022217, "u7": -0.20093615353107452, "v1": -0.94666796922683716, "v7": -0.95831590890884399 }, "geometry": { "type": "Point", "coordinates": [ -106.875, 67.596580831000011 ] } },
{ "type": "Feature", "properties": { "id": 422, "u1": 1.3376662731170654, "u7": -0.28599575161933899, "v1": 0.049664814025163651, "v7": 0.054239723831415176 }, "geometry": { "type": "Point", "coordinates": [ -106.875, 61.884193831 ] } },
{ "type": "Feature", "properties": { "id": 423, "u1": 1.1646667718887329, "u7": 0.57175904512405396, "v1": 0.22033284604549408, "v7": 0.13768205046653748 }, "geometry": { "type": "Point", "coordinates": [ -106.875, 56.171806831 ] } },
{ "type": "Feature", "properties": { "id": 424, "u1": 3.1276640892028809, "u7": 0.59981638193130493, "v1": -0.1266682893037796, "v7": 0.34054994583129883 }, "geometry": { "type": "Point", "coordinates": [ -106.875, 50.459419831 ] } },
{ "type": "Feature", "properties": { "id": 425, "u1": 6.0309996604919434, "u7": 0.12591336667537689, "v1": 0.88133186101913452, "v7": 0.080216996371746063 }, "geometry": { "type": "Point", "coordinates": [ -106.875, 44.747032831 ] } },
{ "type": "Feature", "properties": { "id": 426, "u1": 3.9576666355133057, "u7": 0.86006176471710205, "v1": 0.35866495966911316, "v7": 0.39594238996505737 }, "geometry": { "type": "Point", "coordinates": [ -106.875, 39.034645831 ] } },
{ "type": "Feature", "properties": { "id": 427, "u1": 1.4336659908294678, "u7": 0.011028268374502659, "v1": 0.047332253307104111, "v7": 0.97662276029586792 }, "geometry": { "type": "Point", "coordinates": [ -106.875, 33.322258831 ] } },
{ "type": "Feature", "properties": { "id": 428, "u1": -0.52033436298370361, "u7": 1.2466676235198975, "v1": 0.64599967002868652, "v7": 0.21717479825019836 }, "geometry": { "type": "Point", "coordinates": [ -106.875, 27.609871831 ] } },
{ "type": "Feature", "properties": { "id": 429, "u1": -0.63333386182785034, "u7": 2.6559498310089111, "v1": -1.9920008182525635, "v7": -1.2802437543869019 }, "geometry": { "type": "Point", "coordinates": [ -106.875, 21.897484831 ] } },
{ "type": "Feature", "properties": { "id": 430, "u1": -1.1573344469070435, "u7": -1.0789511203765869, "v1": -3.7486679553985596, "v7": -1.0494638681411743 }, "geometry": { "type": "Point", "coordinates": [ -106.875, 16.185097831 ] } },
{ "type": "Feature", "properties": { "id": 431, "u1": -6.0296683311462402, "u7": 1.1869807243347168, "v1": -1.8176681995391846, "v7": 1.405661940574646 }, "geometry": { "type": "Point", "coordinates": [ -106.875, 10.472710831 ] } },
{ "type": "Feature", "properties": { "id": 432, "u1": -2.0240015983581543, "u7": -1.0544641017913818, "v1": 2.0903315544128418, "v7": 6.2345929145812988 }, "geometry": { "type": "Point", "coordinates": [ -106.875, 4.760323831000016 ] } },
{ "type": "Feature", "properties": { "id": 433, "u1": -3.5280008316040039, "u7": -4.504673957824707, "v1": 4.0089969635009766, "v7": 4.4654326438903809 }, "geometry": { "type": "Point", "coordinates": [ -106.875, -0.952063169 ] } },
{ "type": "Feature", "properties": { "id": 434, "u1": -5.7956676483154297, "u7": -7.1177592277526855, "v1": 5.0493316650390625, "v7": 4.271914005279541 }, "geometry": { "type": "Point", "coordinates": [ -106.875, -6.664450169 ] } },
{ "type": "Feature", "properties": { "id": 435, "u1": -6.9183344841003418, "u7": -8.1083345413208008, "v1": 2.8109984397888184, "v7": 3.1481204032897949 }, "geometry": { "type": "Point", "coordinates": [ -106.875, -12.376837168999989 ] } },
{ "type": "Feature", "properties": { "id": 436, "u1": -6.3090009689331055, "u7": -6.5628342628479004, "v1": 1.0446649789810181, "v7": 0.88036847114562988 }, "geometry": { "type": "Point", "coordinates": [ -106.875, -18.089224168999984 ] } },
{ "type": "Feature", "properties": { "id": 437, "u1": -5.0660028457641602, "u7": -3.2573599815368652, "v1": 0.4623311460018158, "v7": -0.40592601895332336 }, "geometry": { "type": "Point", "coordinates": [ -106.875, -23.801611169 ] } },
{ "type": "Feature", "properties": { "id": 438, "u1": -2.1913349628448486, "u7": 0.62220686674118042, "v1": -0.19266662001609802, "v7": -1.2297643423080444 }, "geometry": { "type": "Point", "coordinates": [ -106.875, -29.513998169 ] } },
{ "type": "Feature", "properties": { "id": 439, "u1": 1.0029988288879395, "u7": 3.2155299186706543, "v1": -0.51366728544235229, "v7": -1.750267505645752 }, "geometry": { "type": "Point", "coordinates": [ -106.875, -35.226385169 ] } },
{ "type": "Feature", "properties": { "id": 440, "u1": 4.8513321876525879, "u7": 4.2559676170349121, "v1": -1.263335108757019, "v7": -1.7953394651412964 }, "geometry": { "type": "Point", "coordinates": [ -106.875, -40.938772168999982 ] } },
{ "type": "Feature", "properties": { "id": 441, "u1": 8.3169984817504883, "u7": 4.7017664909362793, "v1": -2.0180003643035889, "v7": -1.4678747653961182 }, "geometry": { "type": "Point", "coordinates": [ -106.875, -46.651159168999989 ] } },
{ "type": "Feature", "properties": { "id": 442, "u1": 9.4379987716674805, "u7": 5.4985246658325195, "v1": -1.5543340444564819, "v7": -1.5578988790512085 }, "geometry": { "type": "Point", "coordinates": [ -106.875, -52.363546169 ] } },
{ "type": "Feature", "properties": { "id": 443, "u1": 6.5366635322570801, "u7": 6.0191249847412109, "v1": 0.1213328018784523, "v7": -1.5026007890701294 }, "geometry": { "type": "Point", "coordinates": [ -106.875, -58.075933169 ] } },
{ "type": "Feature", "properties": { "id": 444, "u1": 2.7679972648620605, "u7": 4.8736433982849121, "v1": 0.8143310546875, "v7": -1.0490512847900391 }, "geometry": { "type": "Point", "coordinates": [ -106.875, -63.788320168999981 ] } },
{ "type": "Feature", "properties": { "id": 445, "u1": 0.49566549062728882, "u7": 1.6583476066589355, "v1": 0.81666463613510132, "v7": -1.3954621553421021 }, "geometry": { "type": "Point", "coordinates": [ -106.875, -69.50070716899998 ] } },
{ "type": "Feature", "properties": { "id": 446, "u1": -5.0653347969055176, "u7": -7.0369782447814941, "v1": 1.7163330316543579, "v7": 2.2382850646972656 }, "geometry": { "type": "Point", "coordinates": [ -106.875, -75.213094168999987 ] } },
{ "type": "Feature", "properties": { "id": 447, "u1": 0.1879984587430954, "u7": 0.20999574661254883, "v1": -1.7876678705215454, "v7": -4.3211655616760254 }, "geometry": { "type": "Point", "coordinates": [ -106.875, -80.925481168999966 ] } },
{ "type": "Feature", "properties": { "id": 448, "u1": -4.9220027923583984, "u7": -11.449216842651367, "v1": 0.78766375780105591, "v7": 3.1927387714385986 }, "geometry": { "type": "Point", "coordinates": [ -106.875, -86.637868168999972 ] } },
{ "type": "Feature", "properties": { "id": 450, "u1": 0.81433409452438354, "u7": 0.61854648590087891, "v1": -1.2230011224746704, "v7": 0.59758269786834717 }, "geometry": { "type": "Point", "coordinates": [ -101.25, 84.733741831 ] } },
{ "type": "Feature", "properties": { "id": 451, "u1": -0.06733500212430954, "u7": 0.39076530933380127, "v1": -2.6966674327850342, "v7": -0.46428641676902771 }, "geometry": { "type": "Point", "coordinates": [ -101.25, 79.021354831000011 ] } },
{ "type": "Feature", "properties": { "id": 452, "u1": 2.1266653537750244, "u7": 1.0945572853088379, "v1": -2.7163350582122803, "v7": -1.4116146564483643 }, "geometry": { "type": "Point", "coordinates": [ -101.25, 73.308967831000018 ] } },
{ "type": "Feature", "properties": { "id": 453, "u1": 3.126331090927124, "u7": 0.23610283434391022, "v1": -1.5050017833709717, "v7": -1.3439894914627075 }, "geometry": { "type": "Point", "coordinates": [ -101.25, 67.596580831000011 ] } },
{ "type": "Feature", "properties": { "id": 454, "u1": 2.624664306640625, "u7": -0.069727882742881775, "v1": -0.87100166082382202, "v7": -0.22969165444374084 }, "geometry": { "type": "Point", "coordinates": [ -101.25, 61.884193831 ] } },
{ "type": "Feature", "properties": { "id": 455, "u1": 1.8013300895690918, "u7": 0.4355451762676239, "v1": -0.40166777372360229, "v7": -0.07052304595708847 }, "geometry": { "type": "Point", "coordinates": [ -101.25, 56.171806831 ] } },
{ "type": "Feature", "properties": { "id": 456, "u1": 2.0683319568634033, "u7": 0.71928256750106812, "v1": -0.11800079047679901, "v7": 0.45902994275093079 }, "geometry": { "type": "Point", "coordinates": [ -101.25, 50.459419831 ] } },
{ "type": "Feature", "properties": { "id": 457, "u1": 3.6303315162658691, "u7": -1.3261300325393677, "v1": -0.85866904258728027, "v7": 0.84635657072067261 }, "geometry": { "type": "Point", "coordinates": [ -101.25, 44.747032831 ] } },
{ "type": "Feature", "properties": { "id": 458, "u1": 3.1346654891967773, "u7": -1.6812518835067749, "v1": -1.573333740234375, "v7": 2.4057354927062988 }, "geometry": { "type": "Point", "coordinates": [ -101.25, 39.034645831 ] } },
{ "type": "Feature", "properties": { "id": 459, "u1": 1.4903320074081421, "u7": -1.4076112508773804, "v1": 0.1686655730009079, "v7": 4.508336067199707 }, "geometry": { "type": "Point", "coordinates": [ -101.25, 33.322258831 ] } },
{ "type": "Feature", "properties": { "id": 460, "u1": -0.28033548593521118, "u7": -4.3043408393859863, "v1": 0.18399912118911743, "v7": 2.5144188404083252 }, "geometry": { "type": "Point", "coordinates": [ -101.25, 27.609871831 ] } },
{ "type": "Feature", "properties": { "id": 461, "u1": -1.5263346433639526, "u7": -2.1151115894317627, "v1": 0.66199952363967896, "v7": 0.64167827367782593 }, "geometry": { "type": "Point", "coordinates": [ -101.25, 21.897484831 ] } },
{ "type": "Feature", "properties": { "id": 462, "u1": -1.6150014400482178, "u7": 0.060982037335634232, "v1": -0.84533536434173584, "v7": -0.010637744329869747 }, "geometry": { "type": "Point", "coordinates": [ -101.25, 16.185097831 ] } },
{ "type": "Feature", "properties": { "id": 463, "u1": -6.4060015678405762, "u7": 0.1843981146812439, "v1": -2.6196684837341309, "v7": 0.95974326133728027 }, "geometry": { "type": "Point", "coordinates": [ -101.25, 10.472710831 ] } },
{ "type": "Feature", "properties": { "id": 464, "u1": -1.7843353748321533, "u7": 0.0051916581578552723, "v1": 1.3720000982284546, "v7": 6.7272553443908691 }, "geometry": { "type": "Point", "coordinates": [ -101.25, 4.760323831000016 ] } },
{ "type": "Feature", "properties": { "id": 465, "u1": -2.7163345813751221, "u7": -3.8473014831542969, "v1": 3.8470010757446289, "v7": 4.4654617309570312 }, "geometry": { "type": "Point", "coordinates": [ -101.25, -0.952063169 ] } },
{ "type": "Feature", "properties": { "id": 466, "u1": -5.128666877746582, "u7": -6.8958406448364258, "v1": 5.650665283203125, "v7": 4.818629264831543 }, "geometry": { "type": "Point", "coordinates": [ -101.25, -6.664450169 ] } },
{ "type": "Feature", "properties": { "id": 467, "u1": -6.5636672973632812, "u7": -8.1433143615722656, "v1": 3.6849989891052246, "v7": 3.7541730403900146 }, "geometry": { "type": "Point", "coordinates": [ -101.25, -12.376837168999989 ] } },
{ "type": "Feature", "properties": { "id": 468, "u1": -6.1123342514038086, "u7": -6.7387056350708008, "v1": 1.8273330926895142, "v7": 1.6049717664718628 }, "geometry": { "type": "Point", "coordinates": [ -101.25, -18.089224168999984 ] } },
{ "type": "Feature", "properties": { "id": 469, "u1": -5.1470022201538086, "u7": -3.5541620254516602, "v1": 1.2796661853790283, "v7": 0.1458314061164856 }, "geometry": { "type": "Point", "coordinates": [ -101.25, -23.801611169 ] } },
{ "type": "Feature", "properties": { "id": 470, "u1": -2.4876668453216553, "u7": 0.38623684644699097, "v1": 0.4323323667049408, "v7": -0.99466127157211304 }, "geometry": { "type": "Point", "coordinates": [ -101.25, -29.513998169 ] } },
{ "type": "Feature", "properties": { "id": 471, "u1": 1.1526652574539185, "u7": 3.1975469589233398, "v1": -0.39366862177848816, "v7": -1.5532289743423462 }, "geometry": { "type": "Point", "coordinates": [ -101.25, -35.226385169 ] } },
{ "type": "Feature", "properties": { "id": 472, "u1": 5.2599973678588867, "u7": 4.6089839935302734, "v1": -1.1766678094863892, "v7": -1.8511465787887573 }, "geometry": { "type": "Point", "coordinates": [ -101.25, -40.938772168999982 ] } },
{ "type": "Feature", "properties": { "id": 473, "u1": 8.4363317489624023, "u7": 4.6758317947387695, "v1": -2.1640009880065918, "v7": -1.7390505075454712 }, "geometry": { "type": "Point", "coordinates": [ -101.25, -46.651159168999989 ] } },
{ "type": "Feature", "properties": { "id": 474, "u1": 9.4543304443359375, "u7": 5.4126677513122559, "v1": -1.9326674938201904, "v7": -1.6173893213272095 }, "geometry": { "type": "Point", "coordinates": [ -101.25, -52.363546169 ] } },
{ "type": "Feature", "properties": { "id": 475, "u1": 6.4149980545043945, "u7": 6.0050745010375977, "v1": -0.15500029921531677, "v7": -1.535645604133606 }, "geometry": { "type": "Point", "coordinates": [ -101.25, -58.075933169 ] } },
{ "type": "Feature", "properties": { "id": 476, "u1": 2.7423324584960938, "u7": 4.649113655090332, "v1": 0.95766502618789673, "v7": -1.175279974937439 }, "geometry": { "type": "Point", "coordinates": [ -101.25, -63.788320168999981 ] } },
{ "type": "Feature", "properties": { "id": 477, "u1": -0.052667237818241119, "u7": 1.0657298564910889, "v1": 0.84966480731964111, "v7": -1.4903775453567505 }, "geometry": { "type": "Point", "coordinates": [ -101.25, -69.50070716899998 ] } },
{ "type": "Feature", "properties": { "id": 478, "u1": -5.2670016288757324, "u7": -6.9102644920349121, "v1": 1.46099853515625, "v7": 1.5042026042938232 }, "geometry": { "type": "Point", "coordinates": [ -101.25, -75.213094168999987 ] } },
{ "type": "Feature", "properties": { "id": 479, "u1": 0.61599832773208618, "u7": 0.77756297588348389, "v1": -0.47166901826858521, "v7": -2.0149815082550049 }, "geometry": { "type": "Point", "coordinates": [ -101.25, -80.925481168999966 ] } },
{ "type": "Feature", "properties": { "id": 480, "u1": -4.5796675682067871, "u7": -10.641947746276855, "v1": 0.86666566133499146, "v7": 3.1813874244689941 }, "geometry": { "type": "Point", "coordinates": [ -101.25, -86.637868168999972 ] } },
{ "type": "Feature", "properties": { "id": 482, "u1": 0.77533215284347534, "u7": 0.62431997060775757, "v1": -1.1476680040359497, "v7": 0.55763751268386841 }, "geometry": { "type": "Point", "coordinates": [ -95.625, 84.733741831 ] } },
{ "type": "Feature", "properties": { "id": 483, "u1": -0.69266813993453979, "u7": 0.0863037109375, "v1": -2.4906678199768066, "v7": -0.18607302010059357 }, "geometry": { "type": "Point", "coordinates": [ -95.625, 79.021354831000011 ] } },
{ "type": "Feature", "properties": { "id": 484, "u1": 1.6476653814315796, "u7": 0.97182351350784302, "v1": -2.1673333644866943, "v7": -1.3281967639923096 }, "geometry": { "type": "Point", "coordinates": [ -95.625, 73.308967831000018 ] } },
{ "type": "Feature", "properties": { "id": 485, "u1": 3.1326653957366943, "u7": 0.90299183130264282, "v1": -1.8270003795623779, "v7": -1.6462843418121338 }, "geometry": { "type": "Point", "coordinates": [ -95.625, 67.596580831000011 ] } },
{ "type": "Feature", "properties": { "id": 486, "u1": 3.0139973163604736, "u7": -0.0489475317299366, "v1": -2.4030008316040039, "v7": -0.17785009741783142 }, "geometry": { "type": "Point", "coordinates": [ -95.625, 61.884193831 ] } },
{ "type": "Feature", "properties": { "id": 487, "u1": 2.0526652336120605, "u7": -0.091455265879631042, "v1": -0.35833385586738586, "v7": -0.29428771138191223 }, "geometry": { "type": "Point", "coordinates": [ -95.625, 56.171806831 ] } },
{ "type": "Feature", "properties": { "id": 488, "u1": 1.6623321771621704, "u7": 0.97968506813049316, "v1": 0.045332334935665131, "v7": 0.45688292384147644 }, "geometry": { "type": "Point", "coordinates": [ -95.625, 50.459419831 ] } },
{ "type": "Feature", "properties": { "id": 489, "u1": 2.2263314723968506, "u7": 0.22453968226909637, "v1": -0.74033510684967041, "v7": 0.84494972229003906 }, "geometry": { "type": "Point", "coordinates": [ -95.625, 44.747032831 ] } },
{ "type": "Feature", "properties": { "id": 490, "u1": 1.1303324699401855, "u7": -1.1235233545303345, "v1": -0.31733450293540955, "v7": 2.1326186656951904 }, "geometry": { "type": "Point", "coordinates": [ -95.625, 39.034645831 ] } },
{ "type": "Feature", "properties": { "id": 491, "u1": 0.10366567224264145, "u7": -0.3619447648525238, "v1": 0.31799876689910889, "v7": 2.4987921714782715 }, "geometry": { "type": "Point", "coordinates": [ -95.625, 33.322258831 ] } },
{ "type": "Feature", "properties": { "id": 492, "u1": -1.2783340215682983, "u7": -2.1453754901885986, "v1": -2.0193343162536621, "v7": 3.814626932144165 }, "geometry": { "type": "Point", "coordinates": [ -95.625, 27.609871831 ] } },
{ "type": "Feature", "properties": { "id": 493, "u1": -3.6160023212432861, "u7": -5.8625292778015137, "v1": -1.7756683826446533, "v7": 1.3409355878829956 }, "geometry": { "type": "Point", "coordinates": [ -95.625, 21.897484831 ] } },
{ "type": "Feature", "properties": { "id": 494, "u1": -1.5026687383651733, "u7": -0.78916651010513306, "v1": -2.1173346042633057, "v7": -1.0171048641204834 }, "geometry": { "type": "Point", "coordinates": [ -95.625, 16.185097831 ] } },
{ "type": "Feature", "properties": { "id": 495, "u1": -5.9373345375061035, "u7": -1.0134826898574829, "v1": -3.6723349094390869, "v7": 0.73058503866195679 }, "geometry": { "type": "Point", "coordinates": [ -95.625, 10.472710831 ] } },
{ "type": "Feature", "properties": { "id": 496, "u1": -1.0330002307891846, "u7": 0.73392093181610107, "v1": 1.0706654787063599, "v7": 6.9923849105834961 }, "geometry": { "type": "Point", "coordinates": [ -95.625, 4.760323831000016 ] } },
{ "type": "Feature", "properties": { "id": 497, "u1": -2.2853353023529053, "u7": -3.4827964305877686, "v1": 3.6726653575897217, "v7": 4.8603224754333496 }, "geometry": { "type": "Point", "coordinates": [ -95.625, -0.952063169 ] } },
{ "type": "Feature", "properties": { "id": 498, "u1": -4.5529994964599609, "u7": -6.5666904449462891, "v1": 5.6273322105407715, "v7": 5.4848661422729492 }, "geometry": { "type": "Point", "coordinates": [ -95.625, -6.664450169 ] } },
{ "type": "Feature", "properties": { "id": 499, "u1": -5.9273347854614258, "u7": -7.9869632720947266, "v1": 4.3999981880187988, "v7": 4.4491415023803711 }, "geometry": { "type": "Point", "coordinates": [ -95.625, -12.376837168999989 ] } },
{ "type": "Feature", "properties": { "id": 500, "u1": -5.7213344573974609, "u7": -6.6097092628479004, "v1": 2.6716659069061279, "v7": 2.4254858493804932 }, "geometry": { "type": "Point", "coordinates": [ -95.625, -18.089224168999984 ] } },
{ "type": "Feature", "properties": { "id": 501, "u1": -4.9033346176147461, "u7": -3.5131704807281494, "v1": 2.0503332614898682, "v7": 0.9310753345489502 }, "geometry": { "type": "Point", "coordinates": [ -95.625, -23.801611169 ] } },
{ "type": "Feature", "properties": { "id": 502, "u1": -2.5570027828216553, "u7": 0.24459651112556458, "v1": 1.4053329229354858, "v7": -0.20645962655544281 }, "geometry": { "type": "Point", "coordinates": [ -95.625, -29.513998169 ] } },
{ "type": "Feature", "properties": { "id": 503, "u1": 1.1726659536361694, "u7": 3.3298478126525879, "v1": 0.36533203721046448, "v7": -0.95217061042785645 }, "geometry": { "type": "Point", "coordinates": [ -95.625, -35.226385169 ] } },
{ "type": "Feature", "properties": { "id": 504, "u1": 5.3586649894714355, "u7": 4.7753262519836426, "v1": -1.0816670656204224, "v7": -1.3783258199691772 }, "geometry": { "type": "Point", "coordinates": [ -95.625, -40.938772168999982 ] } },
{ "type": "Feature", "properties": { "id": 505, "u1": 8.7479991912841797, "u7": 4.9460916519165039, "v1": -2.3396673202514648, "v7": -1.5633343458175659 }, "geometry": { "type": "Point", "coordinates": [ -95.625, -46.651159168999989 ] } },
{ "type": "Feature", "properties": { "id": 506, "u1": 9.4489965438842773, "u7": 5.5135674476623535, "v1": -2.2566676139831543, "v7": -1.6212201118469238 }, "geometry": { "type": "Point", "coordinates": [ -95.625, -52.363546169 ] } },
{ "type": "Feature", "properties": { "id": 507, "u1": 6.4843311309814453, "u7": 5.8894448280334473, "v1": -0.67966866493225098, "v7": -1.4212034940719604 }, "geometry": { "type": "Point", "coordinates": [ -95.625, -58.075933169 ] } },
{ "type": "Feature", "properties": { "id": 508, "u1": 2.6503310203552246, "u7": 4.4888291358947754, "v1": 0.85866445302963257, "v7": -0.98142868280410767 }, "geometry": { "type": "Point", "coordinates": [ -95.625, -63.788320168999981 ] } },
{ "type": "Feature", "properties": { "id": 509, "u1": -0.73133343458175659, "u7": 0.62959712743759155, "v1": 0.86833244562149048, "v7": -1.2240040302276611 }, "geometry": { "type": "Point", "coordinates": [ -95.625, -69.50070716899998 ] } },
{ "type": "Feature", "properties": { "id": 510, "u1": -5.1486697196960449, "u7": -6.0658717155456543, "v1": 1.4346649646759033, "v7": 1.4954013824462891 }, "geometry": { "type": "Point", "coordinates": [ -95.625, -75.213094168999987 ] } },
{ "type": "Feature", "properties": { "id": 511, "u1": 0.93733161687850952, "u7": 1.3253186941146851, "v1": 0.90533447265625, "v7": 0.60883063077926636 }, "geometry": { "type": "Point", "coordinates": [ -95.625, -80.925481168999966 ] } },
{ "type": "Feature", "properties": { "id": 512, "u1": -4.3286685943603516, "u7": -9.9504432678222656, "v1": 1.0513325929641724, "v7": 3.3948080539703369 }, "geometry": { "type": "Point", "coordinates": [ -95.625, -86.637868168999972 ] } },
{ "type": "Feature", "properties": { "id": 514, "u1": 0.77899777889251709, "u7": 0.62420773506164551, "v1": -1.0960017442703247, "v7": 0.54466497898101807 }, "geometry": { "type": "Point", "coordinates": [ -90.0, 84.733741831 ] } },
{ "type": "Feature", "properties": { "id": 515, "u1": -1.1190012693405151, "u7": -0.14017005264759064, "v1": -2.41400146484375, "v7": 0.11512033641338348 }, "geometry": { "type": "Point", "coordinates": [ -90.0, 79.021354831000011 ] } },
{ "type": "Feature", "properties": { "id": 516, "u1": 1.6099975109100342, "u7": 0.42802789807319641, "v1": -1.7113347053527832, "v7": -1.0374536514282227 }, "geometry": { "type": "Point", "coordinates": [ -90.0, 73.308967831000018 ] } },
{ "type": "Feature", "properties": { "id": 517, "u1": 2.8636641502380371, "u7": 0.88035029172897339, "v1": -2.4740021228790283, "v7": -1.3742402791976929 }, "geometry": { "type": "Point", "coordinates": [ -90.0, 67.596580831000011 ] } },
{ "type": "Feature", "properties": { "id": 518, "u1": 2.9766643047332764, "u7": 0.63833713531494141, "v1": -3.5073344707489014, "v7": -0.39755308628082275 }, "geometry": { "type": "Point", "coordinates": [ -90.0, 61.884193831 ] } },
{ "type": "Feature", "properties": { "id": 519, "u1": 3.0253326892852783, "u7": -0.10851194709539413, "v1": -0.53533327579498291, "v7": -0.6022149920463562 }, "geometry": { "type": "Point", "coordinates": [ -90.0, 56.171806831 ] } },
{ "type": "Feature", "properties": { "id": 520, "u1": 1.9869979619979858, "u7": 1.2296260595321655, "v1": -0.71133369207382202, "v7": 0.40808439254760742 }, "geometry": { "type": "Point", "coordinates": [ -90.0, 50.459419831 ] } },
{ "type": "Feature", "properties": { "id": 521, "u1": 3.3386657238006592, "u7": 1.1756691932678223, "v1": -0.5453338623046875, "v7": 0.71163362264633179 }, "geometry": { "type": "Point", "coordinates": [ -90.0, 44.747032831 ] } },
{ "type": "Feature", "properties": { "id": 522, "u1": 1.8183319568634033, "u7": 0.33655244112014771, "v1": 0.091665647923946381, "v7": 0.93415170907974243 }, "geometry": { "type": "Point", "coordinates": [ -90.0, 39.034645831 ] } },
{ "type": "Feature", "properties": { "id": 523, "u1": 0.52333170175552368, "u7": 0.36039340496063232, "v1": 0.12733204662799835, "v7": 0.94030511379241943 }, "geometry": { "type": "Point", "coordinates": [ -90.0, 33.322258831 ] } },
{ "type": "Feature", "properties": { "id": 524, "u1": -1.9246689081192017, "u7": 0.21569424867630005, "v1": -2.2730016708374023, "v7": 0.96189218759536743 }, "geometry": { "type": "Point", "coordinates": [ -90.0, 27.609871831 ] } },
{ "type": "Feature", "properties": { "id": 525, "u1": -3.6873326301574707, "u7": -4.7375626564025879, "v1": -1.6590021848678589, "v7": 0.021118076518177986 }, "geometry": { "type": "Point", "coordinates": [ -90.0, 21.897484831 ] } },
{ "type": "Feature", "properties": { "id": 526, "u1": -2.1506667137145996, "u7": -2.8988516330718994, "v1": -2.3916680812835693, "v7": -1.3430311679840088 }, "geometry": { "type": "Point", "coordinates": [ -90.0, 16.185097831 ] } },
{ "type": "Feature", "properties": { "id": 527, "u1": -6.0950002670288086, "u7": -2.6961815357208252, "v1": -3.1460015773773193, "v7": 1.2093615531921387 }, "geometry": { "type": "Point", "coordinates": [ -90.0, 10.472710831 ] } },
{ "type": "Feature", "properties": { "id": 528, "u1": -0.008335367776453495, "u7": 1.4875781536102295, "v1": 1.1816655397415161, "v7": 6.7828426361083984 }, "geometry": { "type": "Point", "coordinates": [ -90.0, 4.760323831000016 ] } },
{ "type": "Feature", "properties": { "id": 529, "u1": -2.139000415802002, "u7": -2.0874614715576172, "v1": 4.0763306617736816, "v7": 5.8538012504577637 }, "geometry": { "type": "Point", "coordinates": [ -90.0, -0.952063169 ] } },
{ "type": "Feature", "properties": { "id": 530, "u1": -3.5540022850036621, "u7": -5.4574642181396484, "v1": 5.8473315238952637, "v7": 6.8592824935913086 }, "geometry": { "type": "Point", "coordinates": [ -90.0, -6.664450169 ] } },
{ "type": "Feature", "properties": { "id": 531, "u1": -4.7196688652038574, "u7": -7.2550048828125, "v1": 4.909998893737793, "v7": 5.6033635139465332 }, "geometry": { "type": "Point", "coordinates": [ -90.0, -12.376837168999989 ] } },
{ "type": "Feature", "properties": { "id": 532, "u1": -5.3360013961791992, "u7": -6.5221939086914062, "v1": 3.5976643562316895, "v7": 3.4580738544464111 }, "geometry": { "type": "Point", "coordinates": [ -90.0, -18.089224168999984 ] } },
{ "type": "Feature", "properties": { "id": 533, "u1": -4.4466691017150879, "u7": -3.5940158367156982, "v1": 2.807330846786499, "v7": 1.7209614515304565 }, "geometry": { "type": "Point", "coordinates": [ -90.0, -23.801611169 ] } },
{ "type": "Feature", "properties": { "id": 534, "u1": -2.8103346824645996, "u7": 0.36684754490852356, "v1": 2.3639988899230957, "v7": 0.60120189189910889 }, "geometry": { "type": "Point", "coordinates": [ -90.0, -29.513998169 ] } },
{ "type": "Feature", "properties": { "id": 535, "u1": 1.0743316411972046, "u7": 3.6286401748657227, "v1": 1.0826660394668579, "v7": -0.2897057831287384 }, "geometry": { "type": "Point", "coordinates": [ -90.0, -35.226385169 ] } },
{ "type": "Feature", "properties": { "id": 536, "u1": 5.3256649971008301, "u7": 4.9269967079162598, "v1": -0.76066845655441284, "v7": -0.90599900484085083 }, "geometry": { "type": "Point", "coordinates": [ -90.0, -40.938772168999982 ] } },
{ "type": "Feature", "properties": { "id": 537, "u1": 8.7686662673950195, "u7": 4.9090185165405273, "v1": -2.4273340702056885, "v7": -1.2491708993911743 }, "geometry": { "type": "Point", "coordinates": [ -90.0, -46.651159168999989 ] } },
{ "type": "Feature", "properties": { "id": 538, "u1": 9.4776649475097656, "u7": 5.5769758224487305, "v1": -2.4630014896392822, "v7": -1.4887878894805908 }, "geometry": { "type": "Point", "coordinates": [ -90.0, -52.363546169 ] } },
{ "type": "Feature", "properties": { "id": 539, "u1": 6.6276669502258301, "u7": 5.9507222175598145, "v1": -0.96400195360183716, "v7": -1.1179080009460449 }, "geometry": { "type": "Point", "coordinates": [ -90.0, -58.075933169 ] } },
{ "type": "Feature", "properties": { "id": 540, "u1": 2.5379974842071533, "u7": 4.2036128044128418, "v1": 0.53566539287567139, "v7": -0.65143150091171265 }, "geometry": { "type": "Point", "coordinates": [ -90.0, -63.788320168999981 ] } },
{ "type": "Feature", "properties": { "id": 541, "u1": -1.2953354120254517, "u7": 0.66339969635009766, "v1": 0.74066567420959473, "v7": -0.74522870779037476 }, "geometry": { "type": "Point", "coordinates": [ -90.0, -69.50070716899998 ] } },
{ "type": "Feature", "properties": { "id": 542, "u1": -4.7163357734680176, "u7": -4.7553853988647461, "v1": 1.8553309440612793, "v7": 2.2632856369018555 }, "geometry": { "type": "Point", "coordinates": [ -90.0, -75.213094168999987 ] } },
{ "type": "Feature", "properties": { "id": 543, "u1": 1.1073328256607056, "u7": 1.6832760572433472, "v1": 2.218665599822998, "v7": 3.2999796867370605 }, "geometry": { "type": "Point", "coordinates": [ -90.0, -80.925481168999966 ] } },
{ "type": "Feature", "properties": { "id": 544, "u1": -4.1996679306030273, "u7": -9.4476432800292969, "v1": 1.292664647102356, "v7": 3.7546753883361816 }, "geometry": { "type": "Point", "coordinates": [ -90.0, -86.637868168999972 ] } },
{ "type": "Feature", "properties": { "id": 546, "u1": 0.80466562509536743, "u7": 0.63817393779754639, "v1": -1.0506672859191895, "v7": 0.56608349084854126 }, "geometry": { "type": "Point", "coordinates": [ -84.375, 84.733741831 ] } },
{ "type": "Feature", "properties": { "id": 547, "u1": -1.6066681146621704, "u7": -0.44181844592094421, "v1": -2.5576670169830322, "v7": 0.45345041155815125 }, "geometry": { "type": "Point", "coordinates": [ -84.375, 79.021354831000011 ] } },
{ "type": "Feature", "properties": { "id": 548, "u1": 1.8619990348815918, "u7": -0.22560720145702362, "v1": -1.6483331918716431, "v7": -0.54573178291320801 }, "geometry": { "type": "Point", "coordinates": [ -84.375, 73.308967831000018 ] } },
{ "type": "Feature", "properties": { "id": 549, "u1": 1.614666223526001, "u7": 0.24985736608505249, "v1": -2.8193337917327881, "v7": -0.52831828594207764 }, "geometry": { "type": "Point", "coordinates": [ -84.375, 67.596580831000011 ] } },
{ "type": "Feature", "properties": { "id": 550, "u1": 2.1076650619506836, "u7": 0.76307147741317749, "v1": -1.97833251953125, "v7": -0.92400377988815308 }, "geometry": { "type": "Point", "coordinates": [ -84.375, 61.884193831 ] } },
{ "type": "Feature", "properties": { "id": 551, "u1": 4.3743314743041992, "u7": 0.173082634806633, "v1": -0.75766807794570923, "v7": -1.0741380453109741 }, "geometry": { "type": "Point", "coordinates": [ -84.375, 56.171806831 ] } },
{ "type": "Feature", "properties": { "id": 552, "u1": 1.2229995727539062, "u7": 1.351189136505127, "v1": -0.59600120782852173, "v7": 0.55479258298873901 }, "geometry": { "type": "Point", "coordinates": [ -84.375, 50.459419831 ] } },
{ "type": "Feature", "properties": { "id": 553, "u1": 2.3496654033660889, "u7": 1.6541060209274292, "v1": 0.68099772930145264, "v7": 0.35723495483398438 }, "geometry": { "type": "Point", "coordinates": [ -84.375, 44.747032831 ] } },
{ "type": "Feature", "properties": { "id": 554, "u1": 2.6593317985534668, "u7": 1.0752164125442505, "v1": 1.5049992799758911, "v7": 0.81848770380020142 }, "geometry": { "type": "Point", "coordinates": [ -84.375, 39.034645831 ] } },
{ "type": "Feature", "properties": { "id": 555, "u1": 0.90699869394302368, "u7": 0.72173815965652466, "v1": -0.02100118063390255, "v7": 0.62035673856735229 }, "geometry": { "type": "Point", "coordinates": [ -84.375, 33.322258831 ] } },
{ "type": "Feature", "properties": { "id": 556, "u1": -1.8210006952285767, "u7": 0.35905668139457703, "v1": -2.0583338737487793, "v7": 0.6308550238609314 }, "geometry": { "type": "Point", "coordinates": [ -84.375, 27.609871831 ] } },
{ "type": "Feature", "properties": { "id": 557, "u1": -4.9026660919189453, "u7": -4.1637077331542969, "v1": -2.2860009670257568, "v7": -0.25622338056564331 }, "geometry": { "type": "Point", "coordinates": [ -84.375, 21.897484831 ] } },
{ "type": "Feature", "properties": { "id": 558, "u1": -5.5923352241516113, "u7": -6.294224739074707, "v1": -3.2506668567657471, "v7": -1.4772642850875854 }, "geometry": { "type": "Point", "coordinates": [ -84.375, 16.185097831 ] } },
{ "type": "Feature", "properties": { "id": 559, "u1": -4.0560016632080078, "u7": -1.6105121374130249, "v1": -4.0426669120788574, "v7": -1.7325842380523682 }, "geometry": { "type": "Point", "coordinates": [ -84.375, 10.472710831 ] } },
{ "type": "Feature", "properties": { "id": 560, "u1": -0.2646687924861908, "u7": 1.979473352432251, "v1": 0.1836649626493454, "v7": 5.8882169723510742 }, "geometry": { "type": "Point", "coordinates": [ -84.375, 4.760323831000016 ] } },
{ "type": "Feature", "properties": { "id": 561, "u1": -0.29133453965187073, "u7": 1.1298809051513672, "v1": 4.4633312225341797, "v7": 6.5135388374328613 }, "geometry": { "type": "Point", "coordinates": [ -84.375, -0.952063169 ] } },
{ "type": "Feature", "properties": { "id": 562, "u1": -1.9093343019485474, "u7": -2.5811476707458496, "v1": 6.7393307685852051, "v7": 8.4800987243652344 }, "geometry": { "type": "Point", "coordinates": [ -84.375, -6.664450169 ] } },
{ "type": "Feature", "properties": { "id": 563, "u1": -4.0680012702941895, "u7": -6.3235931396484375, "v1": 5.7219982147216797, "v7": 7.6808333396911621 }, "geometry": { "type": "Point", "coordinates": [ -84.375, -12.376837168999989 ] } },
{ "type": "Feature", "properties": { "id": 564, "u1": -4.4200010299682617, "u7": -6.2488231658935547, "v1": 4.6169991493225098, "v7": 5.0011801719665527 }, "geometry": { "type": "Point", "coordinates": [ -84.375, -18.089224168999984 ] } },
{ "type": "Feature", "properties": { "id": 565, "u1": -3.7320013046264648, "u7": -3.3575692176818848, "v1": 4.3289976119995117, "v7": 3.3193562030792236 }, "geometry": { "type": "Point", "coordinates": [ -84.375, -23.801611169 ] } },
{ "type": "Feature", "properties": { "id": 566, "u1": -2.2163341045379639, "u7": 0.65582907199859619, "v1": 4.09466552734375, "v7": 1.7560650110244751 }, "geometry": { "type": "Point", "coordinates": [ -84.375, -29.513998169 ] } },
{ "type": "Feature", "properties": { "id": 567, "u1": 0.80633187294006348, "u7": 3.5571873188018799, "v1": 2.8406646251678467, "v7": 0.43401765823364258 }, "geometry": { "type": "Point", "coordinates": [ -84.375, -35.226385169 ] } },
{ "type": "Feature", "properties": { "id": 568, "u1": 5.2849984169006348, "u7": 4.7694568634033203, "v1": 0.33466440439224243, "v7": -0.61207997798919678 }, "geometry": { "type": "Point", "coordinates": [ -84.375, -40.938772168999982 ] } },
{ "type": "Feature", "properties": { "id": 569, "u1": 8.4643325805664062, "u7": 4.8513317108154297, "v1": -2.2830021381378174, "v7": -0.97380942106246948 }, "geometry": { "type": "Point", "coordinates": [ -84.375, -46.651159168999989 ] } },
{ "type": "Feature", "properties": { "id": 570, "u1": 9.2576637268066406, "u7": 5.4053044319152832, "v1": -3.0173335075378418, "v7": -1.4569398164749146 }, "geometry": { "type": "Point", "coordinates": [ -84.375, -52.363546169 ] } },
{ "type": "Feature", "properties": { "id": 571, "u1": 6.766664981842041, "u7": 6.0468544960021973, "v1": -1.3010009527206421, "v7": -1.0034977197647095 }, "geometry": { "type": "Point", "coordinates": [ -84.375, -58.075933169 ] } },
{ "type": "Feature", "properties": { "id": 572, "u1": 2.3749995231628418, "u7": 3.7938129901885986, "v1": 0.04566599428653717, "v7": -0.27586060762405396 }, "geometry": { "type": "Point", "coordinates": [ -84.375, -63.788320168999981 ] } },
{ "type": "Feature", "properties": { "id": 573, "u1": -1.6713337898254395, "u7": 0.49076586961746216, "v1": 0.30299937725067139, "v7": -0.74877995252609253 }, "geometry": { "type": "Point", "coordinates": [ -84.375, -69.50070716899998 ] } },
{ "type": "Feature", "properties": { "id": 574, "u1": -4.0190014839172363, "u7": -3.5197374820709229, "v1": 2.3246634006500244, "v7": 2.8777706623077393 }, "geometry": { "type": "Point", "coordinates": [ -84.375, -75.213094168999987 ] } },
{ "type": "Feature", "properties": { "id": 575, "u1": 1.0499989986419678, "u7": 1.7436058521270752, "v1": 3.2769989967346191, "v7": 5.7408251762390137 }, "geometry": { "type": "Point", "coordinates": [ -84.375, -80.925481168999966 ] } },
{ "type": "Feature", "properties": { "id": 576, "u1": -4.3016676902770996, "u7": -9.186152458190918, "v1": 1.5763310194015503, "v7": 4.1619853973388672 }, "geometry": { "type": "Point", "coordinates": [ -84.375, -86.637868168999972 ] } },
{ "type": "Feature", "properties": { "id": 578, "u1": 0.82633107900619507, "u7": 0.68446594476699829, "v1": -1.0010005235671997, "v7": 0.62155115604400635 }, "geometry": { "type": "Point", "coordinates": [ -78.75, 84.733741831 ] } },
{ "type": "Feature", "properties": { "id": 579, "u1": -2.2970011234283447, "u7": -0.64134508371353149, "v1": -2.2983348369598389, "v7": 0.8607177734375 }, "geometry": { "type": "Point", "coordinates": [ -78.75, 79.021354831000011 ] } },
{ "type": "Feature", "properties": { "id": 580, "u1": 2.5286650657653809, "u7": -0.52449029684066772, "v1": -1.9706674814224243, "v7": 0.0065356176346540451 }, "geometry": { "type": "Point", "coordinates": [ -78.75, 73.308967831000018 ] } },
{ "type": "Feature", "properties": { "id": 581, "u1": 0.14366455376148224, "u7": -0.17684443295001984, "v1": -1.7586665153503418, "v7": 0.17619071900844574 }, "geometry": { "type": "Point", "coordinates": [ -78.75, 67.596580831000011 ] } },
{ "type": "Feature", "properties": { "id": 582, "u1": 2.0916650295257568, "u7": 0.26303893327713013, "v1": 0.20166574418544769, "v7": -0.89442670345306396 }, "geometry": { "type": "Point", "coordinates": [ -78.75, 61.884193831 ] } },
{ "type": "Feature", "properties": { "id": 583, "u1": 3.0536630153656006, "u7": 1.185584545135498, "v1": 1.278331995010376, "v7": -0.78516286611557007 }, "geometry": { "type": "Point", "coordinates": [ -78.75, 56.171806831 ] } },
{ "type": "Feature", "properties": { "id": 584, "u1": 1.4103332757949829, "u7": 1.6238037347793579, "v1": 0.32866466045379639, "v7": 0.38700243830680847 }, "geometry": { "type": "Point", "coordinates": [ -78.75, 50.459419831 ] } },
{ "type": "Feature", "properties": { "id": 585, "u1": 2.1663310527801514, "u7": 1.6453382968902588, "v1": 1.2079981565475464, "v7": 0.43357697129249573 }, "geometry": { "type": "Point", "coordinates": [ -78.75, 44.747032831 ] } },
{ "type": "Feature", "properties": { "id": 586, "u1": 2.7856647968292236, "u7": 0.9718700647354126, "v1": 0.88566333055496216, "v7": 0.72011643648147583 }, "geometry": { "type": "Point", "coordinates": [ -78.75, 39.034645831 ] } },
{ "type": "Feature", "properties": { "id": 587, "u1": 2.6863317489624023, "u7": 2.0236968994140625, "v1": -3.0280003547668457, "v7": 2.5564577579498291 }, "geometry": { "type": "Point", "coordinates": [ -78.75, 33.322258831 ] } },
{ "type": "Feature", "properties": { "id": 588, "u1": 0.75533241033554077, "u7": -0.77357417345046997, "v1": -0.71266782283782959, "v7": 3.3081369400024414 }, "geometry": { "type": "Point", "coordinates": [ -78.75, 27.609871831 ] } },
{ "type": "Feature", "properties": { "id": 589, "u1": -5.2740011215209961, "u7": -5.806943416595459, "v1": -2.5960001945495605, "v7": 0.42781025171279907 }, "geometry": { "type": "Point", "coordinates": [ -78.75, 21.897484831 ] } },
{ "type": "Feature", "properties": { "id": 590, "u1": -7.2860012054443359, "u7": -7.8965697288513184, "v1": -2.6946671009063721, "v7": -1.2563184499740601 }, "geometry": { "type": "Point", "coordinates": [ -78.75, 16.185097831 ] } },
{ "type": "Feature", "properties": { "id": 591, "u1": -5.906334400177002, "u7": -4.7820196151733398, "v1": -6.2630014419555664, "v7": -1.5465730428695679 }, "geometry": { "type": "Point", "coordinates": [ -78.75, 10.472710831 ] } },
{ "type": "Feature", "properties": { "id": 592, "u1": 1.7516652345657349, "u7": 3.0578200817108154, "v1": -3.1083343029022217, "v7": 0.85549110174179077 }, "geometry": { "type": "Point", "coordinates": [ -78.75, 4.760323831000016 ] } },
{ "type": "Feature", "properties": { "id": 593, "u1": 0.60066580772399902, "u7": -1.0974099636077881, "v1": 0.29866638779640198, "v7": 0.82317125797271729 }, "geometry": { "type": "Point", "coordinates": [ -78.75, -0.952063169 ] } },
{ "type": "Feature", "properties": { "id": 594, "u1": 0.26966449618339539, "u7": -1.8831952810287476, "v1": 0.352996826171875, "v7": -0.52030807733535767 }, "geometry": { "type": "Point", "coordinates": [ -78.75, -6.664450169 ] } },
{ "type": "Feature", "properties": { "id": 595, "u1": -1.4706685543060303, "u7": -2.2642173767089844, "v1": 4.7449994087219238, "v7": 3.9999697208404541 }, "geometry": { "type": "Point", "coordinates": [ -78.75, -12.376837168999989 ] } },
{ "type": "Feature", "properties": { "id": 596, "u1": -2.7480006217956543, "u7": -5.5668549537658691, "v1": 5.3136649131774902, "v7": 7.4199342727661133 }, "geometry": { "type": "Point", "coordinates": [ -78.75, -18.089224168999984 ] } },
{ "type": "Feature", "properties": { "id": 597, "u1": -2.5690016746520996, "u7": -2.9193742275238037, "v1": 6.5783319473266602, "v7": 6.8767304420471191 }, "geometry": { "type": "Point", "coordinates": [ -78.75, -23.801611169 ] } },
{ "type": "Feature", "properties": { "id": 598, "u1": -1.0873347520828247, "u7": 0.65951085090637207, "v1": 7.1189980506896973, "v7": 4.4363255500793457 }, "geometry": { "type": "Point", "coordinates": [ -78.75, -29.513998169 ] } },
{ "type": "Feature", "properties": { "id": 599, "u1": 0.61499840021133423, "u7": 2.653947114944458, "v1": 6.0263299942016602, "v7": 1.8331125974655151 }, "geometry": { "type": "Point", "coordinates": [ -78.75, -35.226385169 ] } },
{ "type": "Feature", "properties": { "id": 600, "u1": 4.1133317947387695, "u7": 4.2116074562072754, "v1": 1.9569971561431885, "v7": -0.7709500789642334 }, "geometry": { "type": "Point", "coordinates": [ -78.75, -40.938772168999982 ] } },
{ "type": "Feature", "properties": { "id": 601, "u1": 7.4780001640319824, "u7": 4.625058650970459, "v1": -2.0433344841003418, "v7": -1.4914489984512329 }, "geometry": { "type": "Point", "coordinates": [ -78.75, -46.651159168999989 ] } },
{ "type": "Feature", "properties": { "id": 602, "u1": 9.6093320846557617, "u7": 6.2258429527282715, "v1": -3.7723343372344971, "v7": -1.3911803960800171 }, "geometry": { "type": "Point", "coordinates": [ -78.75, -52.363546169 ] } },
{ "type": "Feature", "properties": { "id": 603, "u1": 6.7436652183532715, "u7": 6.0554661750793457, "v1": -1.9210021495819092, "v7": -0.84713464975357056 }, "geometry": { "type": "Point", "coordinates": [ -78.75, -58.075933169 ] } },
{ "type": "Feature", "properties": { "id": 604, "u1": 2.0306651592254639, "u7": 3.2687668800354004, "v1": -0.72200167179107666, "v7": -0.17119152843952179 }, "geometry": { "type": "Point", "coordinates": [ -78.75, -63.788320168999981 ] } },
{ "type": "Feature", "properties": { "id": 605, "u1": -1.9230000972747803, "u7": -0.30016463994979858, "v1": -0.73166912794113159, "v7": -1.8379256725311279 }, "geometry": { "type": "Point", "coordinates": [ -78.75, -69.50070716899998 ] } },
{ "type": "Feature", "properties": { "id": 606, "u1": -3.1470017433166504, "u7": -2.3904640674591064, "v1": 2.3479981422424316, "v7": 2.5250470638275146 }, "geometry": { "type": "Point", "coordinates": [ -78.75, -75.213094168999987 ] } },
{ "type": "Feature", "properties": { "id": 607, "u1": 0.72166496515274048, "u7": 1.4214575290679932, "v1": 3.8849995136260986, "v7": 7.4858245849609375 }, "geometry": { "type": "Point", "coordinates": [ -78.75, -80.925481168999966 ] } },
{ "type": "Feature", "properties": { "id": 608, "u1": -4.5070018768310547, "u7": -9.1863603591918945, "v1": 1.7969995737075806, "v7": 4.5095138549804688 }, "geometry": { "type": "Point", "coordinates": [ -78.75, -86.637868168999972 ] } },
{ "type": "Feature", "properties": { "id": 610, "u1": 0.84633332490921021, "u7": 0.78343123197555542, "v1": -0.91833442449569702, "v7": 0.69374543428421021 }, "geometry": { "type": "Point", "coordinates": [ -73.125, 84.733741831 ] } },
{ "type": "Feature", "properties": { "id": 611, "u1": -3.1626672744750977, "u7": -0.94111192226409912, "v1": -1.1303354501724243, "v7": 1.4586009979248047 }, "geometry": { "type": "Point", "coordinates": [ -73.125, 79.021354831000011 ] } },
{ "type": "Feature", "properties": { "id": 612, "u1": 2.4249980449676514, "u7": -0.64533764123916626, "v1": -1.8783355951309204, "v7": 0.34594929218292236 }, "geometry": { "type": "Point", "coordinates": [ -73.125, 73.308967831000018 ] } },
{ "type": "Feature", "properties": { "id": 613, "u1": -0.26766815781593323, "u7": -0.45077911019325256, "v1": -0.36633402109146118, "v7": 0.5190960168838501 }, "geometry": { "type": "Point", "coordinates": [ -73.125, 67.596580831000011 ] } },
{ "type": "Feature", "properties": { "id": 614, "u1": 2.8269984722137451, "u7": -0.45837783813476562, "v1": 0.36799925565719604, "v7": 0.068564377725124359 }, "geometry": { "type": "Point", "coordinates": [ -73.125, 61.884193831 ] } },
{ "type": "Feature", "properties": { "id": 615, "u1": 2.3089981079101562, "u7": 0.9810141921043396, "v1": 1.7226659059524536, "v7": 0.030776489526033401 }, "geometry": { "type": "Point", "coordinates": [ -73.125, 56.171806831 ] } },
{ "type": "Feature", "properties": { "id": 616, "u1": 1.938331127166748, "u7": 1.8328671455383301, "v1": 0.25133311748504639, "v7": 0.82799828052520752 }, "geometry": { "type": "Point", "coordinates": [ -73.125, 50.459419831 ] } },
{ "type": "Feature", "properties": { "id": 617, "u1": 2.5976653099060059, "u7": 1.788654088973999, "v1": 0.3433329164981842, "v7": 0.9483533501625061 }, "geometry": { "type": "Point", "coordinates": [ -73.125, 44.747032831 ] } },
{ "type": "Feature", "properties": { "id": 618, "u1": 4.9513320922851562, "u7": 1.4412028789520264, "v1": -3.3630015850067139, "v7": 1.8592758178710938 }, "geometry": { "type": "Point", "coordinates": [ -73.125, 39.034645831 ] } },
{ "type": "Feature", "properties": { "id": 619, "u1": 3.8353302478790283, "u7": 2.7052204608917236, "v1": -1.457001805305481, "v7": 4.1740584373474121 }, "geometry": { "type": "Point", "coordinates": [ -73.125, 33.322258831 ] } },
{ "type": "Feature", "properties": { "id": 620, "u1": -0.56066840887069702, "u7": -1.7153682708740234, "v1": -0.28466695547103882, "v7": 2.8681819438934326 }, "geometry": { "type": "Point", "coordinates": [ -73.125, 27.609871831 ] } },
{ "type": "Feature", "properties": { "id": 621, "u1": -5.3753352165222168, "u7": -6.5144715309143066, "v1": -1.4413350820541382, "v7": 0.78536802530288696 }, "geometry": { "type": "Point", "coordinates": [ -73.125, 21.897484831 ] } },
{ "type": "Feature", "properties": { "id": 622, "u1": -8.3846673965454102, "u7": -8.5690555572509766, "v1": -1.798999547958374, "v7": -0.31939524412155151 }, "geometry": { "type": "Point", "coordinates": [ -73.125, 16.185097831 ] } },
{ "type": "Feature", "properties": { "id": 623, "u1": -3.4180006980895996, "u7": -3.2042915821075439, "v1": -1.5393346548080444, "v7": -0.747749924659729 }, "geometry": { "type": "Point", "coordinates": [ -73.125, 10.472710831 ] } },
{ "type": "Feature", "properties": { "id": 624, "u1": -1.6216679811477661, "u7": -0.90154796838760376, "v1": -0.82600098848342896, "v7": 0.81166481971740723 }, "geometry": { "type": "Point", "coordinates": [ -73.125, 4.760323831000016 ] } },
{ "type": "Feature", "properties": { "id": 625, "u1": -0.37000173330307007, "u7": 0.30827531218528748, "v1": -0.20633392035961151, "v7": 0.52499967813491821 }, "geometry": { "type": "Point", "coordinates": [ -73.125, -0.952063169 ] } },
{ "type": "Feature", "properties": { "id": 626, "u1": 0.21033121645450592, "u7": 0.22587800025939941, "v1": -0.77300107479095459, "v7": 0.87171405553817749 }, "geometry": { "type": "Point", "coordinates": [ -73.125, -6.664450169 ] } },
{ "type": "Feature", "properties": { "id": 627, "u1": 0.97933351993560791, "u7": -0.60625565052032471, "v1": -1.4620025157928467, "v7": -2.3143167495727539 }, "geometry": { "type": "Point", "coordinates": [ -73.125, -12.376837168999989 ] } },
{ "type": "Feature", "properties": { "id": 628, "u1": -1.0466669797897339, "u7": -0.98396748304367065, "v1": 3.4929983615875244, "v7": 1.2279846668243408 }, "geometry": { "type": "Point", "coordinates": [ -73.125, -18.089224168999984 ] } },
{ "type": "Feature", "properties": { "id": 629, "u1": 0.59099835157394409, "u7": -1.4021443128585815, "v1": 2.5846643447875977, "v7": 3.204087495803833 }, "geometry": { "type": "Point", "coordinates": [ -73.125, -23.801611169 ] } },
{ "type": "Feature", "properties": { "id": 630, "u1": 1.142332911491394, "u7": -2.4335920810699463, "v1": 4.5236654281616211, "v7": 0.23339907824993134 }, "geometry": { "type": "Point", "coordinates": [ -73.125, -29.513998169 ] } },
{ "type": "Feature", "properties": { "id": 631, "u1": 2.166999340057373, "u7": -0.78446280956268311, "v1": 5.0279994010925293, "v7": -1.8463183641433716 }, "geometry": { "type": "Point", "coordinates": [ -73.125, -35.226385169 ] } },
{ "type": "Feature", "properties": { "id": 632, "u1": 3.5976643562316895, "u7": 1.2288167476654053, "v1": 1.6063319444656372, "v7": -3.1816658973693848 }, "geometry": { "type": "Point", "coordinates": [ -73.125, -40.938772168999982 ] } },
{ "type": "Feature", "properties": { "id": 633, "u1": 5.5826668739318848, "u7": 2.6171846389770508, "v1": -2.1110022068023682, "v7": -3.2904016971588135 }, "geometry": { "type": "Point", "coordinates": [ -73.125, -46.651159168999989 ] } },
{ "type": "Feature", "properties": { "id": 634, "u1": 7.3889970779418945, "u7": 4.5490550994873047, "v1": -2.9010004997253418, "v7": -2.6055750846862793 }, "geometry": { "type": "Point", "coordinates": [ -73.125, -52.363546169 ] } },
{ "type": "Feature", "properties": { "id": 635, "u1": 7.0413312911987305, "u7": 6.1203713417053223, "v1": -2.2990009784698486, "v7": -0.51907670497894287 }, "geometry": { "type": "Point", "coordinates": [ -73.125, -58.075933169 ] } },
{ "type": "Feature", "properties": { "id": 636, "u1": 1.5019999742507935, "u7": 2.8162457942962646, "v1": -1.5196670293807983, "v7": -0.61445873975753784 }, "geometry": { "type": "Point", "coordinates": [ -73.125, -63.788320168999981 ] } },
{ "type": "Feature", "properties": { "id": 637, "u1": -2.0116684436798096, "u7": -0.68156784772872925, "v1": -1.6606684923171997, "v7": -3.0108139514923096 }, "geometry": { "type": "Point", "coordinates": [ -73.125, -69.50070716899998 ] } },
{ "type": "Feature", "properties": { "id": 638, "u1": -2.2236683368682861, "u7": -0.88180667161941528, "v1": 1.9769994020462036, "v7": 1.6869899034500122 }, "geometry": { "type": "Point", "coordinates": [ -73.125, -75.213094168999987 ] } },
{ "type": "Feature", "properties": { "id": 639, "u1": 0.17899779975414276, "u7": 0.73670130968093872, "v1": 3.864330530166626, "v7": 8.1192407608032227 }, "geometry": { "type": "Point", "coordinates": [ -73.125, -80.925481168999966 ] } },
{ "type": "Feature", "properties": { "id": 640, "u1": -4.6463346481323242, "u7": -9.4325428009033203, "v1": 1.8536657094955444, "v7": 4.6956615447998047 }, "geometry": { "type": "Point", "coordinates": [ -73.125, -86.637868168999972 ] } },
{ "type": "Feature", "properties": { "id": 642, "u1": 0.86799925565719604, "u7": 0.93668204545974731, "v1": -0.79200184345245361, "v7": 0.76193815469741821 }, "geometry": { "type": "Point", "coordinates": [ -67.5, 84.733741831 ] } },
{ "type": "Feature", "properties": { "id": 643, "u1": -3.4373342990875244, "u7": -1.1300795078277588, "v1": 1.051331639289856, "v7": 2.1897408962249756 }, "geometry": { "type": "Point", "coordinates": [ -67.5, 79.021354831000011 ] } },
{ "type": "Feature", "properties": { "id": 644, "u1": 1.3373316526412964, "u7": -1.1339873075485229, "v1": -1.5236694812774658, "v7": 0.78363722562789917 }, "geometry": { "type": "Point", "coordinates": [ -67.5, 73.308967831000018 ] } },
{ "type": "Feature", "properties": { "id": 645, "u1": 1.1929987668991089, "u7": -0.34329220652580261, "v1": -1.8290008306503296, "v7": 0.43449097871780396 }, "geometry": { "type": "Point", "coordinates": [ -67.5, 67.596580831000011 ] } },
{ "type": "Feature", "properties": { "id": 646, "u1": 3.6859979629516602, "u7": -0.87990379333496094, "v1": -1.3843327760696411, "v7": 0.47443792223930359 }, "geometry": { "type": "Point", "coordinates": [ -67.5, 61.884193831 ] } },
{ "type": "Feature", "properties": { "id": 647, "u1": 3.0259995460510254, "u7": 0.49309369921684265, "v1": 0.69866538047790527, "v7": 0.13803963363170624 }, "geometry": { "type": "Point", "coordinates": [ -67.5, 56.171806831 ] } },
{ "type": "Feature", "properties": { "id": 648, "u1": 2.7853312492370605, "u7": 1.5516501665115356, "v1": -0.61900073289871216, "v7": 0.99328440427780151 }, "geometry": { "type": "Point", "coordinates": [ -67.5, 50.459419831 ] } },
{ "type": "Feature", "properties": { "id": 649, "u1": 2.9099986553192139, "u7": 2.1373274326324463, "v1": -1.2593343257904053, "v7": 2.4238207340240479 }, "geometry": { "type": "Point", "coordinates": [ -67.5, 44.747032831 ] } },
{ "type": "Feature", "properties": { "id": 650, "u1": 4.9543309211730957, "u7": 2.7741005420684814, "v1": -3.2736685276031494, "v7": 1.7685539722442627 }, "geometry": { "type": "Point", "coordinates": [ -67.5, 39.034645831 ] } },
{ "type": "Feature", "properties": { "id": 651, "u1": 4.369997501373291, "u7": 2.427025318145752, "v1": 1.3023300170898438, "v7": 4.3287301063537598 }, "geometry": { "type": "Point", "coordinates": [ -67.5, 33.322258831 ] } },
{ "type": "Feature", "properties": { "id": 652, "u1": -0.87066805362701416, "u7": -2.300947904586792, "v1": -0.18966725468635559, "v7": 2.050156831741333 }, "geometry": { "type": "Point", "coordinates": [ -67.5, 27.609871831 ] } },
{ "type": "Feature", "properties": { "id": 653, "u1": -5.643000602722168, "u7": -7.0361757278442383, "v1": -0.79066771268844604, "v7": 0.57473540306091309 }, "geometry": { "type": "Point", "coordinates": [ -67.5, 21.897484831 ] } },
{ "type": "Feature", "properties": { "id": 654, "u1": -7.3370013236999512, "u7": -7.3025288581848145, "v1": -1.9586679935455322, "v7": -0.56188321113586426 }, "geometry": { "type": "Point", "coordinates": [ -67.5, 16.185097831 ] } },
{ "type": "Feature", "properties": { "id": 655, "u1": -3.2626693248748779, "u7": -3.228665828704834, "v1": -1.7953358888626099, "v7": -1.0987213850021362 }, "geometry": { "type": "Point", "coordinates": [ -67.5, 10.472710831 ] } },
{ "type": "Feature", "properties": { "id": 656, "u1": -0.73800253868103027, "u7": -0.093612469732761383, "v1": -1.4536682367324829, "v7": 0.03973136842250824 }, "geometry": { "type": "Point", "coordinates": [ -67.5, 4.760323831000016 ] } },
{ "type": "Feature", "properties": { "id": 657, "u1": -0.33866983652114868, "u7": -0.50969469547271729, "v1": -0.039334613829851151, "v7": 0.52156466245651245 }, "geometry": { "type": "Point", "coordinates": [ -67.5, -0.952063169 ] } },
{ "type": "Feature", "properties": { "id": 658, "u1": -0.20733438432216644, "u7": -0.31898832321166992, "v1": -0.43200021982192993, "v7": 0.72970658540725708 }, "geometry": { "type": "Point", "coordinates": [ -67.5, -6.664450169 ] } },
{ "type": "Feature", "properties": { "id": 659, "u1": 0.21633198857307434, "u7": -0.18274597823619843, "v1": -1.977001428604126, "v7": 0.34310626983642578 }, "geometry": { "type": "Point", "coordinates": [ -67.5, -12.376837168999989 ] } },
{ "type": "Feature", "properties": { "id": 660, "u1": -0.19400125741958618, "u7": 0.81676739454269409, "v1": -0.61966860294342041, "v7": -1.7434135675430298 }, "geometry": { "type": "Point", "coordinates": [ -67.5, -18.089224168999984 ] } },
{ "type": "Feature", "properties": { "id": 661, "u1": -0.39300078153610229, "u7": 1.6170766353607178, "v1": 0.64199775457382202, "v7": -3.2248189449310303 }, "geometry": { "type": "Point", "coordinates": [ -67.5, -23.801611169 ] } },
{ "type": "Feature", "properties": { "id": 662, "u1": -0.54766947031021118, "u7": 2.0946452617645264, "v1": -0.42166900634765625, "v7": -2.1386454105377197 }, "geometry": { "type": "Point", "coordinates": [ -67.5, -29.513998169 ] } },
{ "type": "Feature", "properties": { "id": 663, "u1": -0.56100106239318848, "u7": 1.2347109317779541, "v1": 0.78066509962081909, "v7": -0.57885843515396118 }, "geometry": { "type": "Point", "coordinates": [ -67.5, -35.226385169 ] } },
{ "type": "Feature", "properties": { "id": 664, "u1": 4.6776652336120605, "u7": 4.7186751365661621, "v1": 1.8073323965072632, "v7": -1.0528825521469116 }, "geometry": { "type": "Point", "coordinates": [ -67.5, -40.938772168999982 ] } },
{ "type": "Feature", "properties": { "id": 665, "u1": 6.314664363861084, "u7": 6.114778995513916, "v1": 0.27566477656364441, "v7": -0.89723312854766846 }, "geometry": { "type": "Point", "coordinates": [ -67.5, -46.651159168999989 ] } },
{ "type": "Feature", "properties": { "id": 666, "u1": 9.1556663513183594, "u7": 8.0802555084228516, "v1": -1.4523346424102783, "v7": -1.5234286785125732 }, "geometry": { "type": "Point", "coordinates": [ -67.5, -52.363546169 ] } },
{ "type": "Feature", "properties": { "id": 667, "u1": 6.0656657218933105, "u7": 5.2676577568054199, "v1": -1.5806680917739868, "v7": -0.5521654486656189 }, "geometry": { "type": "Point", "coordinates": [ -67.5, -58.075933169 ] } },
{ "type": "Feature", "properties": { "id": 668, "u1": 0.98166555166244507, "u7": 2.3308665752410889, "v1": -2.0940022468566895, "v7": -1.4170850515365601 }, "geometry": { "type": "Point", "coordinates": [ -67.5, -63.788320168999981 ] } },
{ "type": "Feature", "properties": { "id": 669, "u1": -1.8126678466796875, "u7": 0.26439982652664185, "v1": -1.4420002698898315, "v7": -2.2191457748413086 }, "geometry": { "type": "Point", "coordinates": [ -67.5, -69.50070716899998 ] } },
{ "type": "Feature", "properties": { "id": 670, "u1": -1.3403351306915283, "u7": 0.99720853567123413, "v1": 1.6373326778411865, "v7": 1.6256741285324097 }, "geometry": { "type": "Point", "coordinates": [ -67.5, -75.213094168999987 ] } },
{ "type": "Feature", "properties": { "id": 671, "u1": -0.4639994204044342, "u7": -0.20649413764476776, "v1": 3.3263330459594727, "v7": 7.6590423583984375 }, "geometry": { "type": "Point", "coordinates": [ -67.5, -80.925481168999966 ] } },
{ "type": "Feature", "properties": { "id": 672, "u1": -4.904667854309082, "u7": -9.8750295639038086, "v1": 1.8046661615371704, "v7": 4.6406335830688477 }, "geometry": { "type": "Point", "coordinates": [ -67.5, -86.637868168999972 ] } },
{ "type": "Feature", "properties": { "id": 674, "u1": 0.90933126211166382, "u7": 1.1325815916061401, "v1": -0.64800161123275757, "v7": 0.80152809619903564 }, "geometry": { "type": "Point", "coordinates": [ -61.875, 84.733741831 ] } },
{ "type": "Feature", "properties": { "id": 675, "u1": -3.2456691265106201, "u7": -0.77193671464920044, "v1": 3.6953318119049072, "v7": 2.7987430095672607 }, "geometry": { "type": "Point", "coordinates": [ -61.875, 79.021354831000011 ] } },
{ "type": "Feature", "properties": { "id": 676, "u1": -1.2393341064453125, "u7": -2.2446866035461426, "v1": -0.07366739958524704, "v7": 1.7753230333328247 }, "geometry": { "type": "Point", "coordinates": [ -61.875, 73.308967831000018 ] } },
{ "type": "Feature", "properties": { "id": 677, "u1": 2.9113311767578125, "u7": -0.09108695387840271, "v1": -5.1193346977233887, "v7": 0.26057568192481995 }, "geometry": { "type": "Point", "coordinates": [ -61.875, 67.596580831000011 ] } },
{ "type": "Feature", "properties": { "id": 678, "u1": 6.1879982948303223, "u7": -0.11669681966304779, "v1": -5.6633334159851074, "v7": -0.26565635204315186 }, "geometry": { "type": "Point", "coordinates": [ -61.875, 61.884193831 ] } },
{ "type": "Feature", "properties": { "id": 679, "u1": 5.3186640739440918, "u7": -0.22722433507442474, "v1": -0.95600074529647827, "v7": 0.25838384032249451 }, "geometry": { "type": "Point", "coordinates": [ -61.875, 56.171806831 ] } },
{ "type": "Feature", "properties": { "id": 680, "u1": 2.7716653347015381, "u7": 1.461761474609375, "v1": -1.7490020990371704, "v7": 2.0912554264068604 }, "geometry": { "type": "Point", "coordinates": [ -61.875, 50.459419831 ] } },
{ "type": "Feature", "properties": { "id": 681, "u1": 5.072331428527832, "u7": 2.3296542167663574, "v1": -1.5193339586257935, "v7": 3.5083839893341064 }, "geometry": { "type": "Point", "coordinates": [ -61.875, 44.747032831 ] } },
{ "type": "Feature", "properties": { "id": 682, "u1": 5.9556655883789062, "u7": 3.823991060256958, "v1": -1.6980020999908447, "v7": 3.0732183456420898 }, "geometry": { "type": "Point", "coordinates": [ -61.875, 39.034645831 ] } },
{ "type": "Feature", "properties": { "id": 683, "u1": 4.3819994926452637, "u7": 1.8477038145065308, "v1": 1.6693313121795654, "v7": 3.1452744007110596 }, "geometry": { "type": "Point", "coordinates": [ -61.875, 33.322258831 ] } },
{ "type": "Feature", "properties": { "id": 684, "u1": -1.2990010976791382, "u7": -2.9553930759429932, "v1": 0.0039983112365007401, "v7": 1.4074851274490356 }, "geometry": { "type": "Point", "coordinates": [ -61.875, 27.609871831 ] } },
{ "type": "Feature", "properties": { "id": 685, "u1": -5.6006674766540527, "u7": -6.8216257095336914, "v1": -0.70533496141433716, "v7": 0.099615104496479034 }, "geometry": { "type": "Point", "coordinates": [ -61.875, 21.897484831 ] } },
{ "type": "Feature", "properties": { "id": 686, "u1": -7.3633346557617188, "u7": -7.6092023849487305, "v1": -2.3346679210662842, "v7": -1.2149028778076172 }, "geometry": { "type": "Point", "coordinates": [ -61.875, 16.185097831 ] } },
{ "type": "Feature", "properties": { "id": 687, "u1": -6.6103343963623047, "u7": -6.4994826316833496, "v1": -2.7700011730194092, "v7": -1.3874830007553101 }, "geometry": { "type": "Point", "coordinates": [ -61.875, 10.472710831 ] } },
{ "type": "Feature", "properties": { "id": 688, "u1": -1.513335108757019, "u7": -1.2645280361175537, "v1": -1.8453333377838135, "v7": -0.69375145435333252 }, "geometry": { "type": "Point", "coordinates": [ -61.875, 4.760323831000016 ] } },
{ "type": "Feature", "properties": { "id": 689, "u1": -0.86633247137069702, "u7": -0.72281020879745483, "v1": -0.47600096464157104, "v7": 0.13052549958229065 }, "geometry": { "type": "Point", "coordinates": [ -61.875, -0.952063169 ] } },
{ "type": "Feature", "properties": { "id": 690, "u1": -0.23400065302848816, "u7": -0.55006527900695801, "v1": -0.30900219082832336, "v7": 0.52047878503799438 }, "geometry": { "type": "Point", "coordinates": [ -61.875, -6.664450169 ] } },
{ "type": "Feature", "properties": { "id": 691, "u1": 0.18833364546298981, "u7": -0.47301143407821655, "v1": -0.99300181865692139, "v7": 0.9639466404914856 }, "geometry": { "type": "Point", "coordinates": [ -61.875, -12.376837168999989 ] } },
{ "type": "Feature", "properties": { "id": 692, "u1": 0.14833119511604309, "u7": -0.8352620005607605, "v1": -2.2406671047210693, "v7": -0.58778148889541626 }, "geometry": { "type": "Point", "coordinates": [ -61.875, -18.089224168999984 ] } },
{ "type": "Feature", "properties": { "id": 693, "u1": -1.3593343496322632, "u7": -0.6646466851234436, "v1": -0.34633433818817139, "v7": 1.0020527839660645 }, "geometry": { "type": "Point", "coordinates": [ -61.875, -23.801611169 ] } },
{ "type": "Feature", "properties": { "id": 694, "u1": -2.5843348503112793, "u7": -0.8271515965461731, "v1": 0.50066578388214111, "v7": 0.48869004845619202 }, "geometry": { "type": "Point", "coordinates": [ -61.875, -29.513998169 ] } },
{ "type": "Feature", "properties": { "id": 695, "u1": -1.600334644317627, "u7": -0.074635058641433716, "v1": -1.0486674308776855, "v7": -0.77378290891647339 }, "geometry": { "type": "Point", "coordinates": [ -61.875, -35.226385169 ] } },
{ "type": "Feature", "properties": { "id": 696, "u1": -0.88300120830535889, "u7": 4.3574619293212891, "v1": -2.6226694583892822, "v7": -1.7178218364715576 }, "geometry": { "type": "Point", "coordinates": [ -61.875, -40.938772168999982 ] } },
{ "type": "Feature", "properties": { "id": 697, "u1": 3.7776646614074707, "u7": 4.8089518547058105, "v1": -2.3510005474090576, "v7": -0.83317416906356812 }, "geometry": { "type": "Point", "coordinates": [ -61.875, -46.651159168999989 ] } },
{ "type": "Feature", "properties": { "id": 698, "u1": 7.3683323860168457, "u7": 6.4999942779541016, "v1": -2.2710015773773193, "v7": -1.1486551761627197 }, "geometry": { "type": "Point", "coordinates": [ -61.875, -52.363546169 ] } },
{ "type": "Feature", "properties": { "id": 699, "u1": 4.3946628570556641, "u7": 4.0451440811157227, "v1": -1.9223343133926392, "v7": -1.1853166818618774 }, "geometry": { "type": "Point", "coordinates": [ -61.875, -58.075933169 ] } },
{ "type": "Feature", "properties": { "id": 700, "u1": 1.1209996938705444, "u7": 1.8294639587402344, "v1": -1.5996673107147217, "v7": -1.3034672737121582 }, "geometry": { "type": "Point", "coordinates": [ -61.875, -63.788320168999981 ] } },
{ "type": "Feature", "properties": { "id": 701, "u1": -1.2703338861465454, "u7": 1.6384139060974121, "v1": -0.082334898412227631, "v7": 0.33528968691825867 }, "geometry": { "type": "Point", "coordinates": [ -61.875, -69.50070716899998 ] } },
{ "type": "Feature", "properties": { "id": 702, "u1": -0.70533597469329834, "u7": 2.3987388610839844, "v1": 1.4759994745254517, "v7": 2.7073743343353271 }, "geometry": { "type": "Point", "coordinates": [ -61.875, -75.213094168999987 ] } },
{ "type": "Feature", "properties": { "id": 703, "u1": -1.0563349723815918, "u7": -1.308032751083374, "v1": 2.3443324565887451, "v7": 6.156944751739502 }, "geometry": { "type": "Point", "coordinates": [ -61.875, -80.925481168999966 ] } },
{ "type": "Feature", "properties": { "id": 704, "u1": -5.2170004844665527, "u7": -10.43952465057373, "v1": 1.6183308362960815, "v7": 4.2935490608215332 }, "geometry": { "type": "Point", "coordinates": [ -61.875, -86.637868168999972 ] } },
{ "type": "Feature", "properties": { "id": 706, "u1": 0.97733253240585327, "u7": 1.3401792049407959, "v1": -0.51100003719329834, "v7": 0.78830820322036743 }, "geometry": { "type": "Point", "coordinates": [ -56.25, 84.733741831 ] } },
{ "type": "Feature", "properties": { "id": 707, "u1": -1.8340016603469849, "u7": 0.029864847660064697, "v1": 5.8546633720397949, "v7": 3.1089644432067871 }, "geometry": { "type": "Point", "coordinates": [ -56.25, 79.021354831000011 ] } },
{ "type": "Feature", "properties": { "id": 708, "u1": -4.6913347244262695, "u7": -3.2417111396789551, "v1": 3.0723311901092529, "v7": 3.1089670658111572 }, "geometry": { "type": "Point", "coordinates": [ -56.25, 73.308967831000018 ] } },
{ "type": "Feature", "properties": { "id": 709, "u1": -0.0023351034615188837, "u7": -1.0179222822189331, "v1": -2.4300007820129395, "v7": 1.6599807739257812 }, "geometry": { "type": "Point", "coordinates": [ -56.25, 67.596580831000011 ] } },
{ "type": "Feature", "properties": { "id": 710, "u1": 4.485999584197998, "u7": -1.0170842409133911, "v1": -5.3933353424072266, "v7": 0.41409927606582642 }, "geometry": { "type": "Point", "coordinates": [ -56.25, 61.884193831 ] } },
{ "type": "Feature", "properties": { "id": 711, "u1": 9.2296657562255859, "u7": -0.14336422085762024, "v1": -3.209667444229126, "v7": 0.45577296614646912 }, "geometry": { "type": "Point", "coordinates": [ -56.25, 56.171806831 ] } },
{ "type": "Feature", "properties": { "id": 712, "u1": 4.2829985618591309, "u7": 2.0185296535491943, "v1": -0.83733469247817993, "v7": 2.8049025535583496 }, "geometry": { "type": "Point", "coordinates": [ -56.25, 50.459419831 ] } },
{ "type": "Feature", "properties": { "id": 713, "u1": 4.8109989166259766, "u7": 3.0886247158050537, "v1": -0.91866707801818848, "v7": 3.0445706844329834 }, "geometry": { "type": "Point", "coordinates": [ -56.25, 44.747032831 ] } },
{ "type": "Feature", "properties": { "id": 714, "u1": 5.5553302764892578, "u7": 3.8686244487762451, "v1": 0.3159993588924408, "v7": 3.9135174751281738 }, "geometry": { "type": "Point", "coordinates": [ -56.25, 39.034645831 ] } },
{ "type": "Feature", "properties": { "id": 715, "u1": 3.9236657619476318, "u7": 0.88027489185333252, "v1": 1.9013330936431885, "v7": 2.6819162368774414 }, "geometry": { "type": "Point", "coordinates": [ -56.25, 33.322258831 ] } },
{ "type": "Feature", "properties": { "id": 716, "u1": -1.7790004014968872, "u7": -3.6154539585113525, "v1": 0.23999887704849243, "v7": 1.1728477478027344 }, "geometry": { "type": "Point", "coordinates": [ -56.25, 27.609871831 ] } },
{ "type": "Feature", "properties": { "id": 717, "u1": -5.818669319152832, "u7": -6.898430347442627, "v1": -1.2866668701171875, "v7": -0.47430992126464844 }, "geometry": { "type": "Point", "coordinates": [ -56.25, 21.897484831 ] } },
{ "type": "Feature", "properties": { "id": 718, "u1": -7.9020004272460938, "u7": -8.0863752365112305, "v1": -2.7046675682067871, "v7": -1.650383472442627 }, "geometry": { "type": "Point", "coordinates": [ -56.25, 16.185097831 ] } },
{ "type": "Feature", "properties": { "id": 719, "u1": -7.7280020713806152, "u7": -6.7607874870300293, "v1": -3.8053338527679443, "v7": -2.1526172161102295 }, "geometry": { "type": "Point", "coordinates": [ -56.25, 10.472710831 ] } },
{ "type": "Feature", "properties": { "id": 720, "u1": -1.0770019292831421, "u7": -0.94978994131088257, "v1": -1.4420008659362793, "v7": -0.54609972238540649 }, "geometry": { "type": "Point", "coordinates": [ -56.25, 4.760323831000016 ] } },
{ "type": "Feature", "properties": { "id": 721, "u1": -0.94566905498504639, "u7": -1.0079731941223145, "v1": -0.65100198984146118, "v7": 0.041448500007390976 }, "geometry": { "type": "Point", "coordinates": [ -56.25, -0.952063169 ] } },
{ "type": "Feature", "properties": { "id": 722, "u1": -0.25933483242988586, "u7": -1.0317707061767578, "v1": -0.24800211191177368, "v7": 0.38315203785896301 }, "geometry": { "type": "Point", "coordinates": [ -56.25, -6.664450169 ] } },
{ "type": "Feature", "properties": { "id": 723, "u1": 0.075332134962081909, "u7": -0.98707526922225952, "v1": -0.74933522939682007, "v7": 0.76738190650939941 }, "geometry": { "type": "Point", "coordinates": [ -56.25, -12.376837168999989 ] } },
{ "type": "Feature", "properties": { "id": 724, "u1": 0.10166473686695099, "u7": -0.76501923799514771, "v1": -1.2570012807846069, "v7": 0.6011548638343811 }, "geometry": { "type": "Point", "coordinates": [ -56.25, -18.089224168999984 ] } },
{ "type": "Feature", "properties": { "id": 725, "u1": -1.0696675777435303, "u7": -1.2233884334564209, "v1": -0.60666859149932861, "v7": -0.068250931799411774 }, "geometry": { "type": "Point", "coordinates": [ -56.25, -23.801611169 ] } },
{ "type": "Feature", "properties": { "id": 726, "u1": -2.6296682357788086, "u7": -1.5043984651565552, "v1": 0.87333220243453979, "v7": -0.099337585270404816 }, "geometry": { "type": "Point", "coordinates": [ -56.25, -29.513998169 ] } },
{ "type": "Feature", "properties": { "id": 727, "u1": -3.1733336448669434, "u7": 1.0979864597320557, "v1": -0.47166797518730164, "v7": -0.095294289290904999 }, "geometry": { "type": "Point", "coordinates": [ -56.25, -35.226385169 ] } },
{ "type": "Feature", "properties": { "id": 728, "u1": 1.7936666011810303, "u7": 4.5131220817565918, "v1": -2.4126677513122559, "v7": -1.1668351888656616 }, "geometry": { "type": "Point", "coordinates": [ -56.25, -40.938772168999982 ] } },
{ "type": "Feature", "properties": { "id": 729, "u1": 5.6463322639465332, "u7": 5.7033801078796387, "v1": -2.0396678447723389, "v7": -1.3562432527542114 }, "geometry": { "type": "Point", "coordinates": [ -56.25, -46.651159168999989 ] } },
{ "type": "Feature", "properties": { "id": 730, "u1": 6.6073312759399414, "u7": 5.7236614227294922, "v1": -2.7400014400482178, "v7": -1.7404311895370483 }, "geometry": { "type": "Point", "coordinates": [ -56.25, -52.363546169 ] } },
{ "type": "Feature", "properties": { "id": 731, "u1": 4.1713318824768066, "u7": 3.7844414710998535, "v1": -1.8730010986328125, "v7": -1.0133637189865112 }, "geometry": { "type": "Point", "coordinates": [ -56.25, -58.075933169 ] } },
{ "type": "Feature", "properties": { "id": 732, "u1": 1.8456645011901855, "u7": 1.8831263780593872, "v1": -0.62566781044006348, "v7": -0.42581918835639954 }, "geometry": { "type": "Point", "coordinates": [ -56.25, -63.788320168999981 ] } },
{ "type": "Feature", "properties": { "id": 733, "u1": -0.79533541202545166, "u7": 2.1153562068939209, "v1": 0.88366597890853882, "v7": 2.0927751064300537 }, "geometry": { "type": "Point", "coordinates": [ -56.25, -69.50070716899998 ] } },
{ "type": "Feature", "properties": { "id": 734, "u1": -0.49200084805488586, "u7": 2.5762286186218262, "v1": 1.425666332244873, "v7": 3.818690299987793 }, "geometry": { "type": "Point", "coordinates": [ -56.25, -75.213094168999987 ] } },
{ "type": "Feature", "properties": { "id": 735, "u1": -1.5493341684341431, "u7": -2.5011751651763916, "v1": 1.2529994249343872, "v7": 4.1484465599060059 }, "geometry": { "type": "Point", "coordinates": [ -56.25, -80.925481168999966 ] } },
{ "type": "Feature", "properties": { "id": 736, "u1": -5.5433349609375, "u7": -11.042548179626465, "v1": 1.2903314828872681, "v7": 3.642085075378418 }, "geometry": { "type": "Point", "coordinates": [ -56.25, -86.637868168999972 ] } },
{ "type": "Feature", "properties": { "id": 738, "u1": 1.0673325061798096, "u7": 1.5261561870574951, "v1": -0.4233347475528717, "v7": 0.71680277585983276 }, "geometry": { "type": "Point", "coordinates": [ -50.625, 84.733741831 ] } },
{ "type": "Feature", "properties": { "id": 739, "u1": 0.64266562461853027, "u7": 1.2378323078155518, "v1": 6.5909972190856934, "v7": 2.8650696277618408 }, "geometry": { "type": "Point", "coordinates": [ -50.625, 79.021354831000011 ] } },
{ "type": "Feature", "properties": { "id": 740, "u1": -6.4540009498596191, "u7": -3.1741993427276611, "v1": 6.7343316078186035, "v7": 4.1166772842407227 }, "geometry": { "type": "Point", "coordinates": [ -50.625, 73.308967831000018 ] } },
{ "type": "Feature", "properties": { "id": 741, "u1": -4.8720002174377441, "u7": -1.8215256929397583, "v1": 4.2619976997375488, "v7": 3.0950689315795898 }, "geometry": { "type": "Point", "coordinates": [ -50.625, 67.596580831000011 ] } },
{ "type": "Feature", "properties": { "id": 742, "u1": -1.8006683588027954, "u7": -2.7063264846801758, "v1": -0.64866536855697632, "v7": 0.90995407104492188 }, "geometry": { "type": "Point", "coordinates": [ -50.625, 61.884193831 ] } },
{ "type": "Feature", "properties": { "id": 743, "u1": 6.7026658058166504, "u7": 0.60313552618026733, "v1": -1.1580007076263428, "v7": 0.84022510051727295 }, "geometry": { "type": "Point", "coordinates": [ -50.625, 56.171806831 ] } },
{ "type": "Feature", "properties": { "id": 744, "u1": 7.4583330154418945, "u7": 2.4706430435180664, "v1": 0.17833252251148224, "v7": 2.9573366641998291 }, "geometry": { "type": "Point", "coordinates": [ -50.625, 50.459419831 ] } },
{ "type": "Feature", "properties": { "id": 745, "u1": 4.5126657485961914, "u7": 2.9191446304321289, "v1": 0.63800048828125, "v7": 3.2269847393035889 }, "geometry": { "type": "Point", "coordinates": [ -50.625, 44.747032831 ] } },
{ "type": "Feature", "properties": { "id": 746, "u1": 5.1343326568603516, "u7": 3.64164137840271, "v1": 1.7246638536453247, "v7": 3.9456925392150879 }, "geometry": { "type": "Point", "coordinates": [ -50.625, 39.034645831 ] } },
{ "type": "Feature", "properties": { "id": 747, "u1": 3.1363332271575928, "u7": 0.024345716461539268, "v1": 1.8676650524139404, "v7": 2.2814786434173584 }, "geometry": { "type": "Point", "coordinates": [ -50.625, 33.322258831 ] } },
{ "type": "Feature", "properties": { "id": 748, "u1": -2.0716674327850342, "u7": -4.1665096282958984, "v1": -0.04466807097196579, "v7": 0.46722128987312317 }, "geometry": { "type": "Point", "coordinates": [ -50.625, 27.609871831 ] } },
{ "type": "Feature", "properties": { "id": 749, "u1": -5.9693341255187988, "u7": -7.0076918601989746, "v1": -1.8023335933685303, "v7": -1.0941306352615356 }, "geometry": { "type": "Point", "coordinates": [ -50.625, 21.897484831 ] } },
{ "type": "Feature", "properties": { "id": 750, "u1": -7.7926688194274902, "u7": -7.8343749046325684, "v1": -2.9873347282409668, "v7": -2.234769344329834 }, "geometry": { "type": "Point", "coordinates": [ -50.625, 16.185097831 ] } },
{ "type": "Feature", "properties": { "id": 751, "u1": -8.1986665725708008, "u7": -6.5079164505004883, "v1": -3.9856679439544678, "v7": -2.8944954872131348 }, "geometry": { "type": "Point", "coordinates": [ -50.625, 10.472710831 ] } },
{ "type": "Feature", "properties": { "id": 752, "u1": -5.578333854675293, "u7": -3.72469162940979, "v1": -3.7036681175231934, "v7": -0.53447669744491577 }, "geometry": { "type": "Point", "coordinates": [ -50.625, 4.760323831000016 ] } },
{ "type": "Feature", "properties": { "id": 753, "u1": -0.68100178241729736, "u7": -0.89005035161972046, "v1": -0.92566782236099243, "v7": -0.18852490186691284 }, "geometry": { "type": "Point", "coordinates": [ -50.625, -0.952063169 ] } },
{ "type": "Feature", "properties": { "id": 754, "u1": -0.15900115668773651, "u7": -1.2785791158676147, "v1": -0.30900165438652039, "v7": 0.55939310789108276 }, "geometry": { "type": "Point", "coordinates": [ -50.625, -6.664450169 ] } },
{ "type": "Feature", "properties": { "id": 755, "u1": 0.050665281713008881, "u7": -1.6853553056716919, "v1": -0.44366809725761414, "v7": 1.0551780462265015 }, "geometry": { "type": "Point", "coordinates": [ -50.625, -12.376837168999989 ] } },
{ "type": "Feature", "properties": { "id": 756, "u1": -0.065335080027580261, "u7": -1.8772097826004028, "v1": -0.88900250196456909, "v7": 0.11211974918842316 }, "geometry": { "type": "Point", "coordinates": [ -50.625, -18.089224168999984 ] } },
{ "type": "Feature", "properties": { "id": 757, "u1": -1.654999852180481, "u7": -2.0693020820617676, "v1": -0.28166657686233521, "v7": -0.53205543756484985 }, "geometry": { "type": "Point", "coordinates": [ -50.625, -23.801611169 ] } },
{ "type": "Feature", "properties": { "id": 758, "u1": -2.2153334617614746, "u7": 0.34101083874702454, "v1": -0.36200052499771118, "v7": -1.4420820474624634 }, "geometry": { "type": "Point", "coordinates": [ -50.625, -29.513998169 ] } },
{ "type": "Feature", "properties": { "id": 759, "u1": -2.106334924697876, "u7": 2.8791086673736572, "v1": -0.65866851806640625, "v7": 0.63560599088668823 }, "geometry": { "type": "Point", "coordinates": [ -50.625, -35.226385169 ] } },
{ "type": "Feature", "properties": { "id": 760, "u1": 3.2323307991027832, "u7": 5.4519596099853516, "v1": -0.91533458232879639, "v7": 0.77587288618087769 }, "geometry": { "type": "Point", "coordinates": [ -50.625, -40.938772168999982 ] } },
{ "type": "Feature", "properties": { "id": 761, "u1": 6.1719975471496582, "u7": 6.2213263511657715, "v1": -1.2073343992233276, "v7": 0.33264711499214172 }, "geometry": { "type": "Point", "coordinates": [ -50.625, -46.651159168999989 ] } },
{ "type": "Feature", "properties": { "id": 762, "u1": 6.4113311767578125, "u7": 5.6687946319580078, "v1": -2.0226683616638184, "v7": -0.7825772762298584 }, "geometry": { "type": "Point", "coordinates": [ -50.625, -52.363546169 ] } },
{ "type": "Feature", "properties": { "id": 763, "u1": 4.5299983024597168, "u7": 3.9026072025299072, "v1": -1.2213338613510132, "v7": -0.091271445155143738 }, "geometry": { "type": "Point", "coordinates": [ -50.625, -58.075933169 ] } },
{ "type": "Feature", "properties": { "id": 764, "u1": 2.1336660385131836, "u7": 2.8319082260131836, "v1": -0.60900169610977173, "v7": -0.24007974565029144 }, "geometry": { "type": "Point", "coordinates": [ -50.625, -63.788320168999981 ] } },
{ "type": "Feature", "properties": { "id": 765, "u1": -0.58266705274581909, "u7": 1.9528456926345825, "v1": 0.53599905967712402, "v7": 1.5396040678024292 }, "geometry": { "type": "Point", "coordinates": [ -50.625, -69.50070716899998 ] } },
{ "type": "Feature", "properties": { "id": 766, "u1": -0.69833427667617798, "u7": 1.8189641237258911, "v1": 1.0146652460098267, "v7": 3.8085386753082275 }, "geometry": { "type": "Point", "coordinates": [ -50.625, -75.213094168999987 ] } },
{ "type": "Feature", "properties": { "id": 767, "u1": -2.0126678943634033, "u7": -3.7893023490905762, "v1": 0.22566477954387665, "v7": 2.0533959865570068 }, "geometry": { "type": "Point", "coordinates": [ -50.625, -80.925481168999966 ] } },
{ "type": "Feature", "properties": { "id": 768, "u1": -5.7893357276916504, "u7": -11.594891548156738, "v1": 0.83066612482070923, "v7": 2.7056515216827393 }, "geometry": { "type": "Point", "coordinates": [ -50.625, -86.637868168999972 ] } },
{ "type": "Feature", "properties": { "id": 770, "u1": 1.1523309946060181, "u7": 1.6538424491882324, "v1": -0.42400157451629639, "v7": 0.59290134906768799 }, "geometry": { "type": "Point", "coordinates": [ -45.0, 84.733741831 ] } },
{ "type": "Feature", "properties": { "id": 771, "u1": 3.4126648902893066, "u7": 2.4962813854217529, "v1": 5.5370001792907715, "v7": 2.0149681568145752 }, "geometry": { "type": "Point", "coordinates": [ -45.0, 79.021354831000011 ] } },
{ "type": "Feature", "properties": { "id": 772, "u1": -3.8216679096221924, "u7": -1.3990790843963623, "v1": 7.3653311729431152, "v7": 3.4984660148620605 }, "geometry": { "type": "Point", "coordinates": [ -45.0, 73.308967831000018 ] } },
{ "type": "Feature", "properties": { "id": 773, "u1": -6.1566681861877441, "u7": -1.4873822927474976, "v1": 4.1016669273376465, "v7": 2.5156512260437012 }, "geometry": { "type": "Point", "coordinates": [ -45.0, 67.596580831000011 ] } },
{ "type": "Feature", "properties": { "id": 774, "u1": -2.4943349361419678, "u7": -2.1384708881378174, "v1": -1.7680022716522217, "v7": -1.1499209403991699 }, "geometry": { "type": "Point", "coordinates": [ -45.0, 61.884193831 ] } },
{ "type": "Feature", "properties": { "id": 775, "u1": 5.5073323249816895, "u7": 1.5319385528564453, "v1": 0.58100026845932007, "v7": 0.75774890184402466 }, "geometry": { "type": "Point", "coordinates": [ -45.0, 56.171806831 ] } },
{ "type": "Feature", "properties": { "id": 776, "u1": 7.8833327293395996, "u7": 3.628746509552002, "v1": 1.9483321905136108, "v7": 2.6664888858795166 }, "geometry": { "type": "Point", "coordinates": [ -45.0, 50.459419831 ] } },
{ "type": "Feature", "properties": { "id": 777, "u1": 6.6186642646789551, "u7": 3.5729522705078125, "v1": 0.50166624784469604, "v7": 2.3977937698364258 }, "geometry": { "type": "Point", "coordinates": [ -45.0, 44.747032831 ] } },
{ "type": "Feature", "properties": { "id": 778, "u1": 5.1876649856567383, "u7": 3.077862024307251, "v1": 2.4263315200805664, "v7": 3.2892677783966064 }, "geometry": { "type": "Point", "coordinates": [ -45.0, 39.034645831 ] } },
{ "type": "Feature", "properties": { "id": 779, "u1": 2.1673305034637451, "u7": -0.70406502485275269, "v1": 1.7116658687591553, "v7": 1.2241867780685425 }, "geometry": { "type": "Point", "coordinates": [ -45.0, 33.322258831 ] } },
{ "type": "Feature", "properties": { "id": 780, "u1": -2.1786677837371826, "u7": -4.5321135520935059, "v1": -0.45366668701171875, "v7": -0.38330617547035217 }, "geometry": { "type": "Point", "coordinates": [ -45.0, 27.609871831 ] } },
{ "type": "Feature", "properties": { "id": 781, "u1": -5.9876666069030762, "u7": -7.0341935157775879, "v1": -2.0953347682952881, "v7": -1.9414503574371338 }, "geometry": { "type": "Point", "coordinates": [ -45.0, 21.897484831 ] } },
{ "type": "Feature", "properties": { "id": 782, "u1": -7.6870017051696777, "u7": -7.3343353271484375, "v1": -2.8720016479492188, "v7": -2.8988027572631836 }, "geometry": { "type": "Point", "coordinates": [ -45.0, 16.185097831 ] } },
{ "type": "Feature", "properties": { "id": 783, "u1": -8.38800048828125, "u7": -6.0387072563171387, "v1": -4.1660013198852539, "v7": -3.6332883834838867 }, "geometry": { "type": "Point", "coordinates": [ -45.0, 10.472710831 ] } },
{ "type": "Feature", "properties": { "id": 784, "u1": -7.2226667404174805, "u7": -3.5216145515441895, "v1": -4.1650018692016602, "v7": -0.075065411627292633 }, "geometry": { "type": "Point", "coordinates": [ -45.0, 4.760323831000016 ] } },
{ "type": "Feature", "properties": { "id": 785, "u1": -4.1410007476806641, "u7": -4.4735593795776367, "v1": -2.1476690769195557, "v7": 0.69615930318832397 }, "geometry": { "type": "Point", "coordinates": [ -45.0, -0.952063169 ] } },
{ "type": "Feature", "properties": { "id": 786, "u1": -0.19566752016544342, "u7": -2.2797257900238037, "v1": -0.33466848731040955, "v7": 1.4587751626968384 }, "geometry": { "type": "Point", "coordinates": [ -45.0, -6.664450169 ] } },
{ "type": "Feature", "properties": { "id": 787, "u1": -0.80166882276535034, "u7": -3.3301606178283691, "v1": -0.28766834735870361, "v7": 1.1847687959671021 }, "geometry": { "type": "Point", "coordinates": [ -45.0, -12.376837168999989 ] } },
{ "type": "Feature", "properties": { "id": 788, "u1": -1.4030019044876099, "u7": -2.7146100997924805, "v1": -0.92400157451629639, "v7": -0.095454998314380646 }, "geometry": { "type": "Point", "coordinates": [ -45.0, -18.089224168999984 ] } },
{ "type": "Feature", "properties": { "id": 789, "u1": -2.5280003547668457, "u7": -1.7661217451095581, "v1": -0.34933319687843323, "v7": -0.69501644372940063 }, "geometry": { "type": "Point", "coordinates": [ -45.0, -23.801611169 ] } },
{ "type": "Feature", "properties": { "id": 790, "u1": -3.5706679821014404, "u7": 0.66410166025161743, "v1": -0.56233471632003784, "v7": -1.249855637550354 }, "geometry": { "type": "Point", "coordinates": [ -45.0, -29.513998169 ] } },
{ "type": "Feature", "properties": { "id": 791, "u1": -1.3776671886444092, "u7": 2.5087952613830566, "v1": -0.91633301973342896, "v7": -0.94330519437789917 }, "geometry": { "type": "Point", "coordinates": [ -45.0, -35.226385169 ] } },
{ "type": "Feature", "properties": { "id": 792, "u1": 3.0226655006408691, "u7": 3.9623079299926758, "v1": -1.5873347520828247, "v7": -0.084307096898555756 }, "geometry": { "type": "Point", "coordinates": [ -45.0, -40.938772168999982 ] } },
{ "type": "Feature", "properties": { "id": 793, "u1": 5.8933324813842773, "u7": 5.8328380584716797, "v1": -1.5003336668014526, "v7": -0.008390696719288826 }, "geometry": { "type": "Point", "coordinates": [ -45.0, -46.651159168999989 ] } },
{ "type": "Feature", "properties": { "id": 794, "u1": 6.399998664855957, "u7": 5.5360102653503418, "v1": -1.737334132194519, "v7": -0.3590603768825531 }, "geometry": { "type": "Point", "coordinates": [ -45.0, -52.363546169 ] } },
{ "type": "Feature", "properties": { "id": 795, "u1": 4.4846644401550293, "u7": 4.0342645645141602, "v1": -0.98200124502182007, "v7": 0.61020815372467041 }, "geometry": { "type": "Point", "coordinates": [ -45.0, -58.075933169 ] } },
{ "type": "Feature", "properties": { "id": 796, "u1": 1.8286662101745605, "u7": 3.3582150936126709, "v1": -0.96466773748397827, "v7": -0.43827861547470093 }, "geometry": { "type": "Point", "coordinates": [ -45.0, -63.788320168999981 ] } },
{ "type": "Feature", "properties": { "id": 797, "u1": -0.41500142216682434, "u7": 2.0820760726928711, "v1": -0.28933411836624146, "v7": 0.42842930555343628 }, "geometry": { "type": "Point", "coordinates": [ -45.0, -69.50070716899998 ] } },
{ "type": "Feature", "properties": { "id": 798, "u1": -1.0300008058547974, "u7": 0.758078932762146, "v1": 0.42266491055488586, "v7": 2.7463583946228027 }, "geometry": { "type": "Point", "coordinates": [ -45.0, -75.213094168999987 ] } },
{ "type": "Feature", "properties": { "id": 799, "u1": -2.3789992332458496, "u7": -5.1874003410339355, "v1": -0.73066812753677368, "v7": 0.028267353773117065 }, "geometry": { "type": "Point", "coordinates": [ -45.0, -80.925481168999966 ] } },
{ "type": "Feature", "properties": { "id": 800, "u1": -5.8836684226989746, "u7": -12.019670486450195, "v1": 0.27533161640167236, "v7": 1.5330816507339478 }, "geometry": { "type": "Point", "coordinates": [ -45.0, -86.637868168999972 ] } },
{ "type": "Feature", "properties": { "id": 802, "u1": 1.1983321905136108, "u7": 1.6973094940185547, "v1": -0.52066701650619507, "v7": 0.44206443428993225 }, "geometry": { "type": "Point", "coordinates": [ -39.375, 84.733741831 ] } },
{ "type": "Feature", "properties": { "id": 803, "u1": 5.4333329200744629, "u7": 3.3559293746948242, "v1": 3.1659989356994629, "v7": 0.71764373779296875 }, "geometry": { "type": "Point", "coordinates": [ -39.375, 79.021354831000011 ] } },
{ "type": "Feature", "properties": { "id": 804, "u1": 1.4686650037765503, "u7": 0.7305101752281189, "v1": 3.8256628513336182, "v7": 1.2332191467285156 }, "geometry": { "type": "Point", "coordinates": [ -39.375, 73.308967831000018 ] } },
{ "type": "Feature", "properties": { "id": 805, "u1": -4.452667236328125, "u7": -0.95786821842193604, "v1": -3.532001256942749, "v7": -0.80230462551116943 }, "geometry": { "type": "Point", "coordinates": [ -39.375, 67.596580831000011 ] } },
{ "type": "Feature", "properties": { "id": 806, "u1": -0.98833519220352173, "u7": -1.3153076171875, "v1": -2.8940012454986572, "v7": -2.7485754489898682 }, "geometry": { "type": "Point", "coordinates": [ -39.375, 61.884193831 ] } },
{ "type": "Feature", "properties": { "id": 807, "u1": 5.4583296775817871, "u7": 2.5969421863555908, "v1": 2.1503305435180664, "v7": 0.93427383899688721 }, "geometry": { "type": "Point", "coordinates": [ -39.375, 56.171806831 ] } },
{ "type": "Feature", "properties": { "id": 808, "u1": 7.1239986419677734, "u7": 4.0745029449462891, "v1": 2.2420003414154053, "v7": 1.8605345487594604 }, "geometry": { "type": "Point", "coordinates": [ -39.375, 50.459419831 ] } },
{ "type": "Feature", "properties": { "id": 809, "u1": 6.8373322486877441, "u7": 4.0366182327270508, "v1": 1.7746658325195312, "v7": 2.1778252124786377 }, "geometry": { "type": "Point", "coordinates": [ -39.375, 44.747032831 ] } },
{ "type": "Feature", "properties": { "id": 810, "u1": 4.8269977569580078, "u7": 2.5692460536956787, "v1": 3.0403320789337158, "v7": 1.9762610197067261 }, "geometry": { "type": "Point", "coordinates": [ -39.375, 39.034645831 ] } },
{ "type": "Feature", "properties": { "id": 811, "u1": 1.2329981327056885, "u7": -1.2291889190673828, "v1": 1.484332799911499, "v7": 0.16088809072971344 }, "geometry": { "type": "Point", "coordinates": [ -39.375, 33.322258831 ] } },
{ "type": "Feature", "properties": { "id": 812, "u1": -2.8786675930023193, "u7": -4.8545866012573242, "v1": -0.56933289766311646, "v7": -1.4801520109176636 }, "geometry": { "type": "Point", "coordinates": [ -39.375, 27.609871831 ] } },
{ "type": "Feature", "properties": { "id": 813, "u1": -5.8710017204284668, "u7": -6.8023238182067871, "v1": -1.8263345956802368, "v7": -2.9883084297180176 }, "geometry": { "type": "Point", "coordinates": [ -39.375, 21.897484831 ] } },
{ "type": "Feature", "properties": { "id": 814, "u1": -7.7863340377807617, "u7": -6.7408947944641113, "v1": -3.0496673583984375, "v7": -3.6915576457977295 }, "geometry": { "type": "Point", "coordinates": [ -39.375, 16.185097831 ] } },
{ "type": "Feature", "properties": { "id": 815, "u1": -8.1510000228881836, "u7": -5.1333088874816895, "v1": -4.6043343544006348, "v7": -3.9745936393737793 }, "geometry": { "type": "Point", "coordinates": [ -39.375, 10.472710831 ] } },
{ "type": "Feature", "properties": { "id": 816, "u1": -7.1883358955383301, "u7": -2.0723776817321777, "v1": -4.0096664428710938, "v7": 1.1462785005569458 }, "geometry": { "type": "Point", "coordinates": [ -39.375, 4.760323831000016 ] } },
{ "type": "Feature", "properties": { "id": 817, "u1": -6.3296685218811035, "u7": -6.8734316825866699, "v1": -0.97466784715652466, "v7": 3.1069319248199463 }, "geometry": { "type": "Point", "coordinates": [ -39.375, -0.952063169 ] } },
{ "type": "Feature", "properties": { "id": 818, "u1": -2.2280004024505615, "u7": -3.4425866603851318, "v1": -0.20866800844669342, "v7": 3.7176511287689209 }, "geometry": { "type": "Point", "coordinates": [ -39.375, -6.664450169 ] } },
{ "type": "Feature", "properties": { "id": 819, "u1": -5.1376681327819824, "u7": -3.6815519332885742, "v1": 0.57666677236557007, "v7": 2.7240221500396729 }, "geometry": { "type": "Point", "coordinates": [ -39.375, -12.376837168999989 ] } },
{ "type": "Feature", "properties": { "id": 820, "u1": -4.8833346366882324, "u7": -4.2325825691223145, "v1": -3.5026671886444092, "v7": 0.63826370239257812 }, "geometry": { "type": "Point", "coordinates": [ -39.375, -18.089224168999984 ] } },
{ "type": "Feature", "properties": { "id": 821, "u1": -2.8913350105285645, "u7": -2.1903221607208252, "v1": -5.7390017509460449, "v7": -2.11708664894104 }, "geometry": { "type": "Point", "coordinates": [ -39.375, -23.801611169 ] } },
{ "type": "Feature", "properties": { "id": 822, "u1": -3.0880000591278076, "u7": 0.38023826479911804, "v1": -2.0396683216094971, "v7": -1.7400237321853638 }, "geometry": { "type": "Point", "coordinates": [ -39.375, -29.513998169 ] } },
{ "type": "Feature", "properties": { "id": 823, "u1": -0.75633442401885986, "u7": 3.4491767883300781, "v1": -1.0686681270599365, "v7": -1.5276925563812256 }, "geometry": { "type": "Point", "coordinates": [ -39.375, -35.226385169 ] } },
{ "type": "Feature", "properties": { "id": 824, "u1": 3.3819966316223145, "u7": 4.5909667015075684, "v1": -1.448668360710144, "v7": -0.30242273211479187 }, "geometry": { "type": "Point", "coordinates": [ -39.375, -40.938772168999982 ] } },
{ "type": "Feature", "properties": { "id": 825, "u1": 6.4956645965576172, "u7": 5.9147000312805176, "v1": -1.7436686754226685, "v7": -0.47072884440422058 }, "geometry": { "type": "Point", "coordinates": [ -39.375, -46.651159168999989 ] } },
{ "type": "Feature", "properties": { "id": 826, "u1": 6.6329984664916992, "u7": 5.8257136344909668, "v1": -1.4206680059432983, "v7": -0.35920968651771545 }, "geometry": { "type": "Point", "coordinates": [ -39.375, -52.363546169 ] } },
{ "type": "Feature", "properties": { "id": 827, "u1": 4.3139996528625488, "u7": 3.954404354095459, "v1": -0.71933442354202271, "v7": 1.0477375984191895 }, "geometry": { "type": "Point", "coordinates": [ -39.375, -58.075933169 ] } },
{ "type": "Feature", "properties": { "id": 828, "u1": 1.4516646862030029, "u7": 3.3352828025817871, "v1": -0.85133415460586548, "v7": -0.3864554762840271 }, "geometry": { "type": "Point", "coordinates": [ -39.375, -63.788320168999981 ] } },
{ "type": "Feature", "properties": { "id": 829, "u1": -0.1863352507352829, "u7": 2.4947977066040039, "v1": -0.54600119590759277, "v7": 0.26472806930541992 }, "geometry": { "type": "Point", "coordinates": [ -39.375, -69.50070716899998 ] } },
{ "type": "Feature", "properties": { "id": 830, "u1": -1.3413350582122803, "u7": -0.67264366149902344, "v1": -0.22100117802619934, "v7": 1.0583217144012451 }, "geometry": { "type": "Point", "coordinates": [ -39.375, -75.213094168999987 ] } },
{ "type": "Feature", "properties": { "id": 831, "u1": -2.7786672115325928, "u7": -6.6357240676879883, "v1": -1.6223353147506714, "v7": -1.9554321765899658 }, "geometry": { "type": "Point", "coordinates": [ -39.375, -80.925481168999966 ] } },
{ "type": "Feature", "properties": { "id": 832, "u1": -5.8993344306945801, "u7": -12.251836776733398, "v1": -0.34033507108688354, "v7": 0.19494210183620453 }, "geometry": { "type": "Point", "coordinates": [ -39.375, -86.637868168999972 ] } },
{ "type": "Feature", "properties": { "id": 834, "u1": 1.1729985475540161, "u7": 1.6465007066726685, "v1": -0.71033424139022827, "v7": 0.29913821816444397 }, "geometry": { "type": "Point", "coordinates": [ -33.75, 84.733741831 ] } },
{ "type": "Feature", "properties": { "id": 835, "u1": 6.0583319664001465, "u7": 3.509056568145752, "v1": 0.34299927949905396, "v7": -0.63356006145477295 }, "geometry": { "type": "Point", "coordinates": [ -33.75, 79.021354831000011 ] } },
{ "type": "Feature", "properties": { "id": 836, "u1": 5.5626649856567383, "u7": 1.982052206993103, "v1": -1.384001612663269, "v7": -1.4412286281585693 }, "geometry": { "type": "Point", "coordinates": [ -33.75, 73.308967831000018 ] } },
{ "type": "Feature", "properties": { "id": 837, "u1": -3.5630013942718506, "u7": -1.3213136196136475, "v1": -8.6013345718383789, "v7": -3.3489632606506348 }, "geometry": { "type": "Point", "coordinates": [ -33.75, 67.596580831000011 ] } },
{ "type": "Feature", "properties": { "id": 838, "u1": 0.24299876391887665, "u7": -0.59422314167022705, "v1": -0.01066691055893898, "v7": -1.8509694337844849 }, "geometry": { "type": "Point", "coordinates": [ -33.75, 61.884193831 ] } },
{ "type": "Feature", "properties": { "id": 839, "u1": 5.7653298377990723, "u7": 3.2073066234588623, "v1": 3.1069982051849365, "v7": 0.7931944727897644 }, "geometry": { "type": "Point", "coordinates": [ -33.75, 56.171806831 ] } },
{ "type": "Feature", "properties": { "id": 840, "u1": 5.7806644439697266, "u7": 4.2393841743469238, "v1": 3.3929986953735352, "v7": 1.5466338396072388 }, "geometry": { "type": "Point", "coordinates": [ -33.75, 50.459419831 ] } },
{ "type": "Feature", "properties": { "id": 841, "u1": 5.7956638336181641, "u7": 4.1143937110900879, "v1": 3.4953298568725586, "v7": 1.7774462699890137 }, "geometry": { "type": "Point", "coordinates": [ -33.75, 44.747032831 ] } },
{ "type": "Feature", "properties": { "id": 842, "u1": 3.9076645374298096, "u7": 1.9968380928039551, "v1": 3.2653310298919678, "v7": 0.77503049373626709 }, "geometry": { "type": "Point", "coordinates": [ -33.75, 39.034645831 ] } },
{ "type": "Feature", "properties": { "id": 843, "u1": 0.38366648554801941, "u7": -1.6530082225799561, "v1": 1.0033329725265503, "v7": -1.2059599161148071 }, "geometry": { "type": "Point", "coordinates": [ -33.75, 33.322258831 ] } },
{ "type": "Feature", "properties": { "id": 844, "u1": -3.4860014915466309, "u7": -4.9106731414794922, "v1": -0.83733367919921875, "v7": -2.7485029697418213 }, "geometry": { "type": "Point", "coordinates": [ -33.75, 27.609871831 ] } },
{ "type": "Feature", "properties": { "id": 845, "u1": -6.0970005989074707, "u7": -6.4524712562561035, "v1": -2.0036671161651611, "v7": -4.0744314193725586 }, "geometry": { "type": "Point", "coordinates": [ -33.75, 21.897484831 ] } },
{ "type": "Feature", "properties": { "id": 846, "u1": -7.7236676216125488, "u7": -5.8590469360351562, "v1": -3.6763331890106201, "v7": -4.4132466316223145 }, "geometry": { "type": "Point", "coordinates": [ -33.75, 16.185097831 ] } },
{ "type": "Feature", "properties": { "id": 847, "u1": -7.5516681671142578, "u7": -3.5858511924743652, "v1": -5.1683359146118164, "v7": -3.4834601879119873 }, "geometry": { "type": "Point", "coordinates": [ -33.75, 10.472710831 ] } },
{ "type": "Feature", "properties": { "id": 848, "u1": -6.4900021553039551, "u7": -1.524471640586853, "v1": -3.7440018653869629, "v7": 2.7707161903381348 }, "geometry": { "type": "Point", "coordinates": [ -33.75, 4.760323831000016 ] } },
{ "type": "Feature", "properties": { "id": 849, "u1": -4.7120013236999512, "u7": -5.5638179779052734, "v1": 1.3349975347518921, "v7": 3.913738489151001 }, "geometry": { "type": "Point", "coordinates": [ -33.75, -0.952063169 ] } },
{ "type": "Feature", "properties": { "id": 850, "u1": -6.6943354606628418, "u7": -5.800961971282959, "v1": 2.4866647720336914, "v7": 5.5252676010131836 }, "geometry": { "type": "Point", "coordinates": [ -33.75, -6.664450169 ] } },
{ "type": "Feature", "properties": { "id": 851, "u1": -6.7900018692016602, "u7": -7.8121151924133301, "v1": 0.13466492295265198, "v7": 3.9557859897613525 }, "geometry": { "type": "Point", "coordinates": [ -33.75, -12.376837168999989 ] } },
{ "type": "Feature", "properties": { "id": 852, "u1": -5.3050017356872559, "u7": -6.355006217956543, "v1": -2.5376667976379395, "v7": 1.1058281660079956 }, "geometry": { "type": "Point", "coordinates": [ -33.75, -18.089224168999984 ] } },
{ "type": "Feature", "properties": { "id": 853, "u1": -2.6666672229766846, "u7": -2.850752592086792, "v1": -4.121002197265625, "v7": -0.96911686658859253 }, "geometry": { "type": "Point", "coordinates": [ -33.75, -23.801611169 ] } },
{ "type": "Feature", "properties": { "id": 854, "u1": -1.7010015249252319, "u7": 1.0799692869186401, "v1": -2.5936686992645264, "v7": -1.7488610744476318 }, "geometry": { "type": "Point", "coordinates": [ -33.75, -29.513998169 ] } },
{ "type": "Feature", "properties": { "id": 855, "u1": -0.079667665064334869, "u7": 3.8800079822540283, "v1": -1.5010019540786743, "v7": -1.7332121133804321 }, "geometry": { "type": "Point", "coordinates": [ -33.75, -35.226385169 ] } },
{ "type": "Feature", "properties": { "id": 856, "u1": 4.0303330421447754, "u7": 5.141261100769043, "v1": -1.4373341798782349, "v7": -0.63230836391448975 }, "geometry": { "type": "Point", "coordinates": [ -33.75, -40.938772168999982 ] } },
{ "type": "Feature", "properties": { "id": 857, "u1": 7.0123305320739746, "u7": 6.0293025970458984, "v1": -1.92266845703125, "v7": -0.81753498315811157 }, "geometry": { "type": "Point", "coordinates": [ -33.75, -46.651159168999989 ] } },
{ "type": "Feature", "properties": { "id": 858, "u1": 6.9713311195373535, "u7": 6.2789521217346191, "v1": -1.2973347902297974, "v7": -0.40981993079185486 }, "geometry": { "type": "Point", "coordinates": [ -33.75, -52.363546169 ] } },
{ "type": "Feature", "properties": { "id": 859, "u1": 3.9589982032775879, "u7": 3.7896401882171631, "v1": -0.40800222754478455, "v7": 1.279532790184021 }, "geometry": { "type": "Point", "coordinates": [ -33.75, -58.075933169 ] } },
{ "type": "Feature", "properties": { "id": 860, "u1": 1.2703312635421753, "u7": 3.3237082958221436, "v1": -0.41700133681297302, "v7": -0.099444881081581116 }, "geometry": { "type": "Point", "coordinates": [ -33.75, -63.788320168999981 ] } },
{ "type": "Feature", "properties": { "id": 861, "u1": -0.054334003478288651, "u7": 2.7007505893707275, "v1": -0.30100199580192566, "v7": 0.57515174150466919 }, "geometry": { "type": "Point", "coordinates": [ -33.75, -69.50070716899998 ] } },
{ "type": "Feature", "properties": { "id": 862, "u1": -1.6923345327377319, "u7": -2.7435846328735352, "v1": -0.85900014638900757, "v7": -0.99995189905166626 }, "geometry": { "type": "Point", "coordinates": [ -33.75, -75.213094168999987 ] } },
{ "type": "Feature", "properties": { "id": 863, "u1": -3.0610010623931885, "u7": -7.8316531181335449, "v1": -2.4263336658477783, "v7": -3.8348739147186279 }, "geometry": { "type": "Point", "coordinates": [ -33.75, -80.925481168999966 ] } },
{ "type": "Feature", "properties": { "id": 864, "u1": -5.8103351593017578, "u7": -12.248969078063965, "v1": -0.98566794395446777, "v7": -1.2333700656890869 }, "geometry": { "type": "Point", "coordinates": [ -33.75, -86.637868168999972 ] } },
{ "type": "Feature", "properties": { "id": 866, "u1": 1.0579991340637207, "u7": 1.5208369493484497, "v1": -0.97266894578933716, "v7": 0.19625964760780334 }, "geometry": { "type": "Point", "coordinates": [ -28.125, 84.733741831 ] } },
{ "type": "Feature", "properties": { "id": 867, "u1": 5.4079980850219727, "u7": 2.9807631969451904, "v1": -2.2290024757385254, "v7": -1.5787109136581421 }, "geometry": { "type": "Point", "coordinates": [ -28.125, 79.021354831000011 ] } },
{ "type": "Feature", "properties": { "id": 868, "u1": 6.0113306045532227, "u7": 2.1359248161315918, "v1": -5.8640007972717285, "v7": -3.3000547885894775 }, "geometry": { "type": "Point", "coordinates": [ -28.125, 73.308967831000018 ] } },
{ "type": "Feature", "properties": { "id": 869, "u1": -3.74566650390625, "u7": -1.5405477285385132, "v1": -8.1000022888183594, "v7": -3.8219480514526367 }, "geometry": { "type": "Point", "coordinates": [ -28.125, 67.596580831000011 ] } },
{ "type": "Feature", "properties": { "id": 870, "u1": 1.2679988145828247, "u7": 0.013211186975240707, "v1": 2.0883305072784424, "v7": -0.48230761289596558 }, "geometry": { "type": "Point", "coordinates": [ -28.125, 61.884193831 ] } },
{ "type": "Feature", "properties": { "id": 871, "u1": 5.9266657829284668, "u7": 3.4353065490722656, "v1": 4.1499972343444824, "v7": 0.77160590887069702 }, "geometry": { "type": "Point", "coordinates": [ -28.125, 56.171806831 ] } },
{ "type": "Feature", "properties": { "id": 872, "u1": 5.7309994697570801, "u7": 4.8010349273681641, "v1": 3.9299967288970947, "v7": 1.1852210760116577 }, "geometry": { "type": "Point", "coordinates": [ -28.125, 50.459419831 ] } },
{ "type": "Feature", "properties": { "id": 873, "u1": 5.2893314361572266, "u7": 4.155095100402832, "v1": 4.0299992561340332, "v7": 1.0717736482620239 }, "geometry": { "type": "Point", "coordinates": [ -28.125, 44.747032831 ] } },
{ "type": "Feature", "properties": { "id": 874, "u1": 2.9319987297058105, "u7": 1.3968081474304199, "v1": 2.6406636238098145, "v7": -0.49138423800468445 }, "geometry": { "type": "Point", "coordinates": [ -28.125, 39.034645831 ] } },
{ "type": "Feature", "properties": { "id": 875, "u1": -0.50233405828475952, "u7": -2.0801184177398682, "v1": 0.27033233642578125, "v7": -2.585623025894165 }, "geometry": { "type": "Point", "coordinates": [ -28.125, 33.322258831 ] } },
{ "type": "Feature", "properties": { "id": 876, "u1": -3.8000020980834961, "u7": -4.6872920989990234, "v1": -1.4453343152999878, "v7": -4.5710587501525879 }, "geometry": { "type": "Point", "coordinates": [ -28.125, 27.609871831 ] } },
{ "type": "Feature", "properties": { "id": 877, "u1": -6.1720023155212402, "u7": -5.4810013771057129, "v1": -2.8626668453216553, "v7": -5.3650960922241211 }, "geometry": { "type": "Point", "coordinates": [ -28.125, 21.897484831 ] } },
{ "type": "Feature", "properties": { "id": 878, "u1": -7.0216679573059082, "u7": -4.4962754249572754, "v1": -4.7266669273376465, "v7": -4.6098623275756836 }, "geometry": { "type": "Point", "coordinates": [ -28.125, 16.185097831 ] } },
{ "type": "Feature", "properties": { "id": 879, "u1": -6.0716691017150879, "u7": -1.4308722019195557, "v1": -5.634666919708252, "v7": -1.9734581708908081 }, "geometry": { "type": "Point", "coordinates": [ -28.125, 10.472710831 ] } },
{ "type": "Feature", "properties": { "id": 880, "u1": -4.8809995651245117, "u7": -1.5994682312011719, "v1": -3.7160007953643799, "v7": 4.067927360534668 }, "geometry": { "type": "Point", "coordinates": [ -28.125, 4.760323831000016 ] } },
{ "type": "Feature", "properties": { "id": 881, "u1": -4.2790002822875977, "u7": -5.7266364097595215, "v1": 1.5099990367889404, "v7": 3.7746305465698242 }, "geometry": { "type": "Point", "coordinates": [ -28.125, -0.952063169 ] } },
{ "type": "Feature", "properties": { "id": 882, "u1": -6.6016683578491211, "u7": -7.2447371482849121, "v1": 3.1936650276184082, "v7": 4.0632433891296387 }, "geometry": { "type": "Point", "coordinates": [ -28.125, -6.664450169 ] } },
{ "type": "Feature", "properties": { "id": 883, "u1": -7.3063349723815918, "u7": -8.3444099426269531, "v1": 1.6339991092681885, "v7": 3.71087646484375 }, "geometry": { "type": "Point", "coordinates": [ -28.125, -12.376837168999989 ] } },
{ "type": "Feature", "properties": { "id": 884, "u1": -5.9670014381408691, "u7": -6.723630428314209, "v1": -0.92866873741149902, "v7": 1.5145571231842041 }, "geometry": { "type": "Point", "coordinates": [ -28.125, -18.089224168999984 ] } },
{ "type": "Feature", "properties": { "id": 885, "u1": -2.6833353042602539, "u7": -2.8767683506011963, "v1": -2.7336695194244385, "v7": -0.042450506240129471 }, "geometry": { "type": "Point", "coordinates": [ -28.125, -23.801611169 ] } },
{ "type": "Feature", "properties": { "id": 886, "u1": -0.86233574151992798, "u7": 1.1754534244537354, "v1": -2.1703352928161621, "v7": -1.4415029287338257 }, "geometry": { "type": "Point", "coordinates": [ -28.125, -29.513998169 ] } },
{ "type": "Feature", "properties": { "id": 887, "u1": 0.71999764442443848, "u7": 4.1383805274963379, "v1": -1.4280003309249878, "v7": -1.7538999319076538 }, "geometry": { "type": "Point", "coordinates": [ -28.125, -35.226385169 ] } },
{ "type": "Feature", "properties": { "id": 888, "u1": 4.4689974784851074, "u7": 5.4711356163024902, "v1": -1.5710016489028931, "v7": -0.89853650331497192 }, "geometry": { "type": "Point", "coordinates": [ -28.125, -40.938772168999982 ] } },
{ "type": "Feature", "properties": { "id": 889, "u1": 7.4169974327087402, "u7": 6.377626895904541, "v1": -2.2590000629425049, "v7": -1.1062088012695312 }, "geometry": { "type": "Point", "coordinates": [ -28.125, -46.651159168999989 ] } },
{ "type": "Feature", "properties": { "id": 890, "u1": 7.2269983291625977, "u7": 6.6315150260925293, "v1": -1.3100031614303589, "v7": -0.47465795278549194 }, "geometry": { "type": "Point", "coordinates": [ -28.125, -52.363546169 ] } },
{ "type": "Feature", "properties": { "id": 891, "u1": 3.8873326778411865, "u7": 4.0851855278015137, "v1": -0.30300089716911316, "v7": 1.1766360998153687 }, "geometry": { "type": "Point", "coordinates": [ -28.125, -58.075933169 ] } },
{ "type": "Feature", "properties": { "id": 892, "u1": 1.1786656379699707, "u7": 3.2965893745422363, "v1": 0.15833333134651184, "v7": 0.33245390653610229 }, "geometry": { "type": "Point", "coordinates": [ -28.125, -63.788320168999981 ] } },
{ "type": "Feature", "properties": { "id": 893, "u1": -0.17733459174633026, "u7": 2.3333666324615479, "v1": 0.086332701146602631, "v7": 0.73418343067169189 }, "geometry": { "type": "Point", "coordinates": [ -28.125, -69.50070716899998 ] } },
{ "type": "Feature", "properties": { "id": 894, "u1": -2.3696684837341309, "u7": -5.2794504165649414, "v1": -1.5290013551712036, "v7": -3.0049483776092529 }, "geometry": { "type": "Point", "coordinates": [ -28.125, -75.213094168999987 ] } },
{ "type": "Feature", "properties": { "id": 895, "u1": -3.2660014629364014, "u7": -8.6727027893066406, "v1": -3.2396683692932129, "v7": -5.5598101615905762 }, "geometry": { "type": "Point", "coordinates": [ -28.125, -80.925481168999966 ] } },
{ "type": "Feature", "properties": { "id": 896, "u1": -5.5963349342346191, "u7": -11.991316795349121, "v1": -1.6196675300598145, "v7": -2.671036958694458 }, "geometry": { "type": "Point", "coordinates": [ -28.125, -86.637868168999972 ] } },
{ "type": "Feature", "properties": { "id": 898, "u1": 0.84433186054229736, "u7": 1.3457355499267578, "v1": -1.259666919708252, "v7": 0.15697669982910156 }, "geometry": { "type": "Point", "coordinates": [ -22.5, 84.733741831 ] } },
{ "type": "Feature", "properties": { "id": 899, "u1": 4.1493325233459473, "u7": 2.0864200592041016, "v1": -4.2783341407775879, "v7": -1.8095095157623291 }, "geometry": { "type": "Point", "coordinates": [ -22.5, 79.021354831000011 ] } },
{ "type": "Feature", "properties": { "id": 900, "u1": 3.5429978370666504, "u7": 1.2598639726638794, "v1": -8.0646677017211914, "v7": -3.1822412014007568 }, "geometry": { "type": "Point", "coordinates": [ -22.5, 73.308967831000018 ] } },
{ "type": "Feature", "properties": { "id": 901, "u1": -3.3883357048034668, "u7": -1.2189692258834839, "v1": -5.1603350639343262, "v7": -2.5544400215148926 }, "geometry": { "type": "Point", "coordinates": [ -22.5, 67.596580831000011 ] } },
{ "type": "Feature", "properties": { "id": 902, "u1": 1.0209991931915283, "u7": -0.01936672069132328, "v1": 2.80999755859375, "v7": 0.37979450821876526 }, "geometry": { "type": "Point", "coordinates": [ -22.5, 61.884193831 ] } },
{ "type": "Feature", "properties": { "id": 903, "u1": 6.1256647109985352, "u7": 3.3510477542877197, "v1": 4.0693316459655762, "v7": 1.1099758148193359 }, "geometry": { "type": "Point", "coordinates": [ -22.5, 56.171806831 ] } },
{ "type": "Feature", "properties": { "id": 904, "u1": 5.8986659049987793, "u7": 4.9187350273132324, "v1": 3.817664623260498, "v7": 0.98536008596420288 }, "geometry": { "type": "Point", "coordinates": [ -22.5, 50.459419831 ] } },
{ "type": "Feature", "properties": { "id": 905, "u1": 4.9449963569641113, "u7": 3.938328742980957, "v1": 3.5046660900115967, "v7": 0.063173778355121613 }, "geometry": { "type": "Point", "coordinates": [ -22.5, 44.747032831 ] } },
{ "type": "Feature", "properties": { "id": 906, "u1": 2.406665563583374, "u7": 0.9093855619430542, "v1": 1.5036646127700806, "v7": -1.8496862649917603 }, "geometry": { "type": "Point", "coordinates": [ -22.5, 39.034645831 ] } },
{ "type": "Feature", "properties": { "id": 907, "u1": -1.2610015869140625, "u7": -2.6023151874542236, "v1": -0.79933470487594604, "v7": -4.2725343704223633 }, "geometry": { "type": "Point", "coordinates": [ -22.5, 33.322258831 ] } },
{ "type": "Feature", "properties": { "id": 908, "u1": -3.7750024795532227, "u7": -3.8552775382995605, "v1": -2.3456676006317139, "v7": -6.120394229888916 }, "geometry": { "type": "Point", "coordinates": [ -22.5, 27.609871831 ] } },
{ "type": "Feature", "properties": { "id": 909, "u1": -6.2980008125305176, "u7": -3.7836270332336426, "v1": -4.0616693496704102, "v7": -6.0652861595153809 }, "geometry": { "type": "Point", "coordinates": [ -22.5, 21.897484831 ] } },
{ "type": "Feature", "properties": { "id": 910, "u1": -5.8083338737487793, "u7": -2.1458132266998291, "v1": -5.8300013542175293, "v7": -4.1952652931213379 }, "geometry": { "type": "Point", "coordinates": [ -22.5, 16.185097831 ] } },
{ "type": "Feature", "properties": { "id": 911, "u1": -3.9746677875518799, "u7": 1.4857803583145142, "v1": -6.1396670341491699, "v7": -0.5565183162689209 }, "geometry": { "type": "Point", "coordinates": [ -22.5, 10.472710831 ] } },
{ "type": "Feature", "properties": { "id": 912, "u1": -2.6323349475860596, "u7": -1.7311426401138306, "v1": -2.9363358020782471, "v7": 5.6428041458129883 }, "geometry": { "type": "Point", "coordinates": [ -22.5, 4.760323831000016 ] } },
{ "type": "Feature", "properties": { "id": 913, "u1": -3.481334924697876, "u7": -5.3919668197631836, "v1": 2.2326655387878418, "v7": 3.9787840843200684 }, "geometry": { "type": "Point", "coordinates": [ -22.5, -0.952063169 ] } },
{ "type": "Feature", "properties": { "id": 914, "u1": -6.141667366027832, "u7": -7.3553943634033203, "v1": 4.1739983558654785, "v7": 4.4256162643432617 }, "geometry": { "type": "Point", "coordinates": [ -22.5, -6.664450169 ] } },
{ "type": "Feature", "properties": { "id": 915, "u1": -6.962334156036377, "u7": -8.404850959777832, "v1": 2.3489995002746582, "v7": 3.6834378242492676 }, "geometry": { "type": "Point", "coordinates": [ -22.5, -12.376837168999989 ] } },
{ "type": "Feature", "properties": { "id": 916, "u1": -6.0283350944519043, "u7": -6.9291973114013672, "v1": 0.16466572880744934, "v7": 1.4335261583328247 }, "geometry": { "type": "Point", "coordinates": [ -22.5, -18.089224168999984 ] } },
{ "type": "Feature", "properties": { "id": 917, "u1": -3.231666088104248, "u7": -3.1171040534973145, "v1": -1.3373347520828247, "v7": 0.18784290552139282 }, "geometry": { "type": "Point", "coordinates": [ -22.5, -23.801611169 ] } },
{ "type": "Feature", "properties": { "id": 918, "u1": -0.68366748094558716, "u7": 1.2107688188552856, "v1": -1.9496678113937378, "v7": -1.1204628944396973 }, "geometry": { "type": "Point", "coordinates": [ -22.5, -29.513998169 ] } },
{ "type": "Feature", "properties": { "id": 919, "u1": 1.3996663093566895, "u7": 4.4577183723449707, "v1": -1.4646662473678589, "v7": -1.7532030344009399 }, "geometry": { "type": "Point", "coordinates": [ -22.5, -35.226385169 ] } },
{ "type": "Feature", "properties": { "id": 920, "u1": 4.8336653709411621, "u7": 5.7907991409301758, "v1": -1.8176676034927368, "v7": -1.3182421922683716 }, "geometry": { "type": "Point", "coordinates": [ -22.5, -40.938772168999982 ] } },
{ "type": "Feature", "properties": { "id": 921, "u1": 8.0719976425170898, "u7": 6.996558666229248, "v1": -2.2020013332366943, "v7": -1.0062611103057861 }, "geometry": { "type": "Point", "coordinates": [ -22.5, -46.651159168999989 ] } },
{ "type": "Feature", "properties": { "id": 922, "u1": 7.4229974746704102, "u7": 7.0083990097045898, "v1": -1.3930013179779053, "v7": -0.36443737149238586 }, "geometry": { "type": "Point", "coordinates": [ -22.5, -52.363546169 ] } },
{ "type": "Feature", "properties": { "id": 923, "u1": 3.8839986324310303, "u7": 4.7674651145935059, "v1": 0.03466593474149704, "v7": 1.4770126342773438 }, "geometry": { "type": "Point", "coordinates": [ -22.5, -58.075933169 ] } },
{ "type": "Feature", "properties": { "id": 924, "u1": 1.1569981575012207, "u7": 3.2067523002624512, "v1": 0.74066621065139771, "v7": 0.56787335872650146 }, "geometry": { "type": "Point", "coordinates": [ -22.5, -63.788320168999981 ] } },
{ "type": "Feature", "properties": { "id": 925, "u1": -0.55766755342483521, "u7": 1.0442084074020386, "v1": 0.51666462421417236, "v7": 0.78280007839202881 }, "geometry": { "type": "Point", "coordinates": [ -22.5, -69.50070716899998 ] } },
{ "type": "Feature", "properties": { "id": 926, "u1": -3.0673360824584961, "u7": -7.6765828132629395, "v1": -1.9720011949539185, "v7": -4.1694393157958984 }, "geometry": { "type": "Point", "coordinates": [ -22.5, -75.213094168999987 ] } },
{ "type": "Feature", "properties": { "id": 927, "u1": -3.2510015964508057, "u7": -8.9370279312133789, "v1": -4.0066666603088379, "v7": -7.0195436477661133 }, "geometry": { "type": "Point", "coordinates": [ -22.5, -80.925481168999966 ] } },
{ "type": "Feature", "properties": { "id": 928, "u1": -5.2610015869140625, "u7": -11.47828483581543, "v1": -2.209667444229126, "v7": -4.0453619956970215 }, "geometry": { "type": "Point", "coordinates": [ -22.5, -86.637868168999972 ] } },
{ "type": "Feature", "properties": { "id": 930, "u1": 0.53166604042053223, "u7": 1.1675299406051636, "v1": -1.541668176651001, "v7": 0.18269692361354828 }, "geometry": { "type": "Point", "coordinates": [ -16.875, 84.733741831 ] } },
{ "type": "Feature", "properties": { "id": 931, "u1": 2.9049978256225586, "u7": 1.2923456430435181, "v1": -5.9846692085266113, "v7": -1.4719178676605225 }, "geometry": { "type": "Point", "coordinates": [ -16.875, 79.021354831000011 ] } },
{ "type": "Feature", "properties": { "id": 932, "u1": 1.0426651239395142, "u7": 0.26213324069976807, "v1": -8.3420009613037109, "v7": -1.9273107051849365 }, "geometry": { "type": "Point", "coordinates": [ -16.875, 73.308967831000018 ] } },
{ "type": "Feature", "properties": { "id": 933, "u1": -1.3923344612121582, "u7": -0.98013299703598022, "v1": -2.28466796875, "v7": -1.0332332849502563 }, "geometry": { "type": "Point", "coordinates": [ -16.875, 67.596580831000011 ] } },
{ "type": "Feature", "properties": { "id": 934, "u1": 1.0763320922851562, "u7": -0.35151618719100952, "v1": 2.4499995708465576, "v7": 0.91672796010971069 }, "geometry": { "type": "Point", "coordinates": [ -16.875, 61.884193831 ] } },
{ "type": "Feature", "properties": { "id": 935, "u1": 5.7256641387939453, "u7": 3.0986196994781494, "v1": 3.9809987545013428, "v7": 1.4346539974212646 }, "geometry": { "type": "Point", "coordinates": [ -16.875, 56.171806831 ] } },
{ "type": "Feature", "properties": { "id": 936, "u1": 5.92633056640625, "u7": 4.65924072265625, "v1": 3.5763311386108398, "v7": 0.76464247703552246 }, "geometry": { "type": "Point", "coordinates": [ -16.875, 50.459419831 ] } },
{ "type": "Feature", "properties": { "id": 937, "u1": 4.2759990692138672, "u7": 3.2006785869598389, "v1": 2.1289987564086914, "v7": -1.0371521711349487 }, "geometry": { "type": "Point", "coordinates": [ -16.875, 44.747032831 ] } },
{ "type": "Feature", "properties": { "id": 938, "u1": 1.8253310918807983, "u7": 0.78354561328887939, "v1": 0.014332071878015995, "v7": -3.8251664638519287 }, "geometry": { "type": "Point", "coordinates": [ -16.875, 39.034645831 ] } },
{ "type": "Feature", "properties": { "id": 939, "u1": -1.7233357429504395, "u7": -2.4041187763214111, "v1": -1.5956665277481079, "v7": -5.1345000267028809 }, "geometry": { "type": "Point", "coordinates": [ -16.875, 33.322258831 ] } },
{ "type": "Feature", "properties": { "id": 940, "u1": -4.1406683921813965, "u7": -4.5854015350341797, "v1": -3.1196680068969727, "v7": -7.396028995513916 }, "geometry": { "type": "Point", "coordinates": [ -16.875, 27.609871831 ] } },
{ "type": "Feature", "properties": { "id": 941, "u1": -4.734001636505127, "u7": 0.30488502979278564, "v1": -4.2096686363220215, "v7": -7.7617597579956055 }, "geometry": { "type": "Point", "coordinates": [ -16.875, 21.897484831 ] } },
{ "type": "Feature", "properties": { "id": 942, "u1": -3.4526698589324951, "u7": 3.7769153118133545, "v1": -5.6226677894592285, "v7": -2.8370022773742676 }, "geometry": { "type": "Point", "coordinates": [ -16.875, 16.185097831 ] } },
{ "type": "Feature", "properties": { "id": 943, "u1": -0.465667724609375, "u7": 3.6690385341644287, "v1": -5.1096668243408203, "v7": 1.2529405355453491 }, "geometry": { "type": "Point", "coordinates": [ -16.875, 10.472710831 ] } },
{ "type": "Feature", "properties": { "id": 944, "u1": -0.23166707158088684, "u7": -0.9260067343711853, "v1": -1.1060017347335815, "v7": 6.6572785377502441 }, "geometry": { "type": "Point", "coordinates": [ -16.875, 4.760323831000016 ] } },
{ "type": "Feature", "properties": { "id": 945, "u1": -2.7416672706604004, "u7": -4.852567195892334, "v1": 3.3599984645843506, "v7": 4.5719661712646484 }, "geometry": { "type": "Point", "coordinates": [ -16.875, -0.952063169 ] } },
{ "type": "Feature", "properties": { "id": 946, "u1": -5.3893337249755859, "u7": -6.9416751861572266, "v1": 4.8226637840270996, "v7": 4.7992596626281738 }, "geometry": { "type": "Point", "coordinates": [ -16.875, -6.664450169 ] } },
{ "type": "Feature", "properties": { "id": 947, "u1": -6.5163345336914062, "u7": -8.0774106979370117, "v1": 2.9906642436981201, "v7": 3.8116681575775146 }, "geometry": { "type": "Point", "coordinates": [ -16.875, -12.376837168999989 ] } },
{ "type": "Feature", "properties": { "id": 948, "u1": -5.9126672744750977, "u7": -6.9010992050170898, "v1": 1.2096658945083618, "v7": 1.8122469186782837 }, "geometry": { "type": "Point", "coordinates": [ -16.875, -18.089224168999984 ] } },
{ "type": "Feature", "properties": { "id": 949, "u1": -3.8130013942718506, "u7": -3.3091466426849365, "v1": -0.11466827243566513, "v7": 0.3924788236618042 }, "geometry": { "type": "Point", "coordinates": [ -16.875, -23.801611169 ] } },
{ "type": "Feature", "properties": { "id": 950, "u1": -0.75900167226791382, "u7": 1.236470103263855, "v1": -1.3003331422805786, "v7": -1.0396877527236938 }, "geometry": { "type": "Point", "coordinates": [ -16.875, -29.513998169 ] } },
{ "type": "Feature", "properties": { "id": 951, "u1": 1.9669977426528931, "u7": 4.4215893745422363, "v1": -1.4086664915084839, "v7": -1.8185633420944214 }, "geometry": { "type": "Point", "coordinates": [ -16.875, -35.226385169 ] } },
{ "type": "Feature", "properties": { "id": 952, "u1": 5.3639979362487793, "u7": 6.190619945526123, "v1": -1.7500015497207642, "v7": -1.8406810760498047 }, "geometry": { "type": "Point", "coordinates": [ -16.875, -40.938772168999982 ] } },
{ "type": "Feature", "properties": { "id": 953, "u1": 8.353663444519043, "u7": 7.3197360038757324, "v1": -2.3290014266967773, "v7": -1.2728457450866699 }, "geometry": { "type": "Point", "coordinates": [ -16.875, -46.651159168999989 ] } },
{ "type": "Feature", "properties": { "id": 954, "u1": 7.4239988327026367, "u7": 7.1241931915283203, "v1": -1.6073348522186279, "v7": -0.62129968404769897 }, "geometry": { "type": "Point", "coordinates": [ -16.875, -52.363546169 ] } },
{ "type": "Feature", "properties": { "id": 955, "u1": 4.0543313026428223, "u7": 4.2848415374755859, "v1": 0.18866525590419769, "v7": 1.1733558177947998 }, "geometry": { "type": "Point", "coordinates": [ -16.875, -58.075933169 ] } },
{ "type": "Feature", "properties": { "id": 956, "u1": 1.161998987197876, "u7": 3.2373471260070801, "v1": 1.2399978637695312, "v7": 0.60606640577316284 }, "geometry": { "type": "Point", "coordinates": [ -16.875, -63.788320168999981 ] } },
{ "type": "Feature", "properties": { "id": 957, "u1": -1.1936676502227783, "u7": -1.0828344821929932, "v1": 0.94166463613510132, "v7": 0.88980019092559814 }, "geometry": { "type": "Point", "coordinates": [ -16.875, -69.50070716899998 ] } },
{ "type": "Feature", "properties": { "id": 958, "u1": -4.099001407623291, "u7": -9.4530134201049805, "v1": -2.1366689205169678, "v7": -4.0808897018432617 }, "geometry": { "type": "Point", "coordinates": [ -16.875, -75.213094168999987 ] } },
{ "type": "Feature", "properties": { "id": 959, "u1": -2.9383347034454346, "u7": -8.5401897430419922, "v1": -4.6223354339599609, "v7": -8.1153545379638672 }, "geometry": { "type": "Point", "coordinates": [ -16.875, -80.925481168999966 ] } },
{ "type": "Feature", "properties": { "id": 960, "u1": -4.8193354606628418, "u7": -10.72469425201416, "v1": -2.7280023097991943, "v7": -5.2930121421813965 }, "geometry": { "type": "Point", "coordinates": [ -16.875, -86.637868168999972 ] } },
{ "type": "Feature", "properties": { "id": 962, "u1": 0.1343332976102829, "u7": 1.0141911506652832, "v1": -1.7636687755584717, "v7": 0.26088541746139526 }, "geometry": { "type": "Point", "coordinates": [ -11.25, 84.733741831 ] } },
{ "type": "Feature", "properties": { "id": 963, "u1": 1.578998327255249, "u7": 0.77839398384094238, "v1": -6.9363346099853516, "v7": -0.82477742433547974 }, "geometry": { "type": "Point", "coordinates": [ -11.25, 79.021354831000011 ] } },
{ "type": "Feature", "properties": { "id": 964, "u1": -0.066002912819385529, "u7": -0.3217945396900177, "v1": -7.2546677589416504, "v7": -0.51121896505355835 }, "geometry": { "type": "Point", "coordinates": [ -11.25, 73.308967831000018 ] } },
{ "type": "Feature", "properties": { "id": 965, "u1": 0.2873331606388092, "u7": -0.66413599252700806, "v1": -0.59533536434173584, "v7": -0.0039627077057957649 }, "geometry": { "type": "Point", "coordinates": [ -11.25, 67.596580831000011 ] } },
{ "type": "Feature", "properties": { "id": 966, "u1": 1.6886637210845947, "u7": -0.3732883632183075, "v1": 2.5379989147186279, "v7": 1.1985958814620972 }, "geometry": { "type": "Point", "coordinates": [ -11.25, 61.884193831 ] } },
{ "type": "Feature", "properties": { "id": 967, "u1": 5.1206645965576172, "u7": 2.9247887134552002, "v1": 5.0889978408813477, "v7": 1.5962706804275513 }, "geometry": { "type": "Point", "coordinates": [ -11.25, 56.171806831 ] } },
{ "type": "Feature", "properties": { "id": 968, "u1": 4.4509978294372559, "u7": 4.1362476348876953, "v1": 3.4526667594909668, "v7": 0.92230790853500366 }, "geometry": { "type": "Point", "coordinates": [ -11.25, 50.459419831 ] } },
{ "type": "Feature", "properties": { "id": 969, "u1": 3.4373316764831543, "u7": 1.5450295209884644, "v1": 1.6510009765625, "v7": -1.6134276390075684 }, "geometry": { "type": "Point", "coordinates": [ -11.25, 44.747032831 ] } },
{ "type": "Feature", "properties": { "id": 970, "u1": 0.74399924278259277, "u7": 1.3315685987472534, "v1": -0.84366863965988159, "v7": -6.7240877151489258 }, "geometry": { "type": "Point", "coordinates": [ -11.25, 39.034645831 ] } },
{ "type": "Feature", "properties": { "id": 971, "u1": -0.69300132989883423, "u7": -1.0846625566482544, "v1": -2.6750016212463379, "v7": -8.0882158279418945 }, "geometry": { "type": "Point", "coordinates": [ -11.25, 33.322258831 ] } },
{ "type": "Feature", "properties": { "id": 972, "u1": -1.5270019769668579, "u7": 1.4177964925765991, "v1": -1.4523360729217529, "v7": -7.2372536659240723 }, "geometry": { "type": "Point", "coordinates": [ -11.25, 27.609871831 ] } },
{ "type": "Feature", "properties": { "id": 973, "u1": -4.4556684494018555, "u7": -0.18212170898914337, "v1": -1.8313349485397339, "v7": -2.8790090084075928 }, "geometry": { "type": "Point", "coordinates": [ -11.25, 21.897484831 ] } },
{ "type": "Feature", "properties": { "id": 974, "u1": -2.9353346824645996, "u7": 2.0566599369049072, "v1": -2.623668909072876, "v7": 1.2572993040084839 }, "geometry": { "type": "Point", "coordinates": [ -11.25, 16.185097831 ] } },
{ "type": "Feature", "properties": { "id": 975, "u1": -1.2126673460006714, "u7": 1.5569901466369629, "v1": -1.1103347539901733, "v7": 1.4072651863098145 }, "geometry": { "type": "Point", "coordinates": [ -11.25, 10.472710831 ] } },
{ "type": "Feature", "properties": { "id": 976, "u1": 1.4016636610031128, "u7": 0.029188212007284164, "v1": 1.2359980344772339, "v7": 6.3244366645812988 }, "geometry": { "type": "Point", "coordinates": [ -11.25, 4.760323831000016 ] } },
{ "type": "Feature", "properties": { "id": 977, "u1": -1.8463348150253296, "u7": -4.0972757339477539, "v1": 4.3243312835693359, "v7": 4.9976849555969238 }, "geometry": { "type": "Point", "coordinates": [ -11.25, -0.952063169 ] } },
{ "type": "Feature", "properties": { "id": 978, "u1": -4.4013333320617676, "u7": -6.5324039459228516, "v1": 5.3323297500610352, "v7": 5.4237875938415527 }, "geometry": { "type": "Point", "coordinates": [ -11.25, -6.664450169 ] } },
{ "type": "Feature", "properties": { "id": 979, "u1": -5.8076677322387695, "u7": -7.6111807823181152, "v1": 3.6699986457824707, "v7": 4.0841970443725586 }, "geometry": { "type": "Point", "coordinates": [ -11.25, -12.376837168999989 ] } },
{ "type": "Feature", "properties": { "id": 980, "u1": -5.5003337860107422, "u7": -6.669532299041748, "v1": 2.2689993381500244, "v7": 2.3821194171905518 }, "geometry": { "type": "Point", "coordinates": [ -11.25, -18.089224168999984 ] } },
{ "type": "Feature", "properties": { "id": 981, "u1": -4.3153362274169922, "u7": -3.7926743030548096, "v1": 0.95866549015045166, "v7": 0.94617384672164917 }, "geometry": { "type": "Point", "coordinates": [ -11.25, -23.801611169 ] } },
{ "type": "Feature", "properties": { "id": 982, "u1": -1.0393351316452026, "u7": 1.1551522016525269, "v1": -0.207000732421875, "v7": -1.0302354097366333 }, "geometry": { "type": "Point", "coordinates": [ -11.25, -29.513998169 ] } },
{ "type": "Feature", "properties": { "id": 983, "u1": 2.4246668815612793, "u7": 4.5860681533813477, "v1": -1.096668004989624, "v7": -1.7340140342712402 }, "geometry": { "type": "Point", "coordinates": [ -11.25, -35.226385169 ] } },
{ "type": "Feature", "properties": { "id": 984, "u1": 5.9563326835632324, "u7": 6.5931315422058105, "v1": -1.581000804901123, "v7": -2.0838682651519775 }, "geometry": { "type": "Point", "coordinates": [ -11.25, -40.938772168999982 ] } },
{ "type": "Feature", "properties": { "id": 985, "u1": 8.5563316345214844, "u7": 7.3707270622253418, "v1": -2.5190017223358154, "v7": -2.0482971668243408 }, "geometry": { "type": "Point", "coordinates": [ -11.25, -46.651159168999989 ] } },
{ "type": "Feature", "properties": { "id": 986, "u1": 7.5819973945617676, "u7": 7.1773395538330078, "v1": -1.6740031242370605, "v7": -1.1688578128814697 }, "geometry": { "type": "Point", "coordinates": [ -11.25, -52.363546169 ] } },
{ "type": "Feature", "properties": { "id": 987, "u1": 4.2069988250732422, "u7": 4.1670780181884766, "v1": 0.29766592383384705, "v7": 0.6861572265625 }, "geometry": { "type": "Point", "coordinates": [ -11.25, -58.075933169 ] } },
{ "type": "Feature", "properties": { "id": 988, "u1": 1.1749979257583618, "u7": 3.4346575736999512, "v1": 1.5669993162155151, "v7": 0.67966854572296143 }, "geometry": { "type": "Point", "coordinates": [ -11.25, -63.788320168999981 ] } },
{ "type": "Feature", "properties": { "id": 989, "u1": -2.0943348407745361, "u7": -3.4684193134307861, "v1": 1.21099853515625, "v7": 1.1798640489578247 }, "geometry": { "type": "Point", "coordinates": [ -11.25, -69.50070716899998 ] } },
{ "type": "Feature", "properties": { "id": 990, "u1": -5.0753359794616699, "u7": -10.181789398193359, "v1": -2.0706665515899658, "v7": -2.9767184257507324 }, "geometry": { "type": "Point", "coordinates": [ -11.25, -75.213094168999987 ] } },
{ "type": "Feature", "properties": { "id": 991, "u1": -2.338001012802124, "u7": -7.5281157493591309, "v1": -4.9630022048950195, "v7": -8.7760171890258789 }, "geometry": { "type": "Point", "coordinates": [ -11.25, -80.925481168999966 ] } },
{ "type": "Feature", "properties": { "id": 992, "u1": -4.2913346290588379, "u7": -9.7640962600708008, "v1": -3.1520013809204102, "v7": -6.3696799278259277 }, "geometry": { "type": "Point", "coordinates": [ -11.25, -86.637868168999972 ] } },
{ "type": "Feature", "properties": { "id": 994, "u1": -0.32933503389358521, "u7": 0.90817630290985107, "v1": -1.894000768661499, "v7": 0.36871674656867981 }, "geometry": { "type": "Point", "coordinates": [ -5.625, 84.733741831 ] } },
{ "type": "Feature", "properties": { "id": 995, "u1": 0.079998776316642761, "u7": 0.5085105299949646, "v1": -6.820335865020752, "v7": -0.14752916991710663 }, "geometry": { "type": "Point", "coordinates": [ -5.625, 79.021354831000011 ] } },
{ "type": "Feature", "properties": { "id": 996, "u1": -0.24700266122817993, "u7": -0.22036117315292358, "v1": -4.6020016670227051, "v7": 0.069068886339664459 }, "geometry": { "type": "Point", "coordinates": [ -5.625, 73.308967831000018 ] } },
{ "type": "Feature", "properties": { "id": 997, "u1": 0.85533297061920166, "u7": -0.33526775240898132, "v1": 0.10899759829044342, "v7": 0.12024149298667908 }, "geometry": { "type": "Point", "coordinates": [ -5.625, 67.596580831000011 ] } },
{ "type": "Feature", "properties": { "id": 998, "u1": 2.3399984836578369, "u7": 0.22872807085514069, "v1": 3.0756652355194092, "v7": 1.1550548076629639 }, "geometry": { "type": "Point", "coordinates": [ -5.625, 61.884193831 ] } },
{ "type": "Feature", "properties": { "id": 999, "u1": 3.7153325080871582, "u7": 1.7318320274353027, "v1": 4.6693315505981445, "v7": 1.3054078817367554 }, "geometry": { "type": "Point", "coordinates": [ -5.625, 56.171806831 ] } },
{ "type": "Feature", "properties": { "id": 1000, "u1": 3.2833313941955566, "u7": 3.6425662040710449, "v1": 2.6896646022796631, "v7": 1.1957732439041138 }, "geometry": { "type": "Point", "coordinates": [ -5.625, 50.459419831 ] } },
{ "type": "Feature", "properties": { "id": 1001, "u1": 3.6713311672210693, "u7": 0.24600198864936829, "v1": 2.0779998302459717, "v7": -2.723320484161377 }, "geometry": { "type": "Point", "coordinates": [ -5.625, 44.747032831 ] } },
{ "type": "Feature", "properties": { "id": 1002, "u1": -0.34800007939338684, "u7": 2.1247868537902832, "v1": -0.1870015412569046, "v7": -0.89123058319091797 }, "geometry": { "type": "Point", "coordinates": [ -5.625, 39.034645831 ] } },
{ "type": "Feature", "properties": { "id": 1003, "u1": 0.52533161640167236, "u7": 0.49742689728736877, "v1": 0.3889974057674408, "v7": -3.5852022171020508 }, "geometry": { "type": "Point", "coordinates": [ -5.625, 33.322258831 ] } },
{ "type": "Feature", "properties": { "id": 1004, "u1": -2.0346670150756836, "u7": -0.25173339247703552, "v1": -1.7376683950424194, "v7": -0.29990261793136597 }, "geometry": { "type": "Point", "coordinates": [ -5.625, 27.609871831 ] } },
{ "type": "Feature", "properties": { "id": 1005, "u1": -3.054999828338623, "u7": 0.3756544291973114, "v1": -2.8373346328735352, "v7": -1.1136740446090698 }, "geometry": { "type": "Point", "coordinates": [ -5.625, 21.897484831 ] } },
{ "type": "Feature", "properties": { "id": 1006, "u1": -2.5753352642059326, "u7": 2.0994083881378174, "v1": -3.5480031967163086, "v7": 1.3293136358261108 }, "geometry": { "type": "Point", "coordinates": [ -5.625, 16.185097831 ] } },
{ "type": "Feature", "properties": { "id": 1007, "u1": -1.6003352403640747, "u7": 1.351983904838562, "v1": -2.2893335819244385, "v7": 2.150200366973877 }, "geometry": { "type": "Point", "coordinates": [ -5.625, 10.472710831 ] } },
{ "type": "Feature", "properties": { "id": 1008, "u1": 0.92733204364776611, "u7": 1.8554528951644897, "v1": 1.7403315305709839, "v7": 4.1261277198791504 }, "geometry": { "type": "Point", "coordinates": [ -5.625, 4.760323831000016 ] } },
{ "type": "Feature", "properties": { "id": 1009, "u1": -0.54466855525970459, "u7": -3.2828443050384521, "v1": 4.2953310012817383, "v7": 5.8981237411499023 }, "geometry": { "type": "Point", "coordinates": [ -5.625, -0.952063169 ] } },
{ "type": "Feature", "properties": { "id": 1010, "u1": -3.2423346042633057, "u7": -5.6969528198242188, "v1": 5.5339984893798828, "v7": 5.876823902130127 }, "geometry": { "type": "Point", "coordinates": [ -5.625, -6.664450169 ] } },
{ "type": "Feature", "properties": { "id": 1011, "u1": -4.7823343276977539, "u7": -6.5871729850769043, "v1": 4.461998462677002, "v7": 4.9346284866333008 }, "geometry": { "type": "Point", "coordinates": [ -5.625, -12.376837168999989 ] } },
{ "type": "Feature", "properties": { "id": 1012, "u1": -5.0473337173461914, "u7": -6.2186570167541504, "v1": 3.3313324451446533, "v7": 3.1905977725982666 }, "geometry": { "type": "Point", "coordinates": [ -5.625, -18.089224168999984 ] } },
{ "type": "Feature", "properties": { "id": 1013, "u1": -4.6836671829223633, "u7": -4.0487542152404785, "v1": 1.9326654672622681, "v7": 2.0149486064910889 }, "geometry": { "type": "Point", "coordinates": [ -5.625, -23.801611169 ] } },
{ "type": "Feature", "properties": { "id": 1014, "u1": -1.5199991464614868, "u7": 0.63588356971740723, "v1": 0.59699910879135132, "v7": -0.32976481318473816 }, "geometry": { "type": "Point", "coordinates": [ -5.625, -29.513998169 ] } },
{ "type": "Feature", "properties": { "id": 1015, "u1": 2.7376642227172852, "u7": 4.8584189414978027, "v1": -0.56633454561233521, "v7": -1.5340746641159058 }, "geometry": { "type": "Point", "coordinates": [ -5.625, -35.226385169 ] } },
{ "type": "Feature", "properties": { "id": 1016, "u1": 6.3786640167236328, "u7": 6.7933430671691895, "v1": -1.669334888458252, "v7": -2.1863913536071777 }, "geometry": { "type": "Point", "coordinates": [ -5.625, -40.938772168999982 ] } },
{ "type": "Feature", "properties": { "id": 1017, "u1": 9.03399658203125, "u7": 7.8632111549377441, "v1": -2.3063344955444336, "v7": -2.0630552768707275 }, "geometry": { "type": "Point", "coordinates": [ -5.625, -46.651159168999989 ] } },
{ "type": "Feature", "properties": { "id": 1018, "u1": 7.9716634750366211, "u7": 7.5147089958190918, "v1": -1.7600001096725464, "v7": -1.6828831434249878 }, "geometry": { "type": "Point", "coordinates": [ -5.625, -52.363546169 ] } },
{ "type": "Feature", "properties": { "id": 1019, "u1": 4.555330753326416, "u7": 4.6501407623291016, "v1": 0.32266387343406677, "v7": 0.6024930477142334 }, "geometry": { "type": "Point", "coordinates": [ -5.625, -58.075933169 ] } },
{ "type": "Feature", "properties": { "id": 1020, "u1": 1.1866652965545654, "u7": 3.5146307945251465, "v1": 1.8023331165313721, "v7": 0.61556065082550049 }, "geometry": { "type": "Point", "coordinates": [ -5.625, -63.788320168999981 ] } },
{ "type": "Feature", "properties": { "id": 1021, "u1": -3.2030019760131836, "u7": -5.7745141983032227, "v1": 1.1429992914199829, "v7": 1.5974098443984985 }, "geometry": { "type": "Point", "coordinates": [ -5.625, -69.50070716899998 ] } },
{ "type": "Feature", "properties": { "id": 1022, "u1": -5.4953351020812988, "u7": -10.042550086975098, "v1": -1.9063339233398438, "v7": -1.8026145696640015 }, "geometry": { "type": "Point", "coordinates": [ -5.625, -75.213094168999987 ] } },
{ "type": "Feature", "properties": { "id": 1023, "u1": -1.5500015020370483, "u7": -6.0783772468566895, "v1": -4.9803338050842285, "v7": -8.9497928619384766 }, "geometry": { "type": "Point", "coordinates": [ -5.625, -80.925481168999966 ] } },
{ "type": "Feature", "properties": { "id": 1024, "u1": -3.6970021724700928, "u7": -8.6387834548950195, "v1": -3.469001293182373, "v7": -7.2399897575378418 }, "geometry": { "type": "Point", "coordinates": [ -5.625, -86.637868168999972 ] } },
{ "type": "Feature", "properties": { "id": 1026, "u1": -0.81866812705993652, "u7": 0.86239403486251831, "v1": -1.8956680297851562, "v7": 0.47253939509391785 }, "geometry": { "type": "Point", "coordinates": [ 0.0, 84.733741831 ] } },
{ "type": "Feature", "properties": { "id": 1027, "u1": -1.7246688604354858, "u7": 0.39918544888496399, "v1": -5.9606680870056152, "v7": 0.37250450253486633 }, "geometry": { "type": "Point", "coordinates": [ 0.0, 79.021354831000011 ] } },
{ "type": "Feature", "properties": { "id": 1028, "u1": -0.2560018002986908, "u7": 0.091299533843994141, "v1": -2.3736684322357178, "v7": -0.078226484358310699 }, "geometry": { "type": "Point", "coordinates": [ 0.0, 73.308967831000018 ] } },
{ "type": "Feature", "properties": { "id": 1029, "u1": 1.8216654062271118, "u7": -0.26074030995368958, "v1": 0.01266428641974926, "v7": 0.078860387206077576 }, "geometry": { "type": "Point", "coordinates": [ 0.0, 67.596580831000011 ] } },
{ "type": "Feature", "properties": { "id": 1030, "u1": 3.3596653938293457, "u7": 0.66107714176177979, "v1": 4.0863323211669922, "v7": 1.0087214708328247 }, "geometry": { "type": "Point", "coordinates": [ 0.0, 61.884193831 ] } },
{ "type": "Feature", "properties": { "id": 1031, "u1": 5.1326651573181152, "u7": 1.6907981634140015, "v1": 3.5879979133605957, "v7": 1.2252535820007324 }, "geometry": { "type": "Point", "coordinates": [ 0.0, 56.171806831 ] } },
{ "type": "Feature", "properties": { "id": 1032, "u1": 2.8589985370635986, "u7": 2.6393892765045166, "v1": 3.0873305797576904, "v7": 0.34388807415962219 }, "geometry": { "type": "Point", "coordinates": [ 0.0, 50.459419831 ] } },
{ "type": "Feature", "properties": { "id": 1033, "u1": 1.7956650257110596, "u7": 0.72307461500167847, "v1": 1.062999963760376, "v7": -1.4791083335876465 }, "geometry": { "type": "Point", "coordinates": [ 0.0, 44.747032831 ] } },
{ "type": "Feature", "properties": { "id": 1034, "u1": 2.0226647853851318, "u7": -3.5042111873626709, "v1": -3.2080011367797852, "v7": 1.7955578565597534 }, "geometry": { "type": "Point", "coordinates": [ 0.0, 39.034645831 ] } },
{ "type": "Feature", "properties": { "id": 1035, "u1": 1.2059987783432007, "u7": -1.5464386940002441, "v1": -0.14366760849952698, "v7": -0.66765153408050537 }, "geometry": { "type": "Point", "coordinates": [ 0.0, 33.322258831 ] } },
{ "type": "Feature", "properties": { "id": 1036, "u1": -2.1130020618438721, "u7": -3.3056130409240723, "v1": -2.4786677360534668, "v7": -1.2196325063705444 }, "geometry": { "type": "Point", "coordinates": [ 0.0, 27.609871831 ] } },
{ "type": "Feature", "properties": { "id": 1037, "u1": -1.4296691417694092, "u7": 0.61842638254165649, "v1": -2.4936680793762207, "v7": -0.572346031665802 }, "geometry": { "type": "Point", "coordinates": [ 0.0, 21.897484831 ] } },
{ "type": "Feature", "properties": { "id": 1038, "u1": -2.6653339862823486, "u7": 2.0891299247741699, "v1": -2.9320018291473389, "v7": 2.551267147064209 }, "geometry": { "type": "Point", "coordinates": [ 0.0, 16.185097831 ] } },
{ "type": "Feature", "properties": { "id": 1039, "u1": -0.92566734552383423, "u7": 0.86250370740890503, "v1": -1.5443339347839355, "v7": 2.2465026378631592 }, "geometry": { "type": "Point", "coordinates": [ 0.0, 10.472710831 ] } },
{ "type": "Feature", "properties": { "id": 1040, "u1": 2.0696671009063721, "u7": 2.4913678169250488, "v1": 1.7713313102722168, "v7": 3.8931910991668701 }, "geometry": { "type": "Point", "coordinates": [ 0.0, 4.760323831000016 ] } },
{ "type": "Feature", "properties": { "id": 1041, "u1": 0.76333361864089966, "u7": -1.9189827442169189, "v1": 3.2266652584075928, "v7": 6.0866541862487793 }, "geometry": { "type": "Point", "coordinates": [ 0.0, -0.952063169 ] } },
{ "type": "Feature", "properties": { "id": 1042, "u1": -1.9103348255157471, "u7": -4.117466926574707, "v1": 5.6429986953735352, "v7": 6.0310602188110352 }, "geometry": { "type": "Point", "coordinates": [ 0.0, -6.664450169 ] } },
{ "type": "Feature", "properties": { "id": 1043, "u1": -3.3706674575805664, "u7": -5.0314526557922363, "v1": 4.8763318061828613, "v7": 5.715907096862793 }, "geometry": { "type": "Point", "coordinates": [ 0.0, -12.376837168999989 ] } },
{ "type": "Feature", "properties": { "id": 1044, "u1": -4.5106682777404785, "u7": -5.708855152130127, "v1": 4.5739974975585938, "v7": 4.4361553192138672 }, "geometry": { "type": "Point", "coordinates": [ 0.0, -18.089224168999984 ] } },
{ "type": "Feature", "properties": { "id": 1045, "u1": -4.5576686859130859, "u7": -4.0869889259338379, "v1": 3.9116654396057129, "v7": 3.0382773876190186 }, "geometry": { "type": "Point", "coordinates": [ 0.0, -23.801611169 ] } },
{ "type": "Feature", "properties": { "id": 1046, "u1": -2.0156667232513428, "u7": 0.058352626860141754, "v1": 2.1146652698516846, "v7": 0.81378185749053955 }, "geometry": { "type": "Point", "coordinates": [ 0.0, -29.513998169 ] } },
{ "type": "Feature", "properties": { "id": 1047, "u1": 2.7629978656768799, "u7": 4.8095273971557617, "v1": 0.26566618680953979, "v7": -1.242051362991333 }, "geometry": { "type": "Point", "coordinates": [ 0.0, -35.226385169 ] } },
{ "type": "Feature", "properties": { "id": 1048, "u1": 6.6889972686767578, "u7": 7.0375871658325195, "v1": -1.4420018196105957, "v7": -2.2834584712982178 }, "geometry": { "type": "Point", "coordinates": [ 0.0, -40.938772168999982 ] } },
{ "type": "Feature", "properties": { "id": 1049, "u1": 9.4839982986450195, "u7": 8.3746557235717773, "v1": -2.1920008659362793, "v7": -1.9593724012374878 }, "geometry": { "type": "Point", "coordinates": [ 0.0, -46.651159168999989 ] } },
{ "type": "Feature", "properties": { "id": 1050, "u1": 8.4023303985595703, "u7": 8.3293981552124023, "v1": -1.6330012083053589, "v7": -1.3858509063720703 }, "geometry": { "type": "Point", "coordinates": [ 0.0, -52.363546169 ] } },
{ "type": "Feature", "properties": { "id": 1051, "u1": 4.641664981842041, "u7": 5.2220005989074707, "v1": 0.071332298219203949, "v7": 0.64467108249664307 }, "geometry": { "type": "Point", "coordinates": [ 0.0, -58.075933169 ] } },
{ "type": "Feature", "properties": { "id": 1052, "u1": 1.0360000133514404, "u7": 3.5069501399993896, "v1": 1.6883316040039062, "v7": 0.52263611555099487 }, "geometry": { "type": "Point", "coordinates": [ 0.0, -63.788320168999981 ] } },
{ "type": "Feature", "properties": { "id": 1053, "u1": -4.4510030746459961, "u7": -7.8332118988037109, "v1": 0.94766592979431152, "v7": 2.1649825572967529 }, "geometry": { "type": "Point", "coordinates": [ 0.0, -69.50070716899998 ] } },
{ "type": "Feature", "properties": { "id": 1054, "u1": -5.2610030174255371, "u7": -9.3168725967407227, "v1": -1.6306681632995605, "v7": -1.0594885349273682 }, "geometry": { "type": "Point", "coordinates": [ 0.0, -75.213094168999987 ] } },
{ "type": "Feature", "properties": { "id": 1055, "u1": -0.72200214862823486, "u7": -4.4716286659240723, "v1": -4.6820015907287598, "v7": -8.6313409805297852 }, "geometry": { "type": "Point", "coordinates": [ 0.0, -80.925481168999966 ] } },
{ "type": "Feature", "properties": { "id": 1056, "u1": -3.0646672248840332, "u7": -7.3931245803833008, "v1": -3.6723341941833496, "v7": -7.8835034370422363 }, "geometry": { "type": "Point", "coordinates": [ 0.0, -86.637868168999972 ] } },
{ "type": "Feature", "properties": { "id": 1058, "u1": -1.297333836555481, "u7": 0.87827605009078979, "v1": -1.7753341197967529, "v7": 0.54976576566696167 }, "geometry": { "type": "Point", "coordinates": [ 5.625, 84.733741831 ] } },
{ "type": "Feature", "properties": { "id": 1059, "u1": -3.4096674919128418, "u7": 0.3421771228313446, "v1": -3.7060017585754395, "v7": 0.66288548707962036 }, "geometry": { "type": "Point", "coordinates": [ 5.625, 79.021354831000011 ] } },
{ "type": "Feature", "properties": { "id": 1060, "u1": -0.61066895723342896, "u7": 0.12122131884098053, "v1": -1.2033330202102661, "v7": -0.23235203325748444 }, "geometry": { "type": "Point", "coordinates": [ 5.625, 73.308967831000018 ] } },
{ "type": "Feature", "properties": { "id": 1061, "u1": 2.2563319206237793, "u7": 0.124123714864254, "v1": 1.4079971313476562, "v7": 0.018682043999433517 }, "geometry": { "type": "Point", "coordinates": [ 5.625, 67.596580831000011 ] } },
{ "type": "Feature", "properties": { "id": 1062, "u1": 2.3966648578643799, "u7": 1.1100616455078125, "v1": 5.8259978294372559, "v7": 0.10522913187742233 }, "geometry": { "type": "Point", "coordinates": [ 5.625, 61.884193831 ] } },
{ "type": "Feature", "properties": { "id": 1063, "u1": 3.5246663093566895, "u7": 3.0064558982849121, "v1": 3.2309978008270264, "v7": -0.038265213370323181 }, "geometry": { "type": "Point", "coordinates": [ 5.625, 56.171806831 ] } },
{ "type": "Feature", "properties": { "id": 1064, "u1": 2.5019979476928711, "u7": 1.3190501928329468, "v1": 3.5643310546875, "v7": -0.0047676544636487961 }, "geometry": { "type": "Point", "coordinates": [ 5.625, 50.459419831 ] } },
{ "type": "Feature", "properties": { "id": 1065, "u1": -0.40400034189224243, "u7": 0.84085953235626221, "v1": -1.0153340101242065, "v7": -1.1131365299224854 }, "geometry": { "type": "Point", "coordinates": [ 5.625, 44.747032831 ] } },
{ "type": "Feature", "properties": { "id": 1066, "u1": 2.9436659812927246, "u7": -0.081802353262901306, "v1": -1.638335108757019, "v7": -1.4988467693328857 }, "geometry": { "type": "Point", "coordinates": [ 5.625, 39.034645831 ] } },
{ "type": "Feature", "properties": { "id": 1067, "u1": 1.2523325681686401, "u7": -2.31268310546875, "v1": -0.02599894255399704, "v7": -0.016933441162109375 }, "geometry": { "type": "Point", "coordinates": [ 5.625, 33.322258831 ] } },
{ "type": "Feature", "properties": { "id": 1068, "u1": -1.448332667350769, "u7": -4.0330357551574707, "v1": -0.2206675261259079, "v7": -1.1599280834197998 }, "geometry": { "type": "Point", "coordinates": [ 5.625, 27.609871831 ] } },
{ "type": "Feature", "properties": { "id": 1069, "u1": -2.5126683712005615, "u7": -2.2062003612518311, "v1": -0.13066813349723816, "v7": 0.88799124956130981 }, "geometry": { "type": "Point", "coordinates": [ 5.625, 21.897484831 ] } },
{ "type": "Feature", "properties": { "id": 1070, "u1": -3.5579996109008789, "u7": 2.3136284351348877, "v1": -2.6916682720184326, "v7": 1.7326949834823608 }, "geometry": { "type": "Point", "coordinates": [ 5.625, 16.185097831 ] } },
{ "type": "Feature", "properties": { "id": 1071, "u1": -1.4580012559890747, "u7": 1.1704127788543701, "v1": -0.98966723680496216, "v7": 2.28914475440979 }, "geometry": { "type": "Point", "coordinates": [ 5.625, 10.472710831 ] } },
{ "type": "Feature", "properties": { "id": 1072, "u1": 1.4893330335617065, "u7": 1.9808545112609863, "v1": 1.0943318605422974, "v7": 3.59102463722229 }, "geometry": { "type": "Point", "coordinates": [ 5.625, 4.760323831000016 ] } },
{ "type": "Feature", "properties": { "id": 1073, "u1": 1.5713317394256592, "u7": -0.21715407073497772, "v1": 2.0566644668579102, "v7": 6.0067577362060547 }, "geometry": { "type": "Point", "coordinates": [ 5.625, -0.952063169 ] } },
{ "type": "Feature", "properties": { "id": 1074, "u1": -0.10700175166130066, "u7": -1.7705038785934448, "v1": 5.0596637725830078, "v7": 5.3235082626342773 }, "geometry": { "type": "Point", "coordinates": [ 5.625, -6.664450169 ] } },
{ "type": "Feature", "properties": { "id": 1075, "u1": -1.2570006847381592, "u7": -2.407905101776123, "v1": 5.6883306503295898, "v7": 6.7219767570495605 }, "geometry": { "type": "Point", "coordinates": [ 5.625, -12.376837168999989 ] } },
{ "type": "Feature", "properties": { "id": 1076, "u1": -3.2106673717498779, "u7": -4.1963376998901367, "v1": 5.9009995460510254, "v7": 6.5781488418579102 }, "geometry": { "type": "Point", "coordinates": [ 5.625, -18.089224168999984 ] } },
{ "type": "Feature", "properties": { "id": 1077, "u1": -3.6730015277862549, "u7": -4.1494417190551758, "v1": 6.059330940246582, "v7": 4.8076090812683105 }, "geometry": { "type": "Point", "coordinates": [ 5.625, -23.801611169 ] } },
{ "type": "Feature", "properties": { "id": 1078, "u1": -2.2063343524932861, "u7": -0.65170323848724365, "v1": 4.645665168762207, "v7": 2.0425233840942383 }, "geometry": { "type": "Point", "coordinates": [ 5.625, -29.513998169 ] } },
{ "type": "Feature", "properties": { "id": 1079, "u1": 2.2363317012786865, "u7": 4.2345170974731445, "v1": 1.5956665277481079, "v7": -0.52657264471054077 }, "geometry": { "type": "Point", "coordinates": [ 5.625, -35.226385169 ] } },
{ "type": "Feature", "properties": { "id": 1080, "u1": 6.6006641387939453, "u7": 7.1805143356323242, "v1": -1.0476669073104858, "v7": -2.344038724899292 }, "geometry": { "type": "Point", "coordinates": [ 5.625, -40.938772168999982 ] } },
{ "type": "Feature", "properties": { "id": 1081, "u1": 9.34466552734375, "u7": 8.4226436614990234, "v1": -2.4206674098968506, "v7": -2.2464797496795654 }, "geometry": { "type": "Point", "coordinates": [ 5.625, -46.651159168999989 ] } },
{ "type": "Feature", "properties": { "id": 1082, "u1": 8.6659975051879883, "u7": 8.8732767105102539, "v1": -2.1433343887329102, "v7": -1.5816279649734497 }, "geometry": { "type": "Point", "coordinates": [ 5.625, -52.363546169 ] } },
{ "type": "Feature", "properties": { "id": 1083, "u1": 4.7513318061828613, "u7": 5.5314993858337402, "v1": -0.43500009179115295, "v7": 0.29043775796890259 }, "geometry": { "type": "Point", "coordinates": [ 5.625, -58.075933169 ] } },
{ "type": "Feature", "properties": { "id": 1084, "u1": 0.81966453790664673, "u7": 3.3096861839294434, "v1": 1.2273315191268921, "v7": 0.52629268169403076 }, "geometry": { "type": "Point", "coordinates": [ 5.625, -63.788320168999981 ] } },
{ "type": "Feature", "properties": { "id": 1085, "u1": -5.7676668167114258, "u7": -9.2701387405395508, "v1": 1.3013321161270142, "v7": 3.2103450298309326 }, "geometry": { "type": "Point", "coordinates": [ 5.625, -69.50070716899998 ] } },
{ "type": "Feature", "properties": { "id": 1086, "u1": -4.6876668930053711, "u7": -8.2026214599609375, "v1": -1.0216679573059082, "v7": -0.34808880090713501 }, "geometry": { "type": "Point", "coordinates": [ 5.625, -75.213094168999987 ] } },
{ "type": "Feature", "properties": { "id": 1087, "u1": 0.01166483573615551, "u7": -3.0188295841217041, "v1": -4.1463336944580078, "v7": -7.8967657089233398 }, "geometry": { "type": "Point", "coordinates": [ 5.625, -80.925481168999966 ] } },
{ "type": "Feature", "properties": { "id": 1088, "u1": -2.4200012683868408, "u7": -6.0787897109985352, "v1": -3.7610015869140625, "v7": -8.2967815399169922 }, "geometry": { "type": "Point", "coordinates": [ 5.625, -86.637868168999972 ] } },
{ "type": "Feature", "properties": { "id": 1090, "u1": -1.7213332653045654, "u7": 0.94463402032852173, "v1": -1.5506678819656372, "v7": 0.57894408702850342 }, "geometry": { "type": "Point", "coordinates": [ 11.25, 84.733741831 ] } },
{ "type": "Feature", "properties": { "id": 1091, "u1": -4.2093329429626465, "u7": 0.34955823421478271, "v1": -1.3136672973632812, "v7": 0.74063366651535034 }, "geometry": { "type": "Point", "coordinates": [ 11.25, 79.021354831000011 ] } },
{ "type": "Feature", "properties": { "id": 1092, "u1": -1.2056680917739868, "u7": -0.060323473066091537, "v1": -0.68033444881439209, "v7": -0.17460593581199646 }, "geometry": { "type": "Point", "coordinates": [ 11.25, 73.308967831000018 ] } },
{ "type": "Feature", "properties": { "id": 1093, "u1": 1.5533305406570435, "u7": 0.64868777990341187, "v1": 4.2636656761169434, "v7": -0.45984619855880737 }, "geometry": { "type": "Point", "coordinates": [ 11.25, 67.596580831000011 ] } },
{ "type": "Feature", "properties": { "id": 1094, "u1": 1.7323334217071533, "u7": 0.83696573972702026, "v1": 3.5126643180847168, "v7": -0.25240457057952881 }, "geometry": { "type": "Point", "coordinates": [ 11.25, 61.884193831 ] } },
{ "type": "Feature", "properties": { "id": 1095, "u1": 2.2469980716705322, "u7": 2.8806211948394775, "v1": 2.9083313941955566, "v7": 0.40952497720718384 }, "geometry": { "type": "Point", "coordinates": [ 11.25, 56.171806831 ] } },
{ "type": "Feature", "properties": { "id": 1096, "u1": 3.698997974395752, "u7": 1.6139682531356812, "v1": 2.6460001468658447, "v7": 0.12367620319128036 }, "geometry": { "type": "Point", "coordinates": [ 11.25, 50.459419831 ] } },
{ "type": "Feature", "properties": { "id": 1097, "u1": -1.2623322010040283, "u7": -0.28938239812850952, "v1": -1.3786686658859253, "v7": -0.17979900538921356 }, "geometry": { "type": "Point", "coordinates": [ 11.25, 44.747032831 ] } },
{ "type": "Feature", "properties": { "id": 1098, "u1": 2.7586655616760254, "u7": 2.70052170753479, "v1": -0.98233437538146973, "v7": -0.7864641547203064 }, "geometry": { "type": "Point", "coordinates": [ 11.25, 39.034645831 ] } },
{ "type": "Feature", "properties": { "id": 1099, "u1": 2.6313319206237793, "u7": -3.7324120998382568, "v1": -0.38566690683364868, "v7": -1.0573093891143799 }, "geometry": { "type": "Point", "coordinates": [ 11.25, 33.322258831 ] } },
{ "type": "Feature", "properties": { "id": 1100, "u1": -0.15500132739543915, "u7": -3.3273899555206299, "v1": 0.25766602158546448, "v7": -0.50871133804321289 }, "geometry": { "type": "Point", "coordinates": [ 11.25, 27.609871831 ] } },
{ "type": "Feature", "properties": { "id": 1101, "u1": -2.2826676368713379, "u7": -3.2532780170440674, "v1": -1.6953328847885132, "v7": -1.6303317546844482 }, "geometry": { "type": "Point", "coordinates": [ 11.25, 21.897484831 ] } },
{ "type": "Feature", "properties": { "id": 1102, "u1": -2.5453348159790039, "u7": 1.5000811815261841, "v1": -3.4050002098083496, "v7": 0.49987024068832397 }, "geometry": { "type": "Point", "coordinates": [ 11.25, 16.185097831 ] } },
{ "type": "Feature", "properties": { "id": 1103, "u1": -1.3446691036224365, "u7": 2.1218891143798828, "v1": -2.1140015125274658, "v7": 2.0021309852600098 }, "geometry": { "type": "Point", "coordinates": [ 11.25, 10.472710831 ] } },
{ "type": "Feature", "properties": { "id": 1104, "u1": 0.46533203125, "u7": 1.2077783346176147, "v1": -0.23966775834560394, "v7": 0.66194570064544678 }, "geometry": { "type": "Point", "coordinates": [ 11.25, 4.760323831000016 ] } },
{ "type": "Feature", "properties": { "id": 1105, "u1": 0.70766603946685791, "u7": 1.0253400802612305, "v1": 0.15033213794231415, "v7": 0.85225701332092285 }, "geometry": { "type": "Point", "coordinates": [ 11.25, -0.952063169 ] } },
{ "type": "Feature", "properties": { "id": 1106, "u1": 1.1346648931503296, "u7": 2.016057014465332, "v1": 2.4756667613983154, "v7": 4.2989091873168945 }, "geometry": { "type": "Point", "coordinates": [ 11.25, -6.664450169 ] } },
{ "type": "Feature", "properties": { "id": 1107, "u1": 2.4409987926483154, "u7": 1.1748512983322144, "v1": 3.2103316783905029, "v7": 4.0328912734985352 }, "geometry": { "type": "Point", "coordinates": [ 11.25, -12.376837168999989 ] } },
{ "type": "Feature", "properties": { "id": 1108, "u1": 1.5249984264373779, "u7": -1.3265601396560669, "v1": 6.0843319892883301, "v7": 5.2061061859130859 }, "geometry": { "type": "Point", "coordinates": [ 11.25, -18.089224168999984 ] } },
{ "type": "Feature", "properties": { "id": 1109, "u1": -1.748333215713501, "u7": -3.0408072471618652, "v1": 8.870330810546875, "v7": 6.085014820098877 }, "geometry": { "type": "Point", "coordinates": [ 11.25, -23.801611169 ] } },
{ "type": "Feature", "properties": { "id": 1110, "u1": -2.6340012550354004, "u7": -1.5454750061035156, "v1": 6.7746648788452148, "v7": 3.8082451820373535 }, "geometry": { "type": "Point", "coordinates": [ 11.25, -29.513998169 ] } },
{ "type": "Feature", "properties": { "id": 1111, "u1": 1.5009989738464355, "u7": 3.7095115184783936, "v1": 4.1563324928283691, "v7": 0.85749000310897827 }, "geometry": { "type": "Point", "coordinates": [ 11.25, -35.226385169 ] } },
{ "type": "Feature", "properties": { "id": 1112, "u1": 6.6266641616821289, "u7": 7.3587026596069336, "v1": -0.010334777645766735, "v7": -1.4773468971252441 }, "geometry": { "type": "Point", "coordinates": [ 11.25, -40.938772168999982 ] } },
{ "type": "Feature", "properties": { "id": 1113, "u1": 9.1976642608642578, "u7": 8.8921709060668945, "v1": -2.5926697254180908, "v7": -2.6298420429229736 }, "geometry": { "type": "Point", "coordinates": [ 11.25, -46.651159168999989 ] } },
{ "type": "Feature", "properties": { "id": 1114, "u1": 8.3713312149047852, "u7": 9.001922607421875, "v1": -2.8399994373321533, "v7": -2.022679328918457 }, "geometry": { "type": "Point", "coordinates": [ 11.25, -52.363546169 ] } },
{ "type": "Feature", "properties": { "id": 1115, "u1": 4.7983307838439941, "u7": 6.1349196434020996, "v1": -1.1526682376861572, "v7": -0.048213381320238113 }, "geometry": { "type": "Point", "coordinates": [ 11.25, -58.075933169 ] } },
{ "type": "Feature", "properties": { "id": 1116, "u1": 0.59633380174636841, "u7": 2.8763442039489746, "v1": 0.69166409969329834, "v7": 0.3336891233921051 }, "geometry": { "type": "Point", "coordinates": [ 11.25, -63.788320168999981 ] } },
{ "type": "Feature", "properties": { "id": 1117, "u1": -6.3229999542236328, "u7": -9.903294563293457, "v1": 1.9829992055892944, "v7": 4.7804989814758301 }, "geometry": { "type": "Point", "coordinates": [ 11.25, -69.50070716899998 ] } },
{ "type": "Feature", "properties": { "id": 1118, "u1": -4.2306675910949707, "u7": -6.9838705062866211, "v1": -0.045334372669458389, "v7": 0.96982449293136597 }, "geometry": { "type": "Point", "coordinates": [ 11.25, -75.213094168999987 ] } },
{ "type": "Feature", "properties": { "id": 1119, "u1": 0.56866556406021118, "u7": -1.9371351003646851, "v1": -3.4563338756561279, "v7": -6.8804230690002441 }, "geometry": { "type": "Point", "coordinates": [ 11.25, -80.925481168999966 ] } },
{ "type": "Feature", "properties": { "id": 1120, "u1": -1.7843338251113892, "u7": -4.7404232025146484, "v1": -3.7446675300598145, "v7": -8.4865703582763672 }, "geometry": { "type": "Point", "coordinates": [ 11.25, -86.637868168999972 ] } },
{ "type": "Feature", "properties": { "id": 1122, "u1": -2.0650019645690918, "u7": 1.0482620000839233, "v1": -1.2440022230148315, "v7": 0.55530393123626709 }, "geometry": { "type": "Point", "coordinates": [ 16.875, 84.733741831 ] } },
{ "type": "Feature", "properties": { "id": 1123, "u1": -3.7496688365936279, "u7": 0.48702481389045715, "v1": 0.082331851124763489, "v7": 0.62917673587799072 }, "geometry": { "type": "Point", "coordinates": [ 16.875, 79.021354831000011 ] } },
{ "type": "Feature", "properties": { "id": 1124, "u1": -1.5166686773300171, "u7": -0.2240140289068222, "v1": -0.30600178241729736, "v7": -0.14873726665973663 }, "geometry": { "type": "Point", "coordinates": [ 16.875, 73.308967831000018 ] } },
{ "type": "Feature", "properties": { "id": 1125, "u1": 1.057330846786499, "u7": 0.37930816411972046, "v1": 4.0236654281616211, "v7": -0.51790940761566162 }, "geometry": { "type": "Point", "coordinates": [ 16.875, 67.596580831000011 ] } },
{ "type": "Feature", "properties": { "id": 1126, "u1": 2.2049996852874756, "u7": 0.47767937183380127, "v1": 0.65266573429107666, "v7": 0.60385876893997192 }, "geometry": { "type": "Point", "coordinates": [ 16.875, 61.884193831 ] } },
{ "type": "Feature", "properties": { "id": 1127, "u1": 3.6413319110870361, "u7": 1.6699932813644409, "v1": 2.6986653804779053, "v7": 0.8101646900177002 }, "geometry": { "type": "Point", "coordinates": [ 16.875, 56.171806831 ] } },
{ "type": "Feature", "properties": { "id": 1128, "u1": 2.9546639919281006, "u7": 1.26746666431427, "v1": 1.6929997205734253, "v7": -0.38195335865020752 }, "geometry": { "type": "Point", "coordinates": [ 16.875, 50.459419831 ] } },
{ "type": "Feature", "properties": { "id": 1129, "u1": -0.79333442449569702, "u7": -0.15816996991634369, "v1": -0.73333537578582764, "v7": -0.77705931663513184 }, "geometry": { "type": "Point", "coordinates": [ 16.875, 44.747032831 ] } },
{ "type": "Feature", "properties": { "id": 1130, "u1": 0.35633137822151184, "u7": 1.8309208154678345, "v1": -0.09900105744600296, "v7": -2.8206009864807129 }, "geometry": { "type": "Point", "coordinates": [ 16.875, 39.034645831 ] } },
{ "type": "Feature", "properties": { "id": 1131, "u1": 3.0653314590454102, "u7": 0.36169824004173279, "v1": -1.1426692008972168, "v7": -2.9747488498687744 }, "geometry": { "type": "Point", "coordinates": [ 16.875, 33.322258831 ] } },
{ "type": "Feature", "properties": { "id": 1132, "u1": 0.94566547870635986, "u7": -2.1995308399200439, "v1": 0.29966583847999573, "v7": -2.5587918758392334 }, "geometry": { "type": "Point", "coordinates": [ 16.875, 27.609871831 ] } },
{ "type": "Feature", "properties": { "id": 1133, "u1": -3.0346674919128418, "u7": -3.1607236862182617, "v1": -1.7150008678436279, "v7": -2.9371333122253418 }, "geometry": { "type": "Point", "coordinates": [ 16.875, 21.897484831 ] } },
{ "type": "Feature", "properties": { "id": 1134, "u1": -2.8586664199829102, "u7": 0.8043750524520874, "v1": -4.6610016822814941, "v7": 1.0880553722381592 }, "geometry": { "type": "Point", "coordinates": [ 16.875, 16.185097831 ] } },
{ "type": "Feature", "properties": { "id": 1135, "u1": 0.02299804612994194, "u7": 1.0394688844680786, "v1": -3.1953344345092773, "v7": 2.4723503589630127 }, "geometry": { "type": "Point", "coordinates": [ 16.875, 10.472710831 ] } },
{ "type": "Feature", "properties": { "id": 1136, "u1": 0.20266672968864441, "u7": 0.79823154211044312, "v1": -0.73500216007232666, "v7": 1.0614852905273438 }, "geometry": { "type": "Point", "coordinates": [ 16.875, 4.760323831000016 ] } },
{ "type": "Feature", "properties": { "id": 1137, "u1": 0.73233133554458618, "u7": 0.60400986671447754, "v1": 0.28466543555259705, "v7": 0.34103286266326904 }, "geometry": { "type": "Point", "coordinates": [ 16.875, -0.952063169 ] } },
{ "type": "Feature", "properties": { "id": 1138, "u1": 1.2086650133132935, "u7": -0.050562981516122818, "v1": -0.25333505868911743, "v7": 1.1591794490814209 }, "geometry": { "type": "Point", "coordinates": [ 16.875, -6.664450169 ] } },
{ "type": "Feature", "properties": { "id": 1139, "u1": 1.7886662483215332, "u7": -2.4395525455474854, "v1": -0.79200136661529541, "v7": 0.93557608127593994 }, "geometry": { "type": "Point", "coordinates": [ 16.875, -12.376837168999989 ] } },
{ "type": "Feature", "properties": { "id": 1140, "u1": 0.39366504549980164, "u7": -2.7639584541320801, "v1": 0.2569986879825592, "v7": -0.59534889459609985 }, "geometry": { "type": "Point", "coordinates": [ 16.875, -18.089224168999984 ] } },
{ "type": "Feature", "properties": { "id": 1141, "u1": 0.71966552734375, "u7": -2.1066892147064209, "v1": 3.2646658420562744, "v7": -1.2998842000961304 }, "geometry": { "type": "Point", "coordinates": [ 16.875, -23.801611169 ] } },
{ "type": "Feature", "properties": { "id": 1142, "u1": 1.1316660642623901, "u7": -1.2650572061538696, "v1": 7.0866646766662598, "v7": 0.16082169115543365 }, "geometry": { "type": "Point", "coordinates": [ 16.875, -29.513998169 ] } },
{ "type": "Feature", "properties": { "id": 1143, "u1": -0.1460011750459671, "u7": 3.4064066410064697, "v1": 5.1383304595947266, "v7": -0.18473330140113831 }, "geometry": { "type": "Point", "coordinates": [ 16.875, -35.226385169 ] } },
{ "type": "Feature", "properties": { "id": 1144, "u1": 6.0203309059143066, "u7": 7.2016143798828125, "v1": 1.3279983997344971, "v7": -0.26284196972846985 }, "geometry": { "type": "Point", "coordinates": [ 16.875, -40.938772168999982 ] } },
{ "type": "Feature", "properties": { "id": 1145, "u1": 8.7119970321655273, "u7": 8.9488496780395508, "v1": -2.5940008163452148, "v7": -2.5912594795227051 }, "geometry": { "type": "Point", "coordinates": [ 16.875, -46.651159168999989 ] } },
{ "type": "Feature", "properties": { "id": 1146, "u1": 8.2013311386108398, "u7": 9.1978540420532227, "v1": -3.0860006809234619, "v7": -2.5490262508392334 }, "geometry": { "type": "Point", "coordinates": [ 16.875, -52.363546169 ] } },
{ "type": "Feature", "properties": { "id": 1147, "u1": 5.0516643524169922, "u7": 6.7484922409057617, "v1": -1.6900004148483276, "v7": -0.22627156972885132 }, "geometry": { "type": "Point", "coordinates": [ 16.875, -58.075933169 ] } },
{ "type": "Feature", "properties": { "id": 1148, "u1": 0.48299816250801086, "u7": 2.499340295791626, "v1": 0.06633351743221283, "v7": 0.072386860847473145 }, "geometry": { "type": "Point", "coordinates": [ 16.875, -63.788320168999981 ] } },
{ "type": "Feature", "properties": { "id": 1149, "u1": -6.4936680793762207, "u7": -10.089067459106445, "v1": 2.3146653175354004, "v7": 6.0168428421020508 }, "geometry": { "type": "Point", "coordinates": [ 16.875, -69.50070716899998 ] } },
{ "type": "Feature", "properties": { "id": 1150, "u1": -4.0640029907226562, "u7": -6.1476750373840332, "v1": 1.0846658945083618, "v7": 2.8727457523345947 }, "geometry": { "type": "Point", "coordinates": [ 16.875, -75.213094168999987 ] } },
{ "type": "Feature", "properties": { "id": 1151, "u1": 0.93166506290435791, "u7": -1.2853767871856689, "v1": -2.6740014553070068, "v7": -5.7230195999145508 }, "geometry": { "type": "Point", "coordinates": [ 16.875, -80.925481168999966 ] } },
{ "type": "Feature", "properties": { "id": 1152, "u1": -1.1753336191177368, "u7": -3.4180381298065186, "v1": -3.6290013790130615, "v7": -8.4686450958251953 }, "geometry": { "type": "Point", "coordinates": [ 16.875, -86.637868168999972 ] } },
{ "type": "Feature", "properties": { "id": 1154, "u1": -2.3286688327789307, "u7": 1.1638398170471191, "v1": -0.90133512020111084, "v7": 0.47746580839157104 }, "geometry": { "type": "Point", "coordinates": [ 22.5, 84.733741831 ] } },
{ "type": "Feature", "properties": { "id": 1155, "u1": -3.3180012702941895, "u7": 0.62084883451461792, "v1": 0.22399851679801941, "v7": 0.37765750288963318 }, "geometry": { "type": "Point", "coordinates": [ 22.5, 79.021354831000011 ] } },
{ "type": "Feature", "properties": { "id": 1156, "u1": -1.2583343982696533, "u7": -0.29684045910835266, "v1": -0.12233428657054901, "v7": -0.21220321953296661 }, "geometry": { "type": "Point", "coordinates": [ 22.5, 73.308967831000018 ] } },
{ "type": "Feature", "properties": { "id": 1157, "u1": 1.2826659679412842, "u7": -0.22826750576496124, "v1": 2.4446654319763184, "v7": -0.13368852436542511 }, "geometry": { "type": "Point", "coordinates": [ 22.5, 67.596580831000011 ] } },
{ "type": "Feature", "properties": { "id": 1158, "u1": 1.0429987907409668, "u7": 0.89745396375656128, "v1": 0.94533234834671021, "v7": 0.65048873424530029 }, "geometry": { "type": "Point", "coordinates": [ 22.5, 61.884193831 ] } },
{ "type": "Feature", "properties": { "id": 1159, "u1": 1.9476648569107056, "u7": 1.1248611211776733, "v1": 2.3803329467773438, "v7": -0.1168903186917305 }, "geometry": { "type": "Point", "coordinates": [ 22.5, 56.171806831 ] } },
{ "type": "Feature", "properties": { "id": 1160, "u1": 1.862999439239502, "u7": 0.66370898485183716, "v1": 1.486998438835144, "v7": -0.24827197194099426 }, "geometry": { "type": "Point", "coordinates": [ 22.5, 50.459419831 ] } },
{ "type": "Feature", "properties": { "id": 1161, "u1": 1.145331859588623, "u7": 0.27330684661865234, "v1": 0.69766491651535034, "v7": -0.6190221905708313 }, "geometry": { "type": "Point", "coordinates": [ 22.5, 44.747032831 ] } },
{ "type": "Feature", "properties": { "id": 1162, "u1": -0.86233419179916382, "u7": 0.052171073853969574, "v1": -1.4433344602584839, "v7": -2.0647270679473877 }, "geometry": { "type": "Point", "coordinates": [ 22.5, 39.034645831 ] } },
{ "type": "Feature", "properties": { "id": 1163, "u1": 3.0109984874725342, "u7": 3.0621161460876465, "v1": -0.45900115370750427, "v7": -4.9050369262695312 }, "geometry": { "type": "Point", "coordinates": [ 22.5, 33.322258831 ] } },
{ "type": "Feature", "properties": { "id": 1164, "u1": 0.91466575860977173, "u7": -0.26398089528083801, "v1": 0.13366648554801941, "v7": -3.6945791244506836 }, "geometry": { "type": "Point", "coordinates": [ 22.5, 27.609871831 ] } },
{ "type": "Feature", "properties": { "id": 1165, "u1": -1.7880004644393921, "u7": -1.0880672931671143, "v1": -1.9430007934570312, "v7": -3.330479621887207 }, "geometry": { "type": "Point", "coordinates": [ 22.5, 21.897484831 ] } },
{ "type": "Feature", "properties": { "id": 1166, "u1": -4.3629999160766602, "u7": 0.4639318585395813, "v1": -2.9746677875518799, "v7": -0.8568648099899292 }, "geometry": { "type": "Point", "coordinates": [ 22.5, 16.185097831 ] } },
{ "type": "Feature", "properties": { "id": 1167, "u1": -1.3290023803710938, "u7": 1.579379677772522, "v1": -1.0150018930435181, "v7": 2.064812183380127 }, "geometry": { "type": "Point", "coordinates": [ 22.5, 10.472710831 ] } },
{ "type": "Feature", "properties": { "id": 1168, "u1": -0.24366861581802368, "u7": 0.88619983196258545, "v1": -0.46166688203811646, "v7": 0.78331053256988525 }, "geometry": { "type": "Point", "coordinates": [ 22.5, 4.760323831000016 ] } },
{ "type": "Feature", "properties": { "id": 1169, "u1": 0.42233124375343323, "u7": 0.30462449789047241, "v1": 0.2083333283662796, "v7": 0.19887708127498627 }, "geometry": { "type": "Point", "coordinates": [ 22.5, -0.952063169 ] } },
{ "type": "Feature", "properties": { "id": 1170, "u1": 0.75033211708068848, "u7": -1.2759555578231812, "v1": -0.88400167226791382, "v7": 2.1575255393981934 }, "geometry": { "type": "Point", "coordinates": [ 22.5, -6.664450169 ] } },
{ "type": "Feature", "properties": { "id": 1171, "u1": 0.40733286738395691, "u7": -2.1797182559967041, "v1": -1.5673329830169678, "v7": 2.0265679359436035 }, "geometry": { "type": "Point", "coordinates": [ 22.5, -12.376837168999989 ] } },
{ "type": "Feature", "properties": { "id": 1172, "u1": -1.0723342895507812, "u7": -2.3374829292297363, "v1": -0.4800008237361908, "v7": 0.7844964861869812 }, "geometry": { "type": "Point", "coordinates": [ 22.5, -18.089224168999984 ] } },
{ "type": "Feature", "properties": { "id": 1173, "u1": -1.3043334484100342, "u7": -1.5933272838592529, "v1": -0.92833507061004639, "v7": -0.70812880992889404 }, "geometry": { "type": "Point", "coordinates": [ 22.5, -23.801611169 ] } },
{ "type": "Feature", "properties": { "id": 1174, "u1": 0.90399831533432007, "u7": 0.028509046882390976, "v1": 1.5653320550918579, "v7": -2.598942756652832 }, "geometry": { "type": "Point", "coordinates": [ 22.5, -29.513998169 ] } },
{ "type": "Feature", "properties": { "id": 1175, "u1": -2.3523356914520264, "u7": 4.852200984954834, "v1": 3.5443329811096191, "v7": -1.959952712059021 }, "geometry": { "type": "Point", "coordinates": [ 22.5, -35.226385169 ] } },
{ "type": "Feature", "properties": { "id": 1176, "u1": 4.2389984130859375, "u7": 5.9782299995422363, "v1": 0.79199779033660889, "v7": -0.4519839882850647 }, "geometry": { "type": "Point", "coordinates": [ 22.5, -40.938772168999982 ] } },
{ "type": "Feature", "properties": { "id": 1177, "u1": 8.1883325576782227, "u7": 8.6665849685668945, "v1": -2.5706675052642822, "v7": -2.6980154514312744 }, "geometry": { "type": "Point", "coordinates": [ 22.5, -46.651159168999989 ] } },
{ "type": "Feature", "properties": { "id": 1178, "u1": 8.0663328170776367, "u7": 9.3276271820068359, "v1": -3.1646687984466553, "v7": -2.9469504356384277 }, "geometry": { "type": "Point", "coordinates": [ 22.5, -52.363546169 ] } },
{ "type": "Feature", "properties": { "id": 1179, "u1": 5.2249984741210938, "u7": 7.2059922218322754, "v1": -2.0800013542175293, "v7": -0.67201519012451172 }, "geometry": { "type": "Point", "coordinates": [ 22.5, -58.075933169 ] } },
{ "type": "Feature", "properties": { "id": 1180, "u1": 0.271331787109375, "u7": 2.1571850776672363, "v1": -0.56866657733917236, "v7": -0.22035118937492371 }, "geometry": { "type": "Point", "coordinates": [ 22.5, -63.788320168999981 ] } },
{ "type": "Feature", "properties": { "id": 1181, "u1": -6.5946674346923828, "u7": -10.222090721130371, "v1": 1.8853327035903931, "v7": 5.6895565986633301 }, "geometry": { "type": "Point", "coordinates": [ 22.5, -69.50070716899998 ] } },
{ "type": "Feature", "properties": { "id": 1182, "u1": -4.0176682472229004, "u7": -5.9558186531066895, "v1": 2.0443329811096191, "v7": 4.6974282264709473 }, "geometry": { "type": "Point", "coordinates": [ 22.5, -75.213094168999987 ] } },
{ "type": "Feature", "properties": { "id": 1183, "u1": 1.1093312501907349, "u7": -0.97186470031738281, "v1": -1.8246704339981079, "v7": -4.4831113815307617 }, "geometry": { "type": "Point", "coordinates": [ 22.5, -80.925481168999966 ] } },
{ "type": "Feature", "properties": { "id": 1184, "u1": -0.60733437538146973, "u7": -2.1423909664154053, "v1": -3.4273335933685303, "v7": -8.2634744644165039 }, "geometry": { "type": "Point", "coordinates": [ 22.5, -86.637868168999972 ] } },
{ "type": "Feature", "properties": { "id": 1186, "u1": -2.5126698017120361, "u7": 1.2699686288833618, "v1": -0.54133504629135132, "v7": 0.35947799682617188 }, "geometry": { "type": "Point", "coordinates": [ 28.125, 84.733741831 ] } },
{ "type": "Feature", "properties": { "id": 1187, "u1": -2.722667932510376, "u7": 0.70864039659500122, "v1": -0.25566813349723816, "v7": 0.10366176068782806 }, "geometry": { "type": "Point", "coordinates": [ 28.125, 79.021354831000011 ] } },
{ "type": "Feature", "properties": { "id": 1188, "u1": -0.78300017118453979, "u7": -0.19471098482608795, "v1": -0.02266743965446949, "v7": -0.28612369298934937 }, "geometry": { "type": "Point", "coordinates": [ 28.125, 73.308967831000018 ] } },
{ "type": "Feature", "properties": { "id": 1189, "u1": 1.7789993286132812, "u7": -0.81682687997817993, "v1": 1.644665002822876, "v7": 0.21295449137687683 }, "geometry": { "type": "Point", "coordinates": [ 28.125, 67.596580831000011 ] } },
{ "type": "Feature", "properties": { "id": 1190, "u1": 0.59899801015853882, "u7": 0.62488240003585815, "v1": 1.9056640863418579, "v7": 0.20372064411640167 }, "geometry": { "type": "Point", "coordinates": [ 28.125, 61.884193831 ] } },
{ "type": "Feature", "properties": { "id": 1191, "u1": 2.0203301906585693, "u7": 0.97933477163314819, "v1": 2.3686661720275879, "v7": -0.20301254093647003 }, "geometry": { "type": "Point", "coordinates": [ 28.125, 56.171806831 ] } },
{ "type": "Feature", "properties": { "id": 1192, "u1": 2.0436639785766602, "u7": 0.6712689995765686, "v1": 0.90733236074447632, "v7": -0.81264030933380127 }, "geometry": { "type": "Point", "coordinates": [ 28.125, 50.459419831 ] } },
{ "type": "Feature", "properties": { "id": 1193, "u1": 1.4369980096817017, "u7": 0.19169475138187408, "v1": -2.0936686992645264, "v7": -0.87550938129425049 }, "geometry": { "type": "Point", "coordinates": [ 28.125, 44.747032831 ] } },
{ "type": "Feature", "properties": { "id": 1194, "u1": -1.7873342037200928, "u7": -1.3281997442245483, "v1": 0.59799957275390625, "v7": -4.7558674812316895 }, "geometry": { "type": "Point", "coordinates": [ 28.125, 39.034645831 ] } },
{ "type": "Feature", "properties": { "id": 1195, "u1": 3.4509973526000977, "u7": 4.5362424850463867, "v1": -0.85333508253097534, "v7": -3.6778919696807861 }, "geometry": { "type": "Point", "coordinates": [ 28.125, 33.322258831 ] } },
{ "type": "Feature", "properties": { "id": 1196, "u1": 1.108000636100769, "u7": -0.15009443461894989, "v1": -0.72900187969207764, "v7": -3.8054437637329102 }, "geometry": { "type": "Point", "coordinates": [ 28.125, 27.609871831 ] } },
{ "type": "Feature", "properties": { "id": 1197, "u1": -0.98533529043197632, "u7": -0.12300378829240799, "v1": -3.5696671009063721, "v7": -4.1363906860351562 }, "geometry": { "type": "Point", "coordinates": [ 28.125, 21.897484831 ] } },
{ "type": "Feature", "properties": { "id": 1198, "u1": -0.33300170302391052, "u7": 0.87201446294784546, "v1": -4.598334789276123, "v7": 0.65981608629226685 }, "geometry": { "type": "Point", "coordinates": [ 28.125, 16.185097831 ] } },
{ "type": "Feature", "properties": { "id": 1199, "u1": -0.63200122117996216, "u7": 0.85645467042922974, "v1": -2.6126677989959717, "v7": 2.6485517024993896 }, "geometry": { "type": "Point", "coordinates": [ 28.125, 10.472710831 ] } },
{ "type": "Feature", "properties": { "id": 1200, "u1": -0.88433378934860229, "u7": 1.1784025430679321, "v1": -1.2453339099884033, "v7": 0.66875189542770386 }, "geometry": { "type": "Point", "coordinates": [ 28.125, 4.760323831000016 ] } },
{ "type": "Feature", "properties": { "id": 1201, "u1": 0.48999989032745361, "u7": -0.19003413617610931, "v1": -0.05800170823931694, "v7": 0.38748541474342346 }, "geometry": { "type": "Point", "coordinates": [ 28.125, -0.952063169 ] } },
{ "type": "Feature", "properties": { "id": 1202, "u1": 0.68299967050552368, "u7": -2.9240841865539551, "v1": -0.065333560109138489, "v7": 2.4310111999511719 }, "geometry": { "type": "Point", "coordinates": [ 28.125, -6.664450169 ] } },
{ "type": "Feature", "properties": { "id": 1203, "u1": 0.01166534423828125, "u7": -3.443645715713501, "v1": -0.95633542537689209, "v7": 1.9970097541809082 }, "geometry": { "type": "Point", "coordinates": [ 28.125, -12.376837168999989 ] } },
{ "type": "Feature", "properties": { "id": 1204, "u1": -2.0876679420471191, "u7": -3.2533209323883057, "v1": -0.34866741299629211, "v7": 0.63909953832626343 }, "geometry": { "type": "Point", "coordinates": [ 28.125, -18.089224168999984 ] } },
{ "type": "Feature", "properties": { "id": 1205, "u1": -2.7216675281524658, "u7": -1.1675597429275513, "v1": -0.66400146484375, "v7": -0.041532721370458603 }, "geometry": { "type": "Point", "coordinates": [ 28.125, -23.801611169 ] } },
{ "type": "Feature", "properties": { "id": 1206, "u1": -3.0776681900024414, "u7": 2.0865719318389893, "v1": -1.3170018196105957, "v7": -1.4532867670059204 }, "geometry": { "type": "Point", "coordinates": [ 28.125, -29.513998169 ] } },
{ "type": "Feature", "properties": { "id": 1207, "u1": -2.2633326053619385, "u7": 3.8520314693450928, "v1": 0.89833122491836548, "v7": -0.64339578151702881 }, "geometry": { "type": "Point", "coordinates": [ 28.125, -35.226385169 ] } },
{ "type": "Feature", "properties": { "id": 1208, "u1": 3.4509973526000977, "u7": 5.4564905166625977, "v1": -0.14633382856845856, "v7": -1.2268403768539429 }, "geometry": { "type": "Point", "coordinates": [ 28.125, -40.938772168999982 ] } },
{ "type": "Feature", "properties": { "id": 1209, "u1": 8.072331428527832, "u7": 8.963679313659668, "v1": -2.3500020503997803, "v7": -2.4028210639953613 }, "geometry": { "type": "Point", "coordinates": [ 28.125, -46.651159168999989 ] } },
{ "type": "Feature", "properties": { "id": 1210, "u1": 8.1849985122680664, "u7": 9.9795370101928711, "v1": -3.1120026111602783, "v7": -2.9106760025024414 }, "geometry": { "type": "Point", "coordinates": [ 28.125, -52.363546169 ] } },
{ "type": "Feature", "properties": { "id": 1211, "u1": 5.3323307037353516, "u7": 7.3716187477111816, "v1": -2.1023352146148682, "v7": -0.90306550264358521 }, "geometry": { "type": "Point", "coordinates": [ 28.125, -58.075933169 ] } },
{ "type": "Feature", "properties": { "id": 1212, "u1": -0.02900136262178421, "u7": 1.611337423324585, "v1": -1.1426676511764526, "v7": -0.4897647500038147 }, "geometry": { "type": "Point", "coordinates": [ 28.125, -63.788320168999981 ] } },
{ "type": "Feature", "properties": { "id": 1213, "u1": -6.2606678009033203, "u7": -10.903376579284668, "v1": 0.93566536903381348, "v7": 3.982799768447876 }, "geometry": { "type": "Point", "coordinates": [ 28.125, -69.50070716899998 ] } },
{ "type": "Feature", "properties": { "id": 1214, "u1": -3.8026666641235352, "u7": -6.0834817886352539, "v1": 2.5899984836578369, "v7": 5.7240653038024902 }, "geometry": { "type": "Point", "coordinates": [ 28.125, -75.213094168999987 ] } },
{ "type": "Feature", "properties": { "id": 1215, "u1": 1.0953317880630493, "u7": -0.8755226731300354, "v1": -0.93333536386489868, "v7": -3.1116189956665039 }, "geometry": { "type": "Point", "coordinates": [ 28.125, -80.925481168999966 ] } },
{ "type": "Feature", "properties": { "id": 1216, "u1": -0.094001263380050659, "u7": -0.93857598304748535, "v1": -3.1536667346954346, "v7": -7.8949160575866699 }, "geometry": { "type": "Point", "coordinates": [ 28.125, -86.637868168999972 ] } },
{ "type": "Feature", "properties": { "id": 1218, "u1": -2.6333339214324951, "u7": 1.3513201475143433, "v1": -0.17500254511833191, "v7": 0.21550750732421875 }, "geometry": { "type": "Point", "coordinates": [ 33.75, 84.733741831 ] } },
{ "type": "Feature", "properties": { "id": 1219, "u1": -2.4090015888214111, "u7": 0.69648414850234985, "v1": -0.73966723680496216, "v7": -0.10424037277698517 }, "geometry": { "type": "Point", "coordinates": [ 33.75, 79.021354831000011 ] } },
{ "type": "Feature", "properties": { "id": 1220, "u1": -0.69266766309738159, "u7": 0.090357780456542969, "v1": 0.29033100605010986, "v7": -0.30311113595962524 }, "geometry": { "type": "Point", "coordinates": [ 33.75, 73.308967831000018 ] } },
{ "type": "Feature", "properties": { "id": 1221, "u1": 2.3093323707580566, "u7": -1.1065115928649902, "v1": 1.7933318614959717, "v7": 0.25299036502838135 }, "geometry": { "type": "Point", "coordinates": [ 33.75, 67.596580831000011 ] } },
{ "type": "Feature", "properties": { "id": 1222, "u1": 1.1869989633560181, "u7": 0.23748663067817688, "v1": 1.9013335704803467, "v7": 0.073732182383537292 }, "geometry": { "type": "Point", "coordinates": [ 33.75, 61.884193831 ] } },
{ "type": "Feature", "properties": { "id": 1223, "u1": 2.1210007667541504, "u7": 0.76961106061935425, "v1": 1.9973312616348267, "v7": -0.1691313236951828 }, "geometry": { "type": "Point", "coordinates": [ 33.75, 56.171806831 ] } },
{ "type": "Feature", "properties": { "id": 1224, "u1": 0.89033204317092896, "u7": 0.031532872468233109, "v1": 0.76699775457382202, "v7": -1.0208652019500732 }, "geometry": { "type": "Point", "coordinates": [ 33.75, 50.459419831 ] } },
{ "type": "Feature", "properties": { "id": 1225, "u1": 1.3836644887924194, "u7": 0.63297218084335327, "v1": -2.5766682624816895, "v7": -1.294406533241272 }, "geometry": { "type": "Point", "coordinates": [ 33.75, 44.747032831 ] } },
{ "type": "Feature", "properties": { "id": 1226, "u1": -1.1920002698898315, "u7": -1.931963324546814, "v1": 1.4683314561843872, "v7": -4.2603249549865723 }, "geometry": { "type": "Point", "coordinates": [ 33.75, 39.034645831 ] } },
{ "type": "Feature", "properties": { "id": 1227, "u1": 1.8196640014648438, "u7": 5.9711852073669434, "v1": 0.27566629648208618, "v7": -1.0582551956176758 }, "geometry": { "type": "Point", "coordinates": [ 33.75, 33.322258831 ] } },
{ "type": "Feature", "properties": { "id": 1228, "u1": 0.59866589307785034, "u7": 2.2417457103729248, "v1": -1.8596674203872681, "v7": -5.5112357139587402 }, "geometry": { "type": "Point", "coordinates": [ 33.75, 27.609871831 ] } },
{ "type": "Feature", "properties": { "id": 1229, "u1": 1.3226654529571533, "u7": 1.3927837610244751, "v1": -3.4230010509490967, "v7": -2.6088569164276123 }, "geometry": { "type": "Point", "coordinates": [ 33.75, 21.897484831 ] } },
{ "type": "Feature", "properties": { "id": 1230, "u1": 0.34433084726333618, "u7": 2.5408928394317627, "v1": -3.4593343734741211, "v7": 2.8720088005065918 }, "geometry": { "type": "Point", "coordinates": [ 33.75, 16.185097831 ] } },
{ "type": "Feature", "properties": { "id": 1231, "u1": 0.22266387939453125, "u7": 0.55840045213699341, "v1": -1.4546676874160767, "v7": 2.2197420597076416 }, "geometry": { "type": "Point", "coordinates": [ 33.75, 10.472710831 ] } },
{ "type": "Feature", "properties": { "id": 1232, "u1": -0.77333474159240723, "u7": -0.63255882263183594, "v1": -0.54366761445999146, "v7": 0.29434892535209656 }, "geometry": { "type": "Point", "coordinates": [ 33.75, 4.760323831000016 ] } },
{ "type": "Feature", "properties": { "id": 1233, "u1": -1.751666784286499, "u7": -3.6653883457183838, "v1": -1.0366684198379517, "v7": 3.1875863075256348 }, "geometry": { "type": "Point", "coordinates": [ 33.75, -0.952063169 ] } },
{ "type": "Feature", "properties": { "id": 1234, "u1": -1.2986674308776855, "u7": -4.1286611557006836, "v1": -0.34766742587089539, "v7": 2.1184070110321045 }, "geometry": { "type": "Point", "coordinates": [ 33.75, -6.664450169 ] } },
{ "type": "Feature", "properties": { "id": 1235, "u1": -0.84533488750457764, "u7": -2.8449845314025879, "v1": -0.33933460712432861, "v7": 2.0618090629577637 }, "geometry": { "type": "Point", "coordinates": [ 33.75, -12.376837168999989 ] } },
{ "type": "Feature", "properties": { "id": 1236, "u1": -1.7543350458145142, "u7": -1.4880204200744629, "v1": 1.1549983024597168, "v7": 1.7536823749542236 }, "geometry": { "type": "Point", "coordinates": [ 33.75, -18.089224168999984 ] } },
{ "type": "Feature", "properties": { "id": 1237, "u1": -2.4760024547576904, "u7": -0.5214155912399292, "v1": 1.9046661853790283, "v7": 0.98836994171142578 }, "geometry": { "type": "Point", "coordinates": [ 33.75, -23.801611169 ] } },
{ "type": "Feature", "properties": { "id": 1238, "u1": -3.5850005149841309, "u7": -0.35287743806838989, "v1": 0.22166594862937927, "v7": -0.77137202024459839 }, "geometry": { "type": "Point", "coordinates": [ 33.75, -29.513998169 ] } },
{ "type": "Feature", "properties": { "id": 1239, "u1": -0.96366679668426514, "u7": 2.4703724384307861, "v1": -0.43933564424514771, "v7": -2.0521023273468018 }, "geometry": { "type": "Point", "coordinates": [ 33.75, -35.226385169 ] } },
{ "type": "Feature", "properties": { "id": 1240, "u1": 3.3836648464202881, "u7": 5.6431436538696289, "v1": -0.83733266592025757, "v7": -1.2243912220001221 }, "geometry": { "type": "Point", "coordinates": [ 33.75, -40.938772168999982 ] } },
{ "type": "Feature", "properties": { "id": 1241, "u1": 7.5883312225341797, "u7": 9.0801591873168945, "v1": -2.5716679096221924, "v7": -2.3842382431030273 }, "geometry": { "type": "Point", "coordinates": [ 33.75, -46.651159168999989 ] } },
{ "type": "Feature", "properties": { "id": 1242, "u1": 8.2813329696655273, "u7": 10.249536514282227, "v1": -3.0913345813751221, "v7": -2.5138254165649414 }, "geometry": { "type": "Point", "coordinates": [ 33.75, -52.363546169 ] } },
{ "type": "Feature", "properties": { "id": 1243, "u1": 4.9506654739379883, "u7": 6.9623355865478516, "v1": -2.0283346176147461, "v7": -1.0620112419128418 }, "geometry": { "type": "Point", "coordinates": [ 33.75, -58.075933169 ] } },
{ "type": "Feature", "properties": { "id": 1244, "u1": -0.55566763877868652, "u7": 0.65104550123214722, "v1": -1.2850000858306885, "v7": -0.287332683801651 }, "geometry": { "type": "Point", "coordinates": [ 33.75, -63.788320168999981 ] } },
{ "type": "Feature", "properties": { "id": 1245, "u1": -5.943336009979248, "u7": -11.631364822387695, "v1": 0.41733196377754211, "v7": 2.1011085510253906 }, "geometry": { "type": "Point", "coordinates": [ 33.75, -69.50070716899998 ] } },
{ "type": "Feature", "properties": { "id": 1246, "u1": -3.1576685905456543, "u7": -5.7056674957275391, "v1": 2.7613317966461182, "v7": 5.8360228538513184 }, "geometry": { "type": "Point", "coordinates": [ 33.75, -75.213094168999987 ] } },
{ "type": "Feature", "properties": { "id": 1247, "u1": 0.87566429376602173, "u7": -0.95985811948776245, "v1": -0.06133626401424408, "v7": -1.5970910787582397 }, "geometry": { "type": "Point", "coordinates": [ 33.75, -80.925481168999966 ] } },
{ "type": "Feature", "properties": { "id": 1248, "u1": 0.36399891972541809, "u7": 0.17852345108985901, "v1": -2.8240020275115967, "v7": -7.3860950469970703 }, "geometry": { "type": "Point", "coordinates": [ 33.75, -86.637868168999972 ] } },
{ "type": "Feature", "properties": { "id": 1250, "u1": -2.6980016231536865, "u7": 1.3949509859085083, "v1": 0.18300017714500427, "v7": 0.064757354557514191 }, "geometry": { "type": "Point", "coordinates": [ 39.375, 84.733741831 ] } },
{ "type": "Feature", "properties": { "id": 1251, "u1": -2.4766688346862793, "u7": 0.64883142709732056, "v1": -0.78433483839035034, "v7": -0.20221218466758728 }, "geometry": { "type": "Point", "coordinates": [ 39.375, 79.021354831000011 ] } },
{ "type": "Feature", "properties": { "id": 1252, "u1": -1.2493337392807007, "u7": 0.3788493275642395, "v1": 1.3053328990936279, "v7": -0.25723034143447876 }, "geometry": { "type": "Point", "coordinates": [ 39.375, 73.308967831000018 ] } },
{ "type": "Feature", "properties": { "id": 1253, "u1": 2.4663310050964355, "u7": -1.0480198860168457, "v1": 2.7913305759429932, "v7": -0.28321868181228638 }, "geometry": { "type": "Point", "coordinates": [ 39.375, 67.596580831000011 ] } },
{ "type": "Feature", "properties": { "id": 1254, "u1": 0.98966574668884277, "u7": 0.17344377934932709, "v1": 2.1193318367004395, "v7": -0.097081713378429413 }, "geometry": { "type": "Point", "coordinates": [ 39.375, 61.884193831 ] } },
{ "type": "Feature", "properties": { "id": 1255, "u1": 1.7309972047805786, "u7": 0.53177100419998169, "v1": 2.0713322162628174, "v7": -0.11273221671581268 }, "geometry": { "type": "Point", "coordinates": [ 39.375, 56.171806831 ] } },
{ "type": "Feature", "properties": { "id": 1256, "u1": 0.66066586971282959, "u7": -0.19913215935230255, "v1": 1.0666645765304565, "v7": -0.84660136699676514 }, "geometry": { "type": "Point", "coordinates": [ 39.375, 50.459419831 ] } },
{ "type": "Feature", "properties": { "id": 1257, "u1": 0.8079986572265625, "u7": -0.50838607549667358, "v1": 1.6309987306594849, "v7": -1.8927271366119385 }, "geometry": { "type": "Point", "coordinates": [ 39.375, 44.747032831 ] } },
{ "type": "Feature", "properties": { "id": 1258, "u1": -1.2193334102630615, "u7": -1.1718593835830688, "v1": 1.5449997186660767, "v7": -4.625452995300293 }, "geometry": { "type": "Point", "coordinates": [ 39.375, 39.034645831 ] } },
{ "type": "Feature", "properties": { "id": 1259, "u1": 0.21233062446117401, "u7": 6.221611499786377, "v1": 0.96133220195770264, "v7": -2.649503231048584 }, "geometry": { "type": "Point", "coordinates": [ 39.375, 33.322258831 ] } },
{ "type": "Feature", "properties": { "id": 1260, "u1": -1.4970005750656128, "u7": 0.60655879974365234, "v1": -0.26266834139823914, "v7": -2.4903213977813721 }, "geometry": { "type": "Point", "coordinates": [ 39.375, 27.609871831 ] } },
{ "type": "Feature", "properties": { "id": 1261, "u1": -0.47966817021369934, "u7": 4.556788444519043, "v1": -1.3913345336914062, "v7": -3.404055118560791 }, "geometry": { "type": "Point", "coordinates": [ 39.375, 21.897484831 ] } },
{ "type": "Feature", "properties": { "id": 1262, "u1": -2.4306676387786865, "u7": 5.4674382209777832, "v1": -0.93433535099029541, "v7": -0.080792538821697235 }, "geometry": { "type": "Point", "coordinates": [ 39.375, 16.185097831 ] } },
{ "type": "Feature", "properties": { "id": 1263, "u1": -2.1889998912811279, "u7": 2.8152182102203369, "v1": 0.81099802255630493, "v7": 1.3567912578582764 }, "geometry": { "type": "Point", "coordinates": [ 39.375, 10.472710831 ] } },
{ "type": "Feature", "properties": { "id": 1264, "u1": -3.3620004653930664, "u7": -0.98248791694641113, "v1": 0.35799762606620789, "v7": 3.7091860771179199 }, "geometry": { "type": "Point", "coordinates": [ 39.375, 4.760323831000016 ] } },
{ "type": "Feature", "properties": { "id": 1265, "u1": -3.1243340969085693, "u7": -1.4726622104644775, "v1": 0.25733235478401184, "v7": 5.505253791809082 }, "geometry": { "type": "Point", "coordinates": [ 39.375, -0.952063169 ] } },
{ "type": "Feature", "properties": { "id": 1266, "u1": -3.7403340339660645, "u7": -2.5443322658538818, "v1": -4.7250003814697266, "v7": 5.733492374420166 }, "geometry": { "type": "Point", "coordinates": [ 39.375, -6.664450169 ] } },
{ "type": "Feature", "properties": { "id": 1267, "u1": -0.91066795587539673, "u7": -0.98232400417327881, "v1": -1.8626683950424194, "v7": 3.0867855548858643 }, "geometry": { "type": "Point", "coordinates": [ 39.375, -12.376837168999989 ] } },
{ "type": "Feature", "properties": { "id": 1268, "u1": -0.19166666269302368, "u7": -1.3673347234725952, "v1": 1.1269993782043457, "v7": 4.3489789962768555 }, "geometry": { "type": "Point", "coordinates": [ 39.375, -18.089224168999984 ] } },
{ "type": "Feature", "properties": { "id": 1269, "u1": -3.0703344345092773, "u7": -2.3579869270324707, "v1": 3.6573312282562256, "v7": 3.1172468662261963 }, "geometry": { "type": "Point", "coordinates": [ 39.375, -23.801611169 ] } },
{ "type": "Feature", "properties": { "id": 1270, "u1": -4.6190013885498047, "u7": -1.2882405519485474, "v1": 1.8249969482421875, "v7": 0.26486968994140625 }, "geometry": { "type": "Point", "coordinates": [ 39.375, -29.513998169 ] } },
{ "type": "Feature", "properties": { "id": 1271, "u1": -1.4170018434524536, "u7": 2.9224815368652344, "v1": -0.71933388710021973, "v7": -1.950008749961853 }, "geometry": { "type": "Point", "coordinates": [ 39.375, -35.226385169 ] } },
{ "type": "Feature", "properties": { "id": 1272, "u1": 3.5016663074493408, "u7": 5.9182782173156738, "v1": -1.2556681632995605, "v7": -1.329486608505249 }, "geometry": { "type": "Point", "coordinates": [ 39.375, -40.938772168999982 ] } },
{ "type": "Feature", "properties": { "id": 1273, "u1": 7.4406657218933105, "u7": 9.2692394256591797, "v1": -3.2743337154388428, "v7": -2.9446649551391602 }, "geometry": { "type": "Point", "coordinates": [ 39.375, -46.651159168999989 ] } },
{ "type": "Feature", "properties": { "id": 1274, "u1": 8.2903308868408203, "u7": 10.143207550048828, "v1": -3.4100000858306885, "v7": -2.6764795780181885 }, "geometry": { "type": "Point", "coordinates": [ 39.375, -52.363546169 ] } },
{ "type": "Feature", "properties": { "id": 1275, "u1": 4.8513321876525879, "u7": 6.5245275497436523, "v1": -1.915001392364502, "v7": -1.0351766347885132 }, "geometry": { "type": "Point", "coordinates": [ 39.375, -58.075933169 ] } },
{ "type": "Feature", "properties": { "id": 1276, "u1": -0.89566904306411743, "u7": -1.0957489013671875, "v1": -0.68500113487243652, "v7": 0.15001185238361359 }, "geometry": { "type": "Point", "coordinates": [ 39.375, -63.788320168999981 ] } },
{ "type": "Feature", "properties": { "id": 1277, "u1": -5.9470005035400391, "u7": -12.469904899597168, "v1": 0.54366558790206909, "v7": 1.5224159955978394 }, "geometry": { "type": "Point", "coordinates": [ 39.375, -69.50070716899998 ] } },
{ "type": "Feature", "properties": { "id": 1278, "u1": -1.9056681394577026, "u7": -4.0740337371826172, "v1": 2.8399984836578369, "v7": 5.5364389419555664 }, "geometry": { "type": "Point", "coordinates": [ 39.375, -75.213094168999987 ] } },
{ "type": "Feature", "properties": { "id": 1279, "u1": 0.45166626572608948, "u7": -1.2695155143737793, "v1": 0.71233266592025757, "v7": -0.0082872705534100533 }, "geometry": { "type": "Point", "coordinates": [ 39.375, -80.925481168999966 ] } },
{ "type": "Feature", "properties": { "id": 1280, "u1": 0.76233214139938354, "u7": 1.2032080888748169, "v1": -2.4530014991760254, "v7": -6.7628207206726074 }, "geometry": { "type": "Point", "coordinates": [ 39.375, -86.637868168999972 ] } },
{ "type": "Feature", "properties": { "id": 1282, "u1": -2.7140014171600342, "u7": 1.3997383117675781, "v1": 0.52366536855697632, "v7": -0.075860567390918732 }, "geometry": { "type": "Point", "coordinates": [ 45.0, 84.733741831 ] } },
{ "type": "Feature", "properties": { "id": 1283, "u1": -2.691002368927002, "u7": 0.67333656549453735, "v1": -0.30866852402687073, "v7": -0.25053796172142029 }, "geometry": { "type": "Point", "coordinates": [ 45.0, 79.021354831000011 ] } },
{ "type": "Feature", "properties": { "id": 1284, "u1": -2.1326684951782227, "u7": 0.47442469000816345, "v1": 2.9149982929229736, "v7": -0.20877119898796082 }, "geometry": { "type": "Point", "coordinates": [ 45.0, 73.308967831000018 ] } },
{ "type": "Feature", "properties": { "id": 1285, "u1": 1.6753321886062622, "u7": -0.60298812389373779, "v1": 3.5579981803894043, "v7": -1.1744064092636108 }, "geometry": { "type": "Point", "coordinates": [ 45.0, 67.596580831000011 ] } },
{ "type": "Feature", "properties": { "id": 1286, "u1": 0.79399770498275757, "u7": 0.23342138528823853, "v1": 2.3366658687591553, "v7": -0.26381343603134155 }, "geometry": { "type": "Point", "coordinates": [ 45.0, 61.884193831 ] } },
{ "type": "Feature", "properties": { "id": 1287, "u1": 1.2159982919692993, "u7": 0.52575945854187012, "v1": 2.3936660289764404, "v7": -0.29550886154174805 }, "geometry": { "type": "Point", "coordinates": [ 45.0, 56.171806831 ] } },
{ "type": "Feature", "properties": { "id": 1288, "u1": 0.79066520929336548, "u7": 0.14329536259174347, "v1": 1.5826665163040161, "v7": -1.175366997718811 }, "geometry": { "type": "Point", "coordinates": [ 45.0, 50.459419831 ] } },
{ "type": "Feature", "properties": { "id": 1289, "u1": 0.97466534376144409, "u7": -1.753049373626709, "v1": 2.0109989643096924, "v7": 0.58659493923187256 }, "geometry": { "type": "Point", "coordinates": [ 45.0, 44.747032831 ] } },
{ "type": "Feature", "properties": { "id": 1290, "u1": 1.2489989995956421, "u7": -5.1533231735229492, "v1": 1.644665002822876, "v7": -0.72365385293960571 }, "geometry": { "type": "Point", "coordinates": [ 45.0, 39.034645831 ] } },
{ "type": "Feature", "properties": { "id": 1291, "u1": -1.7526662349700928, "u7": 3.4156711101531982, "v1": 0.24366454780101776, "v7": -0.94768637418746948 }, "geometry": { "type": "Point", "coordinates": [ 45.0, 33.322258831 ] } },
{ "type": "Feature", "properties": { "id": 1292, "u1": 0.086999006569385529, "u7": 1.3802245855331421, "v1": -0.19600066542625427, "v7": -2.8939058780670166 }, "geometry": { "type": "Point", "coordinates": [ 45.0, 27.609871831 ] } },
{ "type": "Feature", "properties": { "id": 1293, "u1": -2.6660003662109375, "u7": 0.42231360077857971, "v1": 1.1016652584075928, "v7": -1.5009771585464478 }, "geometry": { "type": "Point", "coordinates": [ 45.0, 21.897484831 ] } },
{ "type": "Feature", "properties": { "id": 1294, "u1": -2.8380014896392822, "u7": 4.5091338157653809, "v1": 2.7483327388763428, "v7": 0.70270037651062012 }, "geometry": { "type": "Point", "coordinates": [ 45.0, 16.185097831 ] } },
{ "type": "Feature", "properties": { "id": 1295, "u1": -4.9976682662963867, "u7": 4.3679471015930176, "v1": -1.9373352527618408, "v7": 7.4113855361938477 }, "geometry": { "type": "Point", "coordinates": [ 45.0, 10.472710831 ] } },
{ "type": "Feature", "properties": { "id": 1296, "u1": -4.6133346557617188, "u7": 3.4297378063201904, "v1": -0.02866770513355732, "v7": 5.9179701805114746 }, "geometry": { "type": "Point", "coordinates": [ 45.0, 4.760323831000016 ] } },
{ "type": "Feature", "properties": { "id": 1297, "u1": -6.1720013618469238, "u7": 2.0728614330291748, "v1": -4.104001522064209, "v7": 8.8745813369750977 }, "geometry": { "type": "Point", "coordinates": [ 45.0, -0.952063169 ] } },
{ "type": "Feature", "properties": { "id": 1298, "u1": -0.23333536088466644, "u7": -3.2017414569854736, "v1": -3.8120009899139404, "v7": 8.247528076171875 }, "geometry": { "type": "Point", "coordinates": [ 45.0, -6.664450169 ] } },
{ "type": "Feature", "properties": { "id": 1299, "u1": 1.8643325567245483, "u7": -3.4291834831237793, "v1": -2.7993347644805908, "v7": 4.8154630661010742 }, "geometry": { "type": "Point", "coordinates": [ 45.0, -12.376837168999989 ] } },
{ "type": "Feature", "properties": { "id": 1300, "u1": 0.05233103409409523, "u7": -2.2184903621673584, "v1": -1.040001392364502, "v7": 1.6884510517120361 }, "geometry": { "type": "Point", "coordinates": [ 45.0, -18.089224168999984 ] } },
{ "type": "Feature", "properties": { "id": 1301, "u1": -2.8943359851837158, "u7": -2.625138521194458, "v1": -0.31433409452438354, "v7": 0.18247178196907043 }, "geometry": { "type": "Point", "coordinates": [ 45.0, -23.801611169 ] } },
{ "type": "Feature", "properties": { "id": 1302, "u1": -5.5513348579406738, "u7": -2.4409682750701904, "v1": 0.76933234930038452, "v7": 0.13702510297298431 }, "geometry": { "type": "Point", "coordinates": [ 45.0, -29.513998169 ] } },
{ "type": "Feature", "properties": { "id": 1303, "u1": -1.578001856803894, "u7": 3.2524533271789551, "v1": -0.51566570997238159, "v7": -1.5905193090438843 }, "geometry": { "type": "Point", "coordinates": [ 45.0, -35.226385169 ] } },
{ "type": "Feature", "properties": { "id": 1304, "u1": 3.198997974395752, "u7": 6.4069137573242188, "v1": -1.6183350086212158, "v7": -1.1297434568405151 }, "geometry": { "type": "Point", "coordinates": [ 45.0, -40.938772168999982 ] } },
{ "type": "Feature", "properties": { "id": 1305, "u1": 7.366997241973877, "u7": 9.7223005294799805, "v1": -3.5183355808258057, "v7": -2.9700553417205811 }, "geometry": { "type": "Point", "coordinates": [ 45.0, -46.651159168999989 ] } },
{ "type": "Feature", "properties": { "id": 1306, "u1": 8.5149974822998047, "u7": 10.191879272460938, "v1": -3.5560011863708496, "v7": -2.7706460952758789 }, "geometry": { "type": "Point", "coordinates": [ 45.0, -52.363546169 ] } },
{ "type": "Feature", "properties": { "id": 1307, "u1": 5.0446653366088867, "u7": 6.4044418334960938, "v1": -1.8263356685638428, "v7": -1.0182225704193115 }, "geometry": { "type": "Point", "coordinates": [ 45.0, -58.075933169 ] } },
{ "type": "Feature", "properties": { "id": 1308, "u1": -0.64300131797790527, "u7": -3.6169078350067139, "v1": 0.1909993439912796, "v7": 0.63996976613998413 }, "geometry": { "type": "Point", "coordinates": [ 45.0, -63.788320168999981 ] } },
{ "type": "Feature", "properties": { "id": 1309, "u1": -6.4883337020874023, "u7": -12.815179824829102, "v1": 0.95199990272521973, "v7": 2.5376319885253906 }, "geometry": { "type": "Point", "coordinates": [ 45.0, -69.50070716899998 ] } },
{ "type": "Feature", "properties": { "id": 1310, "u1": -0.22366891801357269, "u7": -1.2357242107391357, "v1": 3.1726658344268799, "v7": 5.5806746482849121 }, "geometry": { "type": "Point", "coordinates": [ 45.0, -75.213094168999987 ] } },
{ "type": "Feature", "properties": { "id": 1311, "u1": -0.14733479917049408, "u7": -1.8779338598251343, "v1": 1.2829986810684204, "v7": 1.4743876457214355 }, "geometry": { "type": "Point", "coordinates": [ 45.0, -80.925481168999966 ] } },
{ "type": "Feature", "properties": { "id": 1312, "u1": 1.1056660413742065, "u7": 2.132380485534668, "v1": -2.0533361434936523, "v7": -6.0416741371154785 }, "geometry": { "type": "Point", "coordinates": [ 45.0, -86.637868168999972 ] } },
{ "type": "Feature", "properties": { "id": 1314, "u1": -2.6733343601226807, "u7": 1.3732119798660278, "v1": 0.85533040761947632, "v7": -0.19745740294456482 }, "geometry": { "type": "Point", "coordinates": [ 50.625, 84.733741831 ] } },
{ "type": "Feature", "properties": { "id": 1315, "u1": -2.7280013561248779, "u7": 0.78809154033660889, "v1": 0.41966655850410461, "v7": -0.33180767297744751 }, "geometry": { "type": "Point", "coordinates": [ 50.625, 79.021354831000011 ] } },
{ "type": "Feature", "properties": { "id": 1316, "u1": -2.6396667957305908, "u7": 0.41583845019340515, "v1": 3.9399969577789307, "v7": -0.17937088012695312 }, "geometry": { "type": "Point", "coordinates": [ 50.625, 73.308967831000018 ] } },
{ "type": "Feature", "properties": { "id": 1317, "u1": 1.1739984750747681, "u7": -0.49489226937294006, "v1": 3.9466655254364014, "v7": -1.5522706508636475 }, "geometry": { "type": "Point", "coordinates": [ 50.625, 67.596580831000011 ] } },
{ "type": "Feature", "properties": { "id": 1318, "u1": 0.67466580867767334, "u7": 0.34876775741577148, "v1": 2.6676650047302246, "v7": -0.48084709048271179 }, "geometry": { "type": "Point", "coordinates": [ 50.625, 61.884193831 ] } },
{ "type": "Feature", "properties": { "id": 1319, "u1": 0.75999855995178223, "u7": 0.52608656883239746, "v1": 3.000664234161377, "v7": -0.70660388469696045 }, "geometry": { "type": "Point", "coordinates": [ 50.625, 56.171806831 ] } },
{ "type": "Feature", "properties": { "id": 1320, "u1": 0.093332923948764801, "u7": 0.41655027866363525, "v1": 2.5309972763061523, "v7": -1.5116820335388184 }, "geometry": { "type": "Point", "coordinates": [ 50.625, 50.459419831 ] } },
{ "type": "Feature", "properties": { "id": 1321, "u1": -1.9756667613983154, "u7": 0.35054171085357666, "v1": 0.17466531693935394, "v7": -1.5002930164337158 }, "geometry": { "type": "Point", "coordinates": [ 50.625, 44.747032831 ] } },
{ "type": "Feature", "properties": { "id": 1322, "u1": 0.4726664125919342, "u7": -3.648353099822998, "v1": -0.48466745018959045, "v7": -4.9737324714660645 }, "geometry": { "type": "Point", "coordinates": [ 50.625, 39.034645831 ] } },
{ "type": "Feature", "properties": { "id": 1323, "u1": -0.23566792905330658, "u7": -3.3915977478027344, "v1": 2.0769989490509033, "v7": -1.5154350996017456 }, "geometry": { "type": "Point", "coordinates": [ 50.625, 33.322258831 ] } },
{ "type": "Feature", "properties": { "id": 1324, "u1": 0.64966428279876709, "u7": 3.37441086769104, "v1": -0.99500072002410889, "v7": -2.9388024806976318 }, "geometry": { "type": "Point", "coordinates": [ 50.625, 27.609871831 ] } },
{ "type": "Feature", "properties": { "id": 1325, "u1": -0.10066884011030197, "u7": 1.9085097312927246, "v1": -0.83766734600067139, "v7": -1.0950173139572144 }, "geometry": { "type": "Point", "coordinates": [ 50.625, 21.897484831 ] } },
{ "type": "Feature", "properties": { "id": 1326, "u1": -2.4006674289703369, "u7": 4.0350427627563477, "v1": -0.33566743135452271, "v7": 7.7839512825012207 }, "geometry": { "type": "Point", "coordinates": [ 50.625, 16.185097831 ] } },
{ "type": "Feature", "properties": { "id": 1327, "u1": -4.3166680335998535, "u7": 5.2348470687866211, "v1": -3.4943349361419678, "v7": 8.2348299026489258 }, "geometry": { "type": "Point", "coordinates": [ 50.625, 10.472710831 ] } },
{ "type": "Feature", "properties": { "id": 1328, "u1": -5.8823337554931641, "u7": 8.0240879058837891, "v1": -6.7890000343322754, "v7": 8.401209831237793 }, "geometry": { "type": "Point", "coordinates": [ 50.625, 4.760323831000016 ] } },
{ "type": "Feature", "properties": { "id": 1329, "u1": -2.0000021457672119, "u7": 1.115774393081665, "v1": -5.8366680145263672, "v7": 6.8973288536071777 }, "geometry": { "type": "Point", "coordinates": [ 50.625, -0.952063169 ] } },
{ "type": "Feature", "properties": { "id": 1330, "u1": 1.8626657724380493, "u7": -3.7636494636535645, "v1": -2.3283360004425049, "v7": 8.0763740539550781 }, "geometry": { "type": "Point", "coordinates": [ 50.625, -6.664450169 ] } },
{ "type": "Feature", "properties": { "id": 1331, "u1": 0.94866538047790527, "u7": -6.2689099311828613, "v1": 0.0013315837131813169, "v7": 8.4028615951538086 }, "geometry": { "type": "Point", "coordinates": [ 50.625, -12.376837168999989 ] } },
{ "type": "Feature", "properties": { "id": 1332, "u1": -3.1710011959075928, "u7": -5.9605593681335449, "v1": -0.69766896963119507, "v7": 4.3684067726135254 }, "geometry": { "type": "Point", "coordinates": [ 50.625, -18.089224168999984 ] } },
{ "type": "Feature", "properties": { "id": 1333, "u1": -5.1036677360534668, "u7": -5.1450715065002441, "v1": -1.3803344964981079, "v7": 0.73844528198242188 }, "geometry": { "type": "Point", "coordinates": [ 50.625, -23.801611169 ] } },
{ "type": "Feature", "properties": { "id": 1334, "u1": -5.0770025253295898, "u7": -1.7477400302886963, "v1": -0.36300048232078552, "v7": -0.36600878834724426 }, "geometry": { "type": "Point", "coordinates": [ 50.625, -29.513998169 ] } },
{ "type": "Feature", "properties": { "id": 1335, "u1": -1.8323343992233276, "u7": 3.6442217826843262, "v1": -0.82966768741607666, "v7": -1.3817164897918701 }, "geometry": { "type": "Point", "coordinates": [ 50.625, -35.226385169 ] } },
{ "type": "Feature", "properties": { "id": 1336, "u1": 3.1186654567718506, "u7": 6.9495868682861328, "v1": -1.7163345813751221, "v7": -0.69117504358291626 }, "geometry": { "type": "Point", "coordinates": [ 50.625, -40.938772168999982 ] } },
{ "type": "Feature", "properties": { "id": 1337, "u1": 7.6833319664001465, "u7": 10.02759838104248, "v1": -3.6366684436798096, "v7": -2.8363275527954102 }, "geometry": { "type": "Point", "coordinates": [ 50.625, -46.651159168999989 ] } },
{ "type": "Feature", "properties": { "id": 1338, "u1": 8.8599977493286133, "u7": 10.308710098266602, "v1": -3.2756679058074951, "v7": -2.177969217300415 }, "geometry": { "type": "Point", "coordinates": [ 50.625, -52.363546169 ] } },
{ "type": "Feature", "properties": { "id": 1339, "u1": 5.4949994087219238, "u7": 6.4800205230712891, "v1": -1.5623337030410767, "v7": -0.72800540924072266 }, "geometry": { "type": "Point", "coordinates": [ 50.625, -58.075933169 ] } },
{ "type": "Feature", "properties": { "id": 1340, "u1": -0.57533466815948486, "u7": -5.4875154495239258, "v1": 0.59633177518844604, "v7": 1.6602486371994019 }, "geometry": { "type": "Point", "coordinates": [ 50.625, -63.788320168999981 ] } },
{ "type": "Feature", "properties": { "id": 1341, "u1": -6.4396696090698242, "u7": -11.028437614440918, "v1": 2.0379989147186279, "v7": 5.1447062492370605 }, "geometry": { "type": "Point", "coordinates": [ 50.625, -69.50070716899998 ] } },
{ "type": "Feature", "properties": { "id": 1342, "u1": 1.1816660165786743, "u7": 1.6523147821426392, "v1": 3.8383326530456543, "v7": 6.6028237342834473 }, "geometry": { "type": "Point", "coordinates": [ 50.625, -75.213094168999987 ] } },
{ "type": "Feature", "properties": { "id": 1343, "u1": -0.82433420419692993, "u7": -2.7541975975036621, "v1": 1.5393306016921997, "v7": 2.5504844188690186 }, "geometry": { "type": "Point", "coordinates": [ 50.625, -80.925481168999966 ] } },
{ "type": "Feature", "properties": { "id": 1344, "u1": 1.3949981927871704, "u7": 2.9734697341918945, "v1": -1.6316680908203125, "v7": -5.2368340492248535 }, "geometry": { "type": "Point", "coordinates": [ 50.625, -86.637868168999972 ] } },
{ "type": "Feature", "properties": { "id": 1346, "u1": -2.5793349742889404, "u7": 1.3254818916320801, "v1": 1.1736654043197632, "v7": -0.29769924283027649 }, "geometry": { "type": "Point", "coordinates": [ 56.25, 84.733741831 ] } },
{ "type": "Feature", "properties": { "id": 1347, "u1": -2.5596685409545898, "u7": 0.92479759454727173, "v1": 1.0666640996932983, "v7": -0.42938858270645142 }, "geometry": { "type": "Point", "coordinates": [ 56.25, 79.021354831000011 ] } },
{ "type": "Feature", "properties": { "id": 1348, "u1": -1.9296681880950928, "u7": 0.31711503863334656, "v1": 3.392998218536377, "v7": -0.26776701211929321 }, "geometry": { "type": "Point", "coordinates": [ 56.25, 73.308967831000018 ] } },
{ "type": "Feature", "properties": { "id": 1349, "u1": 1.1606649160385132, "u7": -0.45722779631614685, "v1": 3.8819987773895264, "v7": -1.4646968841552734 }, "geometry": { "type": "Point", "coordinates": [ 56.25, 67.596580831000011 ] } },
{ "type": "Feature", "properties": { "id": 1350, "u1": 0.73666584491729736, "u7": 0.48725855350494385, "v1": 2.7639989852905273, "v7": -0.92779076099395752 }, "geometry": { "type": "Point", "coordinates": [ 56.25, 61.884193831 ] } },
{ "type": "Feature", "properties": { "id": 1351, "u1": 1.1069997549057007, "u7": 0.62493789196014404, "v1": 3.022331714630127, "v7": -0.97570991516113281 }, "geometry": { "type": "Point", "coordinates": [ 56.25, 56.171806831 ] } },
{ "type": "Feature", "properties": { "id": 1352, "u1": 0.05766601487994194, "u7": 0.56995242834091187, "v1": 2.3536660671234131, "v7": -1.2681105136871338 }, "geometry": { "type": "Point", "coordinates": [ 56.25, 50.459419831 ] } },
{ "type": "Feature", "properties": { "id": 1353, "u1": -1.483001708984375, "u7": 0.14759610593318939, "v1": 0.16699880361557007, "v7": -3.1454832553863525 }, "geometry": { "type": "Point", "coordinates": [ 56.25, 44.747032831 ] } },
{ "type": "Feature", "properties": { "id": 1354, "u1": -0.83100181818008423, "u7": -2.2559149265289307, "v1": 0.47466632723808289, "v7": -3.5542852878570557 }, "geometry": { "type": "Point", "coordinates": [ 56.25, 39.034645831 ] } },
{ "type": "Feature", "properties": { "id": 1355, "u1": 2.7046651840209961, "u7": -5.5768308639526367, "v1": -0.66000109910964966, "v7": -3.0379631519317627 }, "geometry": { "type": "Point", "coordinates": [ 56.25, 33.322258831 ] } },
{ "type": "Feature", "properties": { "id": 1356, "u1": 0.71499991416931152, "u7": 0.99061137437820435, "v1": 0.21066436171531677, "v7": 1.0865284204483032 }, "geometry": { "type": "Point", "coordinates": [ 56.25, 27.609871831 ] } },
{ "type": "Feature", "properties": { "id": 1357, "u1": 0.40999907255172729, "u7": 0.48010501265525818, "v1": -0.43533426523208618, "v7": 4.2067570686340332 }, "geometry": { "type": "Point", "coordinates": [ 56.25, 21.897484831 ] } },
{ "type": "Feature", "properties": { "id": 1358, "u1": -4.2473330497741699, "u7": 7.8333606719970703, "v1": -3.2896683216094971, "v7": 10.952973365783691 }, "geometry": { "type": "Point", "coordinates": [ 56.25, 16.185097831 ] } },
{ "type": "Feature", "properties": { "id": 1359, "u1": -5.0346674919128418, "u7": 9.5610532760620117, "v1": -6.1236672401428223, "v7": 11.099732398986816 }, "geometry": { "type": "Point", "coordinates": [ 56.25, 10.472710831 ] } },
{ "type": "Feature", "properties": { "id": 1360, "u1": -3.7096664905548096, "u7": 6.8714308738708496, "v1": -5.7900009155273438, "v7": 6.1135072708129883 }, "geometry": { "type": "Point", "coordinates": [ 56.25, 4.760323831000016 ] } },
{ "type": "Feature", "properties": { "id": 1361, "u1": -0.79433542490005493, "u7": 0.37411132454872131, "v1": -4.548335075378418, "v7": 6.1984720230102539 }, "geometry": { "type": "Point", "coordinates": [ 56.25, -0.952063169 ] } },
{ "type": "Feature", "properties": { "id": 1362, "u1": 3.0063323974609375, "u7": -4.6090598106384277, "v1": -1.7193338871002197, "v7": 5.900731086730957 }, "geometry": { "type": "Point", "coordinates": [ 56.25, -6.664450169 ] } },
{ "type": "Feature", "properties": { "id": 1363, "u1": -0.65600281953811646, "u7": -7.1118497848510742, "v1": 0.16966603696346283, "v7": 6.5962777137756348 }, "geometry": { "type": "Point", "coordinates": [ 56.25, -12.376837168999989 ] } },
{ "type": "Feature", "properties": { "id": 1364, "u1": -3.8936681747436523, "u7": -7.0076594352722168, "v1": -0.37933450937271118, "v7": 4.9177379608154297 }, "geometry": { "type": "Point", "coordinates": [ 56.25, -18.089224168999984 ] } },
{ "type": "Feature", "properties": { "id": 1365, "u1": -5.7046689987182617, "u7": -5.8785395622253418, "v1": -0.33699849247932434, "v7": 2.4271175861358643 }, "geometry": { "type": "Point", "coordinates": [ 56.25, -23.801611169 ] } },
{ "type": "Feature", "properties": { "id": 1366, "u1": -4.9660019874572754, "u7": -1.3354551792144775, "v1": -0.22866770625114441, "v7": 0.2006269097328186 }, "geometry": { "type": "Point", "coordinates": [ 56.25, -29.513998169 ] } },
{ "type": "Feature", "properties": { "id": 1367, "u1": -1.4203333854675293, "u7": 4.2569694519042969, "v1": -0.7176666259765625, "v7": -1.2872382402420044 }, "geometry": { "type": "Point", "coordinates": [ 56.25, -35.226385169 ] } },
{ "type": "Feature", "properties": { "id": 1368, "u1": 3.8363320827484131, "u7": 8.4721183776855469, "v1": -1.0770003795623779, "v7": -0.1062772274017334 }, "geometry": { "type": "Point", "coordinates": [ 56.25, -40.938772168999982 ] } },
{ "type": "Feature", "properties": { "id": 1369, "u1": 8.4433307647705078, "u7": 10.837446212768555, "v1": -3.0033345222473145, "v7": -1.8571574687957764 }, "geometry": { "type": "Point", "coordinates": [ 56.25, -46.651159168999989 ] } },
{ "type": "Feature", "properties": { "id": 1370, "u1": 9.2516641616821289, "u7": 10.17640209197998, "v1": -3.0843343734741211, "v7": -1.7521113157272339 }, "geometry": { "type": "Point", "coordinates": [ 56.25, -52.363546169 ] } },
{ "type": "Feature", "properties": { "id": 1371, "u1": 5.7893314361572266, "u7": 6.2228074073791504, "v1": -1.3290008306503296, "v7": -0.44138437509536743 }, "geometry": { "type": "Point", "coordinates": [ 56.25, -58.075933169 ] } },
{ "type": "Feature", "properties": { "id": 1372, "u1": -0.97266793251037598, "u7": -5.8907914161682129, "v1": 0.88166606426239014, "v7": 3.2811214923858643 }, "geometry": { "type": "Point", "coordinates": [ 56.25, -63.788320168999981 ] } },
{ "type": "Feature", "properties": { "id": 1373, "u1": -4.5756692886352539, "u7": -6.1855907440185547, "v1": 4.810997486114502, "v7": 9.9572019577026367 }, "geometry": { "type": "Point", "coordinates": [ 56.25, -69.50070716899998 ] } },
{ "type": "Feature", "properties": { "id": 1374, "u1": 1.2029988765716553, "u7": 2.4961488246917725, "v1": 4.2276644706726074, "v7": 7.9662580490112305 }, "geometry": { "type": "Point", "coordinates": [ 56.25, -75.213094168999987 ] } },
{ "type": "Feature", "properties": { "id": 1375, "u1": -1.408001184463501, "u7": -3.6704144477844238, "v1": 1.4399968385696411, "v7": 2.971332311630249 }, "geometry": { "type": "Point", "coordinates": [ 56.25, -80.925481168999966 ] } },
{ "type": "Feature", "properties": { "id": 1376, "u1": 1.6393331289291382, "u7": 3.727320671081543, "v1": -1.1960006952285767, "v7": -4.3562722206115723 }, "geometry": { "type": "Point", "coordinates": [ 56.25, -86.637868168999972 ] } },
{ "type": "Feature", "properties": { "id": 1378, "u1": -2.4376668930053711, "u7": 1.2658817768096924, "v1": 1.4599975347518921, "v7": -0.38398373126983643 }, "geometry": { "type": "Point", "coordinates": [ 61.875, 84.733741831 ] } },
{ "type": "Feature", "properties": { "id": 1379, "u1": -2.3003342151641846, "u7": 1.0091736316680908, "v1": 1.5473307371139526, "v7": -0.53088635206222534 }, "geometry": { "type": "Point", "coordinates": [ 61.875, 79.021354831000011 ] } },
{ "type": "Feature", "properties": { "id": 1380, "u1": -1.1003341674804688, "u7": 0.28404781222343445, "v1": 2.6479990482330322, "v7": -0.7906457781791687 }, "geometry": { "type": "Point", "coordinates": [ 61.875, 73.308967831000018 ] } },
{ "type": "Feature", "properties": { "id": 1381, "u1": 1.5249979496002197, "u7": -0.41120800375938416, "v1": 3.48699951171875, "v7": -1.6247266530990601 }, "geometry": { "type": "Point", "coordinates": [ 61.875, 67.596580831000011 ] } },
{ "type": "Feature", "properties": { "id": 1382, "u1": 0.96399790048599243, "u7": 0.51647108793258667, "v1": 2.1883316040039062, "v7": -1.3086574077606201 }, "geometry": { "type": "Point", "coordinates": [ 61.875, 61.884193831 ] } },
{ "type": "Feature", "properties": { "id": 1383, "u1": 1.7486653327941895, "u7": 0.80034565925598145, "v1": 2.3699991703033447, "v7": -1.0860512256622314 }, "geometry": { "type": "Point", "coordinates": [ 61.875, 56.171806831 ] } },
{ "type": "Feature", "properties": { "id": 1384, "u1": 0.43599852919578552, "u7": 0.45660623908042908, "v1": 1.8600001335144043, "v7": -1.6534093618392944 }, "geometry": { "type": "Point", "coordinates": [ 61.875, 50.459419831 ] } },
{ "type": "Feature", "properties": { "id": 1385, "u1": -1.1573338508605957, "u7": 0.12828940153121948, "v1": -0.71066892147064209, "v7": -2.8402731418609619 }, "geometry": { "type": "Point", "coordinates": [ 61.875, 44.747032831 ] } },
{ "type": "Feature", "properties": { "id": 1386, "u1": -0.10100097954273224, "u7": -1.1903973817825317, "v1": -1.2113347053527832, "v7": -3.6873557567596436 }, "geometry": { "type": "Point", "coordinates": [ 61.875, 39.034645831 ] } },
{ "type": "Feature", "properties": { "id": 1387, "u1": 0.46933186054229736, "u7": -3.0365066528320312, "v1": 1.7966654300689697, "v7": -7.8504953384399414 }, "geometry": { "type": "Point", "coordinates": [ 61.875, 33.322258831 ] } },
{ "type": "Feature", "properties": { "id": 1388, "u1": 0.48433277010917664, "u7": 3.6531593799591064, "v1": -0.40666860342025757, "v7": 1.7882128953933716 }, "geometry": { "type": "Point", "coordinates": [ 61.875, 27.609871831 ] } },
{ "type": "Feature", "properties": { "id": 1389, "u1": -0.01666819304227829, "u7": 4.2597832679748535, "v1": -1.9113342761993408, "v7": 6.351738452911377 }, "geometry": { "type": "Point", "coordinates": [ 61.875, 21.897484831 ] } },
{ "type": "Feature", "properties": { "id": 1390, "u1": -3.6250004768371582, "u7": 10.756147384643555, "v1": -4.8980007171630859, "v7": 7.4790873527526855 }, "geometry": { "type": "Point", "coordinates": [ 61.875, 16.185097831 ] } },
{ "type": "Feature", "properties": { "id": 1391, "u1": -4.2066693305969238, "u7": 10.089065551757812, "v1": -6.1046671867370605, "v7": 6.063389778137207 }, "geometry": { "type": "Point", "coordinates": [ 61.875, 10.472710831 ] } },
{ "type": "Feature", "properties": { "id": 1392, "u1": -3.5566675662994385, "u7": 5.3574399948120117, "v1": -4.7490010261535645, "v7": 4.5675764083862305 }, "geometry": { "type": "Point", "coordinates": [ 61.875, 4.760323831000016 ] } },
{ "type": "Feature", "properties": { "id": 1393, "u1": -0.46900075674057007, "u7": -1.4060672521591187, "v1": -3.4596683979034424, "v7": 4.4158034324645996 }, "geometry": { "type": "Point", "coordinates": [ 61.875, -0.952063169 ] } },
{ "type": "Feature", "properties": { "id": 1394, "u1": 2.8066656589508057, "u7": -5.8072195053100586, "v1": -1.7536681890487671, "v7": 4.9505581855773926 }, "geometry": { "type": "Point", "coordinates": [ 61.875, -6.664450169 ] } },
{ "type": "Feature", "properties": { "id": 1395, "u1": -1.6666692495346069, "u7": -7.9666457176208496, "v1": 0.46299794316291809, "v7": 5.9136881828308105 }, "geometry": { "type": "Point", "coordinates": [ 61.875, -12.376837168999989 ] } },
{ "type": "Feature", "properties": { "id": 1396, "u1": -5.0269994735717773, "u7": -8.0883646011352539, "v1": 0.67000019550323486, "v7": 5.2692241668701172 }, "geometry": { "type": "Point", "coordinates": [ 61.875, -18.089224168999984 ] } },
{ "type": "Feature", "properties": { "id": 1397, "u1": -5.9683332443237305, "u7": -6.052518367767334, "v1": -0.1603342741727829, "v7": 2.9653310775756836 }, "geometry": { "type": "Point", "coordinates": [ 61.875, -23.801611169 ] } },
{ "type": "Feature", "properties": { "id": 1398, "u1": -4.5973362922668457, "u7": -1.2887465953826904, "v1": 0.17199757695198059, "v7": 0.87630504369735718 }, "geometry": { "type": "Point", "coordinates": [ 61.875, -29.513998169 ] } },
{ "type": "Feature", "properties": { "id": 1399, "u1": -0.96866661310195923, "u7": 4.9102587699890137, "v1": -0.55633288621902466, "v7": -1.0865628719329834 }, "geometry": { "type": "Point", "coordinates": [ 61.875, -35.226385169 ] } },
{ "type": "Feature", "properties": { "id": 1400, "u1": 4.3479981422424316, "u7": 9.3716897964477539, "v1": -1.1823348999023438, "v7": -0.49025040864944458 }, "geometry": { "type": "Point", "coordinates": [ 61.875, -40.938772168999982 ] } },
{ "type": "Feature", "properties": { "id": 1401, "u1": 8.3716659545898438, "u7": 10.64309024810791, "v1": -2.3410003185272217, "v7": -0.87509578466415405 }, "geometry": { "type": "Point", "coordinates": [ 61.875, -46.651159168999989 ] } },
{ "type": "Feature", "properties": { "id": 1402, "u1": 9.543665885925293, "u7": 10.103669166564941, "v1": -2.9360015392303467, "v7": -1.4823530912399292 }, "geometry": { "type": "Point", "coordinates": [ 61.875, -52.363546169 ] } },
{ "type": "Feature", "properties": { "id": 1403, "u1": 6.1763310432434082, "u7": 5.9473776817321777, "v1": -1.0650019645690918, "v7": 0.10119488835334778 }, "geometry": { "type": "Point", "coordinates": [ 61.875, -58.075933169 ] } },
{ "type": "Feature", "properties": { "id": 1404, "u1": -1.0900008678436279, "u7": -4.3527898788452148, "v1": 1.3679982423782349, "v7": 4.4439420700073242 }, "geometry": { "type": "Point", "coordinates": [ 61.875, -63.788320168999981 ] } },
{ "type": "Feature", "properties": { "id": 1405, "u1": -2.2990000247955322, "u7": -1.5523437261581421, "v1": 7.5263309478759766, "v7": 14.629987716674805 }, "geometry": { "type": "Point", "coordinates": [ 61.875, -69.50070716899998 ] } },
{ "type": "Feature", "properties": { "id": 1406, "u1": -0.55700176954269409, "u7": -0.16218096017837524, "v1": 3.3229990005493164, "v7": 7.4806041717529297 }, "geometry": { "type": "Point", "coordinates": [ 61.875, -75.213094168999987 ] } },
{ "type": "Feature", "properties": { "id": 1407, "u1": -1.7033345699310303, "u7": -4.2448320388793945, "v1": 1.0730005502700806, "v7": 2.710834264755249 }, "geometry": { "type": "Point", "coordinates": [ 61.875, -80.925481168999966 ] } },
{ "type": "Feature", "properties": { "id": 1408, "u1": 1.8396651744842529, "u7": 4.3976573944091797, "v1": -0.74433493614196777, "v7": -3.4082100391387939 }, "geometry": { "type": "Point", "coordinates": [ 61.875, -86.637868168999972 ] } },
{ "type": "Feature", "properties": { "id": 1410, "u1": -2.2396683692932129, "u7": 1.2027624845504761, "v1": 1.7199981212615967, "v7": -0.46698230504989624 }, "geometry": { "type": "Point", "coordinates": [ 67.5, 84.733741831 ] } },
{ "type": "Feature", "properties": { "id": 1411, "u1": -2.1023352146148682, "u7": 0.98877555131912231, "v1": 1.8643325567245483, "v7": -0.60407334566116333 }, "geometry": { "type": "Point", "coordinates": [ 67.5, 79.021354831000011 ] } },
{ "type": "Feature", "properties": { "id": 1412, "u1": -0.51166838407516479, "u7": 0.17454454302787781, "v1": 2.0656640529632568, "v7": -1.5152566432952881 }, "geometry": { "type": "Point", "coordinates": [ 67.5, 73.308967831000018 ] } },
{ "type": "Feature", "properties": { "id": 1413, "u1": 1.7276642322540283, "u7": -0.19559265673160553, "v1": 3.0466654300689697, "v7": -2.1840672492980957 }, "geometry": { "type": "Point", "coordinates": [ 67.5, 67.596580831000011 ] } },
{ "type": "Feature", "properties": { "id": 1414, "u1": 0.83199816942214966, "u7": 0.28462585806846619, "v1": 2.4183323383331299, "v7": -1.174368143081665 }, "geometry": { "type": "Point", "coordinates": [ 67.5, 61.884193831 ] } },
{ "type": "Feature", "properties": { "id": 1415, "u1": 1.4666661024093628, "u7": 0.56206351518630981, "v1": 3.0199980735778809, "v7": -0.94901233911514282 }, "geometry": { "type": "Point", "coordinates": [ 67.5, 56.171806831 ] } },
{ "type": "Feature", "properties": { "id": 1416, "u1": 0.51833140850067139, "u7": -0.037559948861598969, "v1": 3.1543328762054443, "v7": -1.2787988185882568 }, "geometry": { "type": "Point", "coordinates": [ 67.5, 50.459419831 ] } },
{ "type": "Feature", "properties": { "id": 1417, "u1": -1.8300007581710815, "u7": -0.32614356279373169, "v1": -0.05866800993680954, "v7": -2.7199075222015381 }, "geometry": { "type": "Point", "coordinates": [ 67.5, 44.747032831 ] } },
{ "type": "Feature", "properties": { "id": 1418, "u1": -1.2059997320175171, "u7": 0.017345143482089043, "v1": 3.6813318729400635, "v7": -3.7192118167877197 }, "geometry": { "type": "Point", "coordinates": [ 67.5, 39.034645831 ] } },
{ "type": "Feature", "properties": { "id": 1419, "u1": 0.2439982146024704, "u7": -1.5368639230728149, "v1": 1.2826639413833618, "v7": -2.0234799385070801 }, "geometry": { "type": "Point", "coordinates": [ 67.5, 33.322258831 ] } },
{ "type": "Feature", "properties": { "id": 1420, "u1": -0.45899912714958191, "u7": 1.9564956426620483, "v1": -0.30566760897636414, "v7": 4.8394055366516113 }, "geometry": { "type": "Point", "coordinates": [ 67.5, 27.609871831 ] } },
{ "type": "Feature", "properties": { "id": 1421, "u1": -1.121001124382019, "u7": 7.634882926940918, "v1": -3.6103353500366211, "v7": 3.785179615020752 }, "geometry": { "type": "Point", "coordinates": [ 67.5, 21.897484831 ] } },
{ "type": "Feature", "properties": { "id": 1422, "u1": -2.0786676406860352, "u7": 10.823675155639648, "v1": -5.738001823425293, "v7": 3.9547109603881836 }, "geometry": { "type": "Point", "coordinates": [ 67.5, 16.185097831 ] } },
{ "type": "Feature", "properties": { "id": 1423, "u1": -2.8656666278839111, "u7": 9.1829700469970703, "v1": -5.2976679801940918, "v7": 2.5468952655792236 }, "geometry": { "type": "Point", "coordinates": [ 67.5, 10.472710831 ] } },
{ "type": "Feature", "properties": { "id": 1424, "u1": -3.0289998054504395, "u7": 3.7955813407897949, "v1": -3.2409999370574951, "v7": 2.8053081035614014 }, "geometry": { "type": "Point", "coordinates": [ 67.5, 4.760323831000016 ] } },
{ "type": "Feature", "properties": { "id": 1425, "u1": -0.48733469843864441, "u7": -1.9622199535369873, "v1": -2.862335205078125, "v7": 2.9619309902191162 }, "geometry": { "type": "Point", "coordinates": [ 67.5, -0.952063169 ] } },
{ "type": "Feature", "properties": { "id": 1426, "u1": 2.6706645488739014, "u7": -6.1142134666442871, "v1": -1.4163340330123901, "v7": 4.3770008087158203 }, "geometry": { "type": "Point", "coordinates": [ 67.5, -6.664450169 ] } },
{ "type": "Feature", "properties": { "id": 1427, "u1": -2.1120009422302246, "u7": -8.2983503341674805, "v1": 0.83266651630401611, "v7": 5.4321908950805664 }, "geometry": { "type": "Point", "coordinates": [ 67.5, -12.376837168999989 ] } },
{ "type": "Feature", "properties": { "id": 1428, "u1": -6.099001407623291, "u7": -8.56768798828125, "v1": 1.4189982414245605, "v7": 5.2410216331481934 }, "geometry": { "type": "Point", "coordinates": [ 67.5, -18.089224168999984 ] } },
{ "type": "Feature", "properties": { "id": 1429, "u1": -6.1366677284240723, "u7": -6.1476230621337891, "v1": 0.50099891424179077, "v7": 3.503399133682251 }, "geometry": { "type": "Point", "coordinates": [ 67.5, -23.801611169 ] } },
{ "type": "Feature", "properties": { "id": 1430, "u1": -4.3970026969909668, "u7": -0.89998751878738403, "v1": 0.1283314973115921, "v7": 1.4186604022979736 }, "geometry": { "type": "Point", "coordinates": [ 67.5, -29.513998169 ] } },
{ "type": "Feature", "properties": { "id": 1431, "u1": -0.69066822528839111, "u7": 5.4819722175598145, "v1": -0.35066834092140198, "v7": -0.55226230621337891 }, "geometry": { "type": "Point", "coordinates": [ 67.5, -35.226385169 ] } },
{ "type": "Feature", "properties": { "id": 1432, "u1": 4.6066646575927734, "u7": 9.3557071685791016, "v1": -1.405669093132019, "v7": -0.88522601127624512 }, "geometry": { "type": "Point", "coordinates": [ 67.5, -40.938772168999982 ] } },
{ "type": "Feature", "properties": { "id": 1433, "u1": 8.2063312530517578, "u7": 9.7528009414672852, "v1": -2.3803355693817139, "v7": -1.2854828834533691 }, "geometry": { "type": "Point", "coordinates": [ 67.5, -46.651159168999989 ] } },
{ "type": "Feature", "properties": { "id": 1434, "u1": 9.8873310089111328, "u7": 10.063834190368652, "v1": -2.8706691265106201, "v7": -1.2433550357818604 }, "geometry": { "type": "Point", "coordinates": [ 67.5, -52.363546169 ] } },
{ "type": "Feature", "properties": { "id": 1435, "u1": 6.2006654739379883, "u7": 5.2537078857421875, "v1": -0.91466927528381348, "v7": 0.40895101428031921 }, "geometry": { "type": "Point", "coordinates": [ 67.5, -58.075933169 ] } },
{ "type": "Feature", "properties": { "id": 1436, "u1": -0.43933564424514771, "u7": -1.5869799852371216, "v1": 1.4319987297058105, "v7": 3.8602216243743896 }, "geometry": { "type": "Point", "coordinates": [ 67.5, -63.788320168999981 ] } },
{ "type": "Feature", "properties": { "id": 1437, "u1": -2.1786673069000244, "u7": -1.8584668636322021, "v1": 6.5326657295227051, "v7": 12.390079498291016 }, "geometry": { "type": "Point", "coordinates": [ 67.5, -69.50070716899998 ] } },
{ "type": "Feature", "properties": { "id": 1438, "u1": -2.9336678981781006, "u7": -4.7945189476013184, "v1": 1.0079976320266724, "v7": 3.8375849723815918 }, "geometry": { "type": "Point", "coordinates": [ 67.5, -75.213094168999987 ] } },
{ "type": "Feature", "properties": { "id": 1439, "u1": -1.5990015268325806, "u7": -4.1303744316101074, "v1": 0.65333151817321777, "v7": 2.013263463973999 }, "geometry": { "type": "Point", "coordinates": [ 67.5, -80.925481168999966 ] } },
{ "type": "Feature", "properties": { "id": 1440, "u1": 2.0016653537750244, "u7": 4.9820942878723145, "v1": -0.28300067782402039, "v7": -2.3978025913238525 }, "geometry": { "type": "Point", "coordinates": [ 67.5, -86.637868168999972 ] } },
{ "type": "Feature", "properties": { "id": 1442, "u1": -2.010333776473999, "u7": 1.1342170238494873, "v1": 1.943665623664856, "v7": -0.55162739753723145 }, "geometry": { "type": "Point", "coordinates": [ 73.125, 84.733741831 ] } },
{ "type": "Feature", "properties": { "id": 1443, "u1": -1.9836690425872803, "u7": 0.89474081993103027, "v1": 2.189666748046875, "v7": -0.65578347444534302 }, "geometry": { "type": "Point", "coordinates": [ 73.125, 79.021354831000011 ] } },
{ "type": "Feature", "properties": { "id": 1444, "u1": -0.47299957275390625, "u7": -0.017784349620342255, "v1": 2.2533318996429443, "v7": -2.1422812938690186 }, "geometry": { "type": "Point", "coordinates": [ 73.125, 73.308967831000018 ] } },
{ "type": "Feature", "properties": { "id": 1445, "u1": 1.5736649036407471, "u7": 0.32572495937347412, "v1": 3.2243311405181885, "v7": -2.5459320545196533 }, "geometry": { "type": "Point", "coordinates": [ 73.125, 67.596580831000011 ] } },
{ "type": "Feature", "properties": { "id": 1446, "u1": 0.73866528272628784, "u7": 0.17562198638916016, "v1": 3.1446645259857178, "v7": -0.99523663520812988 }, "geometry": { "type": "Point", "coordinates": [ 73.125, 61.884193831 ] } },
{ "type": "Feature", "properties": { "id": 1447, "u1": 0.94999849796295166, "u7": 0.34686198830604553, "v1": 2.9786651134490967, "v7": -0.93580460548400879 }, "geometry": { "type": "Point", "coordinates": [ 73.125, 56.171806831 ] } },
{ "type": "Feature", "properties": { "id": 1448, "u1": 1.2699986696243286, "u7": 0.29231458902359009, "v1": 2.8319966793060303, "v7": -1.0580666065216064 }, "geometry": { "type": "Point", "coordinates": [ 73.125, 50.459419831 ] } },
{ "type": "Feature", "properties": { "id": 1449, "u1": -0.95566713809967041, "u7": -0.54637545347213745, "v1": 2.2189981937408447, "v7": -1.6267827749252319 }, "geometry": { "type": "Point", "coordinates": [ 73.125, 44.747032831 ] } },
{ "type": "Feature", "properties": { "id": 1450, "u1": 2.5486652851104736, "u7": -0.07095809280872345, "v1": 4.7393326759338379, "v7": 0.35590603947639465 }, "geometry": { "type": "Point", "coordinates": [ 73.125, 39.034645831 ] } },
{ "type": "Feature", "properties": { "id": 1451, "u1": -2.7413334846496582, "u7": -1.494550347328186, "v1": -1.2270004749298096, "v7": -1.1082208156585693 }, "geometry": { "type": "Point", "coordinates": [ 73.125, 33.322258831 ] } },
{ "type": "Feature", "properties": { "id": 1452, "u1": 0.13933207094669342, "u7": 1.5836490392684937, "v1": -1.1063369512557983, "v7": 3.0809686183929443 }, "geometry": { "type": "Point", "coordinates": [ 73.125, 27.609871831 ] } },
{ "type": "Feature", "properties": { "id": 1453, "u1": -0.80600130558013916, "u7": 4.0036520957946777, "v1": -1.8416687250137329, "v7": 2.9692525863647461 }, "geometry": { "type": "Point", "coordinates": [ 73.125, 21.897484831 ] } },
{ "type": "Feature", "properties": { "id": 1454, "u1": -0.28133493661880493, "u7": 8.6393308639526367, "v1": -2.5946691036224365, "v7": 1.0415871143341064 }, "geometry": { "type": "Point", "coordinates": [ 73.125, 16.185097831 ] } },
{ "type": "Feature", "properties": { "id": 1455, "u1": -1.150999903678894, "u7": 8.3318300247192383, "v1": -2.352001428604126, "v7": -0.1799706369638443 }, "geometry": { "type": "Point", "coordinates": [ 73.125, 10.472710831 ] } },
{ "type": "Feature", "properties": { "id": 1456, "u1": -2.5426685810089111, "u7": 3.810779333114624, "v1": -2.9836680889129639, "v7": 1.3385791778564453 }, "geometry": { "type": "Point", "coordinates": [ 73.125, 4.760323831000016 ] } },
{ "type": "Feature", "properties": { "id": 1457, "u1": -0.37233325839042664, "u7": -0.48712727427482605, "v1": -2.9420013427734375, "v7": 2.9198813438415527 }, "geometry": { "type": "Point", "coordinates": [ 73.125, -0.952063169 ] } },
{ "type": "Feature", "properties": { "id": 1458, "u1": 2.7383310794830322, "u7": -5.6287045478820801, "v1": -1.359001636505127, "v7": 4.4822859764099121 }, "geometry": { "type": "Point", "coordinates": [ 73.125, -6.664450169 ] } },
{ "type": "Feature", "properties": { "id": 1459, "u1": -2.9436681270599365, "u7": -8.4053354263305664, "v1": 1.0009979009628296, "v7": 5.446199893951416 }, "geometry": { "type": "Point", "coordinates": [ 73.125, -12.376837168999989 ] } },
{ "type": "Feature", "properties": { "id": 1460, "u1": -6.6053357124328613, "u7": -8.7802772521972656, "v1": 1.8556650876998901, "v7": 5.1271066665649414 }, "geometry": { "type": "Point", "coordinates": [ 73.125, -18.089224168999984 ] } },
{ "type": "Feature", "properties": { "id": 1461, "u1": -6.3253350257873535, "u7": -6.0853695869445801, "v1": 0.95966541767120361, "v7": 3.7314419746398926 }, "geometry": { "type": "Point", "coordinates": [ 73.125, -23.801611169 ] } },
{ "type": "Feature", "properties": { "id": 1462, "u1": -4.3996691703796387, "u7": -0.31138616800308228, "v1": 0.44033151865005493, "v7": 1.7733970880508423 }, "geometry": { "type": "Point", "coordinates": [ 73.125, -29.513998169 ] } },
{ "type": "Feature", "properties": { "id": 1463, "u1": -0.33866831660270691, "u7": 5.7960205078125, "v1": -0.26500090956687927, "v7": -0.19200931489467621 }, "geometry": { "type": "Point", "coordinates": [ 73.125, -35.226385169 ] } },
{ "type": "Feature", "properties": { "id": 1464, "u1": 5.1016664505004883, "u7": 9.7189207077026367, "v1": -1.3346685171127319, "v7": -0.73514372110366821 }, "geometry": { "type": "Point", "coordinates": [ 73.125, -40.938772168999982 ] } },
{ "type": "Feature", "properties": { "id": 1465, "u1": 8.9706621170043945, "u7": 10.47910213470459, "v1": -1.7936666011810303, "v7": -0.6352728009223938 }, "geometry": { "type": "Point", "coordinates": [ 73.125, -46.651159168999989 ] } },
{ "type": "Feature", "properties": { "id": 1466, "u1": 10.191662788391113, "u7": 9.893803596496582, "v1": -2.6120009422302246, "v7": -1.1919174194335938 }, "geometry": { "type": "Point", "coordinates": [ 73.125, -52.363546169 ] } },
{ "type": "Feature", "properties": { "id": 1467, "u1": 5.9206628799438477, "u7": 4.375333309173584, "v1": -0.84366607666015625, "v7": 0.48408001661300659 }, "geometry": { "type": "Point", "coordinates": [ 73.125, -58.075933169 ] } },
{ "type": "Feature", "properties": { "id": 1468, "u1": -0.032333884388208389, "u7": -0.17287349700927734, "v1": 0.77399748563766479, "v7": 1.9990030527114868 }, "geometry": { "type": "Point", "coordinates": [ 73.125, -63.788320168999981 ] } },
{ "type": "Feature", "properties": { "id": 1469, "u1": -3.6950037479400635, "u7": -6.5146174430847168, "v1": 1.9816654920578003, "v7": 3.5433757305145264 }, "geometry": { "type": "Point", "coordinates": [ 73.125, -69.50070716899998 ] } },
{ "type": "Feature", "properties": { "id": 1470, "u1": -4.4046673774719238, "u7": -8.5711078643798828, "v1": -1.621001124382019, "v7": -1.4277032613754272 }, "geometry": { "type": "Point", "coordinates": [ 73.125, -75.213094168999987 ] } },
{ "type": "Feature", "properties": { "id": 1471, "u1": -1.0893336534500122, "u7": -3.1996133327484131, "v1": 0.42766621708869934, "v7": 1.2846004962921143 }, "geometry": { "type": "Point", "coordinates": [ 73.125, -80.925481168999966 ] } },
{ "type": "Feature", "properties": { "id": 1472, "u1": 2.1206655502319336, "u7": 5.4770617485046387, "v1": 0.18966470658779144, "v7": -1.3252155780792236 }, "geometry": { "type": "Point", "coordinates": [ 73.125, -86.637868168999972 ] } },
{ "type": "Feature", "properties": { "id": 1474, "u1": -1.7516683340072632, "u7": 1.0621646642684937, "v1": 2.1329987049102783, "v7": -0.63959622383117676 }, "geometry": { "type": "Point", "coordinates": [ 78.75, 84.733741831 ] } },
{ "type": "Feature", "properties": { "id": 1475, "u1": -1.7986679077148438, "u7": 0.78436028957366943, "v1": 2.5096650123596191, "v7": -0.67152589559555054 }, "geometry": { "type": "Point", "coordinates": [ 78.75, 79.021354831000011 ] } },
{ "type": "Feature", "properties": { "id": 1476, "u1": -0.47400104999542236, "u7": -0.25441360473632812, "v1": 2.9459981918334961, "v7": -2.3707804679870605 }, "geometry": { "type": "Point", "coordinates": [ 78.75, 73.308967831000018 ] } },
{ "type": "Feature", "properties": { "id": 1477, "u1": 0.75166523456573486, "u7": 0.44412404298782349, "v1": 3.7323317527770996, "v7": -2.360518217086792 }, "geometry": { "type": "Point", "coordinates": [ 78.75, 67.596580831000011 ] } },
{ "type": "Feature", "properties": { "id": 1478, "u1": 0.88833111524581909, "u7": 0.24514122307300568, "v1": 3.3203322887420654, "v7": -0.91672712564468384 }, "geometry": { "type": "Point", "coordinates": [ 78.75, 61.884193831 ] } },
{ "type": "Feature", "properties": { "id": 1479, "u1": 0.81966555118560791, "u7": -0.013501850888133049, "v1": 3.0086655616760254, "v7": -0.86973857879638672 }, "geometry": { "type": "Point", "coordinates": [ 78.75, 56.171806831 ] } },
{ "type": "Feature", "properties": { "id": 1480, "u1": 0.85533243417739868, "u7": 0.5965302586555481, "v1": 3.4169983863830566, "v7": -1.4680972099304199 }, "geometry": { "type": "Point", "coordinates": [ 78.75, 50.459419831 ] } },
{ "type": "Feature", "properties": { "id": 1481, "u1": 0.22033233940601349, "u7": 0.63367170095443726, "v1": 3.6559991836547852, "v7": -1.1424634456634521 }, "geometry": { "type": "Point", "coordinates": [ 78.75, 44.747032831 ] } },
{ "type": "Feature", "properties": { "id": 1482, "u1": 2.4516668319702148, "u7": -2.0452864170074463, "v1": 1.199664831161499, "v7": -2.8510117530822754 }, "geometry": { "type": "Point", "coordinates": [ 78.75, 39.034645831 ] } },
{ "type": "Feature", "properties": { "id": 1483, "u1": 1.511664867401123, "u7": 1.3060437440872192, "v1": 5.1339983940124512, "v7": -0.96436905860900879 }, "geometry": { "type": "Point", "coordinates": [ 78.75, 33.322258831 ] } },
{ "type": "Feature", "properties": { "id": 1484, "u1": -0.83733570575714111, "u7": 0.60709685087203979, "v1": -1.687335729598999, "v7": 0.90153014659881592 }, "geometry": { "type": "Point", "coordinates": [ 78.75, 27.609871831 ] } },
{ "type": "Feature", "properties": { "id": 1485, "u1": -1.5313359498977661, "u7": 3.6732783317565918, "v1": -1.0070022344589233, "v7": 1.0967429876327515 }, "geometry": { "type": "Point", "coordinates": [ 78.75, 21.897484831 ] } },
{ "type": "Feature", "properties": { "id": 1486, "u1": -2.5023341178894043, "u7": 4.4995245933532715, "v1": 0.70399731397628784, "v7": 1.1234371662139893 }, "geometry": { "type": "Point", "coordinates": [ 78.75, 16.185097831 ] } },
{ "type": "Feature", "properties": { "id": 1487, "u1": -3.7703332901000977, "u7": 4.8022885322570801, "v1": -2.609001636505127, "v7": 1.5738111734390259 }, "geometry": { "type": "Point", "coordinates": [ 78.75, 10.472710831 ] } },
{ "type": "Feature", "properties": { "id": 1488, "u1": -2.353668212890625, "u7": 6.8220181465148926, "v1": -5.0520024299621582, "v7": 1.3974133729934692 }, "geometry": { "type": "Point", "coordinates": [ 78.75, 4.760323831000016 ] } },
{ "type": "Feature", "properties": { "id": 1489, "u1": 0.48533275723457336, "u7": 0.67863410711288452, "v1": -2.4643340110778809, "v7": 3.3195252418518066 }, "geometry": { "type": "Point", "coordinates": [ 78.75, -0.952063169 ] } },
{ "type": "Feature", "properties": { "id": 1490, "u1": 2.2699980735778809, "u7": -5.6318750381469727, "v1": -0.32333475351333618, "v7": 4.4475951194763184 }, "geometry": { "type": "Point", "coordinates": [ 78.75, -6.664450169 ] } },
{ "type": "Feature", "properties": { "id": 1491, "u1": -3.8116674423217773, "u7": -8.1735734939575195, "v1": 1.221332311630249, "v7": 5.5674843788146973 }, "geometry": { "type": "Point", "coordinates": [ 78.75, -12.376837168999989 ] } },
{ "type": "Feature", "properties": { "id": 1492, "u1": -7.082000732421875, "u7": -8.8887062072753906, "v1": 2.1509978771209717, "v7": 5.3575296401977539 }, "geometry": { "type": "Point", "coordinates": [ 78.75, -18.089224168999984 ] } },
{ "type": "Feature", "properties": { "id": 1493, "u1": -6.586667537689209, "u7": -5.9027314186096191, "v1": 1.0446640253067017, "v7": 3.6579525470733643 }, "geometry": { "type": "Point", "coordinates": [ 78.75, -23.801611169 ] } },
{ "type": "Feature", "properties": { "id": 1494, "u1": -4.3596677780151367, "u7": 0.0019897858146578074, "v1": 0.56133270263671875, "v7": 1.9363735914230347 }, "geometry": { "type": "Point", "coordinates": [ 78.75, -29.513998169 ] } },
{ "type": "Feature", "properties": { "id": 1495, "u1": 0.22899933159351349, "u7": 6.1010446548461914, "v1": -0.28533375263214111, "v7": -0.20333153009414673 }, "geometry": { "type": "Point", "coordinates": [ 78.75, -35.226385169 ] } },
{ "type": "Feature", "properties": { "id": 1496, "u1": 5.637998104095459, "u7": 9.9015541076660156, "v1": -1.1746673583984375, "v7": -1.0504922866821289 }, "geometry": { "type": "Point", "coordinates": [ 78.75, -40.938772168999982 ] } },
{ "type": "Feature", "properties": { "id": 1497, "u1": 9.1846637725830078, "u7": 10.384103775024414, "v1": -1.6646677255630493, "v7": -0.3699934184551239 }, "geometry": { "type": "Point", "coordinates": [ 78.75, -46.651159168999989 ] } },
{ "type": "Feature", "properties": { "id": 1498, "u1": 10.202333450317383, "u7": 9.4780368804931641, "v1": -2.5306680202484131, "v7": -1.3715014457702637 }, "geometry": { "type": "Point", "coordinates": [ 78.75, -52.363546169 ] } },
{ "type": "Feature", "properties": { "id": 1499, "u1": 5.7146635055541992, "u7": 4.126255989074707, "v1": -0.85300189256668091, "v7": 0.57612878084182739 }, "geometry": { "type": "Point", "coordinates": [ 78.75, -58.075933169 ] } },
{ "type": "Feature", "properties": { "id": 1500, "u1": -0.52466785907745361, "u7": -1.4353138208389282, "v1": 0.39033254981040955, "v7": 0.98481571674346924 }, "geometry": { "type": "Point", "coordinates": [ 78.75, -63.788320168999981 ] } },
{ "type": "Feature", "properties": { "id": 1501, "u1": -5.7223339080810547, "u7": -11.29656982421875, "v1": -0.66966855525970459, "v7": -1.777948260307312 }, "geometry": { "type": "Point", "coordinates": [ 78.75, -69.50070716899998 ] } },
{ "type": "Feature", "properties": { "id": 1502, "u1": -4.0013337135314941, "u7": -8.8325090408325195, "v1": -2.9833352565765381, "v7": -5.2369017601013184 }, "geometry": { "type": "Point", "coordinates": [ 78.75, -75.213094168999987 ] } },
{ "type": "Feature", "properties": { "id": 1503, "u1": -0.35200145840644836, "u7": -1.6006443500518799, "v1": 0.55133312940597534, "v7": 0.88837265968322754 }, "geometry": { "type": "Point", "coordinates": [ 78.75, -80.925481168999966 ] } },
{ "type": "Feature", "properties": { "id": 1504, "u1": 2.1976649761199951, "u7": 5.8760437965393066, "v1": 0.66633147001266479, "v7": -0.19895967841148376 }, "geometry": { "type": "Point", "coordinates": [ 78.75, -86.637868168999972 ] } },
{ "type": "Feature", "properties": { "id": 1506, "u1": -1.4730026721954346, "u7": 0.97735077142715454, "v1": 2.276665210723877, "v7": -0.72580170631408691 }, "geometry": { "type": "Point", "coordinates": [ 84.375, 84.733741831 ] } },
{ "type": "Feature", "properties": { "id": 1507, "u1": -1.4490010738372803, "u7": 0.72775101661682129, "v1": 2.6999995708465576, "v7": -0.70991790294647217 }, "geometry": { "type": "Point", "coordinates": [ 84.375, 79.021354831000011 ] } },
{ "type": "Feature", "properties": { "id": 1508, "u1": -0.05766855925321579, "u7": -0.39453971385955811, "v1": 3.2966644763946533, "v7": -2.1859664916992188 }, "geometry": { "type": "Point", "coordinates": [ 84.375, 73.308967831000018 ] } },
{ "type": "Feature", "properties": { "id": 1509, "u1": -0.0243352260440588, "u7": -0.023890083655714989, "v1": 4.7833309173583984, "v7": -1.3439337015151978 }, "geometry": { "type": "Point", "coordinates": [ 84.375, 67.596580831000011 ] } },
{ "type": "Feature", "properties": { "id": 1510, "u1": 0.53966468572616577, "u7": 0.3473057746887207, "v1": 3.3479974269866943, "v7": -0.70501196384429932 }, "geometry": { "type": "Point", "coordinates": [ 84.375, 61.884193831 ] } },
{ "type": "Feature", "properties": { "id": 1511, "u1": 1.4343322515487671, "u7": -0.13456013798713684, "v1": 3.2429988384246826, "v7": -0.47705644369125366 }, "geometry": { "type": "Point", "coordinates": [ 84.375, 56.171806831 ] } },
{ "type": "Feature", "properties": { "id": 1512, "u1": -0.14733530580997467, "u7": 0.23767338693141937, "v1": 4.8436651229858398, "v7": 0.081893883645534515 }, "geometry": { "type": "Point", "coordinates": [ 84.375, 50.459419831 ] } },
{ "type": "Feature", "properties": { "id": 1513, "u1": -1.2640010118484497, "u7": 0.21049761772155762, "v1": 3.0043313503265381, "v7": -1.1843208074569702 }, "geometry": { "type": "Point", "coordinates": [ 84.375, 44.747032831 ] } },
{ "type": "Feature", "properties": { "id": 1514, "u1": -0.64966839551925659, "u7": -3.3561174869537354, "v1": 2.0669999122619629, "v7": -2.9191596508026123 }, "geometry": { "type": "Point", "coordinates": [ 84.375, 39.034645831 ] } },
{ "type": "Feature", "properties": { "id": 1515, "u1": 7.1899981498718262, "u7": 0.55843085050582886, "v1": 4.5539975166320801, "v7": -2.3354222774505615 }, "geometry": { "type": "Point", "coordinates": [ 84.375, 33.322258831 ] } },
{ "type": "Feature", "properties": { "id": 1516, "u1": -0.74733430147171021, "u7": 1.704120397567749, "v1": -1.440001368522644, "v7": 2.7944905757904053 }, "geometry": { "type": "Point", "coordinates": [ 84.375, 27.609871831 ] } },
{ "type": "Feature", "properties": { "id": 1517, "u1": -0.035001117736101151, "u7": 1.1196980476379395, "v1": -0.76533406972885132, "v7": 1.0560261011123657 }, "geometry": { "type": "Point", "coordinates": [ 84.375, 21.897484831 ] } },
{ "type": "Feature", "properties": { "id": 1518, "u1": -3.7653341293334961, "u7": 6.717930793762207, "v1": -1.8299998044967651, "v7": 4.4834170341491699 }, "geometry": { "type": "Point", "coordinates": [ 84.375, 16.185097831 ] } },
{ "type": "Feature", "properties": { "id": 1519, "u1": -4.5236687660217285, "u7": 7.0157413482666016, "v1": -6.3803353309631348, "v7": 5.7210845947265625 }, "geometry": { "type": "Point", "coordinates": [ 84.375, 10.472710831 ] } },
{ "type": "Feature", "properties": { "id": 1520, "u1": -2.9236674308776855, "u7": 7.8794331550598145, "v1": -5.3950009346008301, "v7": 4.9657917022705078 }, "geometry": { "type": "Point", "coordinates": [ 84.375, 4.760323831000016 ] } },
{ "type": "Feature", "properties": { "id": 1521, "u1": 1.8253326416015625, "u7": 0.70240825414657593, "v1": -1.221668004989624, "v7": 3.4013373851776123 }, "geometry": { "type": "Point", "coordinates": [ 84.375, -0.952063169 ] } },
{ "type": "Feature", "properties": { "id": 1522, "u1": 1.5329982042312622, "u7": -5.5320134162902832, "v1": 0.95599824190139771, "v7": 3.8709771633148193 }, "geometry": { "type": "Point", "coordinates": [ 84.375, -6.664450169 ] } },
{ "type": "Feature", "properties": { "id": 1523, "u1": -4.1930012702941895, "u7": -8.0526294708251953, "v1": 2.1606638431549072, "v7": 5.6451387405395508 }, "geometry": { "type": "Point", "coordinates": [ 84.375, -12.376837168999989 ] } },
{ "type": "Feature", "properties": { "id": 1524, "u1": -7.3926687240600586, "u7": -8.7738237380981445, "v1": 2.7823312282562256, "v7": 5.6116795539855957 }, "geometry": { "type": "Point", "coordinates": [ 84.375, -18.089224168999984 ] } },
{ "type": "Feature", "properties": { "id": 1525, "u1": -6.7900018692016602, "u7": -5.8254952430725098, "v1": 1.6323318481445312, "v7": 3.7631227970123291 }, "geometry": { "type": "Point", "coordinates": [ 84.375, -23.801611169 ] } },
{ "type": "Feature", "properties": { "id": 1526, "u1": -4.2516665458679199, "u7": 0.24737899005413055, "v1": 0.89166462421417236, "v7": 1.9235100746154785 }, "geometry": { "type": "Point", "coordinates": [ 84.375, -29.513998169 ] } },
{ "type": "Feature", "properties": { "id": 1527, "u1": 0.78499907255172729, "u7": 6.4511504173278809, "v1": 0.16433258354663849, "v7": 0.01133755873888731 }, "geometry": { "type": "Point", "coordinates": [ 84.375, -35.226385169 ] } },
{ "type": "Feature", "properties": { "id": 1528, "u1": 6.2273316383361816, "u7": 10.119213104248047, "v1": -0.81266838312149048, "v7": -1.185025691986084 }, "geometry": { "type": "Point", "coordinates": [ 84.375, -40.938772168999982 ] } },
{ "type": "Feature", "properties": { "id": 1529, "u1": 9.724665641784668, "u7": 10.661321640014648, "v1": -1.4156677722930908, "v7": -0.3860093355178833 }, "geometry": { "type": "Point", "coordinates": [ 84.375, -46.651159168999989 ] } },
{ "type": "Feature", "properties": { "id": 1530, "u1": 10.309000968933105, "u7": 9.226231575012207, "v1": -2.1696670055389404, "v7": -1.1791896820068359 }, "geometry": { "type": "Point", "coordinates": [ 84.375, -52.363546169 ] } },
{ "type": "Feature", "properties": { "id": 1531, "u1": 5.767331600189209, "u7": 4.6205658912658691, "v1": -0.87033438682556152, "v7": 0.72757416963577271 }, "geometry": { "type": "Point", "coordinates": [ 84.375, -58.075933169 ] } },
{ "type": "Feature", "properties": { "id": 1532, "u1": -1.036334753036499, "u7": -3.3721091747283936, "v1": 0.73599803447723389, "v7": 1.548432469367981 }, "geometry": { "type": "Point", "coordinates": [ 84.375, -63.788320168999981 ] } },
{ "type": "Feature", "properties": { "id": 1533, "u1": -7.1550016403198242, "u7": -13.284601211547852, "v1": 0.39366504549980164, "v7": 0.73561692237854004 }, "geometry": { "type": "Point", "coordinates": [ 84.375, -69.50070716899998 ] } },
{ "type": "Feature", "properties": { "id": 1534, "u1": -2.3430013656616211, "u7": -6.0047531127929688, "v1": -2.4150018692016602, "v7": -5.252739429473877 }, "geometry": { "type": "Point", "coordinates": [ 84.375, -75.213094168999987 ] } },
{ "type": "Feature", "properties": { "id": 1535, "u1": 0.41533049941062927, "u7": 0.3366757333278656, "v1": 1.0269988775253296, "v7": 1.0023728609085083 }, "geometry": { "type": "Point", "coordinates": [ 84.375, -80.925481168999966 ] } },
{ "type": "Feature", "properties": { "id": 1536, "u1": 2.2323324680328369, "u7": 6.1667237281799316, "v1": 1.144665002822876, "v7": 0.97479957342147827 }, "geometry": { "type": "Point", "coordinates": [ 84.375, -86.637868168999972 ] } },
{ "type": "Feature", "properties": { "id": 1538, "u1": -1.1860010623931885, "u7": 0.87287300825119019, "v1": 2.3823318481445312, "v7": -0.80186408758163452 }, "geometry": { "type": "Point", "coordinates": [ 90.0, 84.733741831 ] } },
{ "type": "Feature", "properties": { "id": 1539, "u1": -0.98100227117538452, "u7": 0.74072682857513428, "v1": 2.6793324947357178, "v7": -0.73304492235183716 }, "geometry": { "type": "Point", "coordinates": [ 90.0, 79.021354831000011 ] } },
{ "type": "Feature", "properties": { "id": 1540, "u1": 0.51133018732070923, "u7": -0.3604254424571991, "v1": 3.2843313217163086, "v7": -1.7974578142166138 }, "geometry": { "type": "Point", "coordinates": [ 90.0, 73.308967831000018 ] } },
{ "type": "Feature", "properties": { "id": 1541, "u1": 0.35266467928886414, "u7": -0.18866235017776489, "v1": 4.5483317375183105, "v7": -0.41269207000732422 }, "geometry": { "type": "Point", "coordinates": [ 90.0, 67.596580831000011 ] } },
{ "type": "Feature", "properties": { "id": 1542, "u1": 0.47199961543083191, "u7": 0.24493910372257233, "v1": 3.1319983005523682, "v7": -0.2735351026058197 }, "geometry": { "type": "Point", "coordinates": [ 90.0, 61.884193831 ] } },
{ "type": "Feature", "properties": { "id": 1543, "u1": 1.8106653690338135, "u7": 0.11558304727077484, "v1": 2.9423303604125977, "v7": -0.44861069321632385 }, "geometry": { "type": "Point", "coordinates": [ 90.0, 56.171806831 ] } },
{ "type": "Feature", "properties": { "id": 1544, "u1": 1.3399983644485474, "u7": 0.85740828514099121, "v1": 4.1809978485107422, "v7": -0.56100445985794067 }, "geometry": { "type": "Point", "coordinates": [ 90.0, 50.459419831 ] } },
{ "type": "Feature", "properties": { "id": 1545, "u1": -1.2810013294219971, "u7": 1.7683277130126953, "v1": -0.049333192408084869, "v7": -2.4490535259246826 }, "geometry": { "type": "Point", "coordinates": [ 90.0, 44.747032831 ] } },
{ "type": "Feature", "properties": { "id": 1546, "u1": 1.1739979982376099, "u7": -1.7568486928939819, "v1": 3.643665075302124, "v7": -2.2601470947265625 }, "geometry": { "type": "Point", "coordinates": [ 90.0, 39.034645831 ] } },
{ "type": "Feature", "properties": { "id": 1547, "u1": 8.5063314437866211, "u7": -1.491573691368103, "v1": 1.5099985599517822, "v7": -0.47239956259727478 }, "geometry": { "type": "Point", "coordinates": [ 90.0, 33.322258831 ] } },
{ "type": "Feature", "properties": { "id": 1548, "u1": -0.27166900038719177, "u7": 2.475085973739624, "v1": -0.24133402109146118, "v7": 5.2679715156555176 }, "geometry": { "type": "Point", "coordinates": [ 90.0, 27.609871831 ] } },
{ "type": "Feature", "properties": { "id": 1549, "u1": 0.08799947053194046, "u7": -0.2106156051158905, "v1": -2.6183345317840576, "v7": 3.9082310199737549 }, "geometry": { "type": "Point", "coordinates": [ 90.0, 21.897484831 ] } },
{ "type": "Feature", "properties": { "id": 1550, "u1": -2.0943360328674316, "u7": 6.5290932655334473, "v1": -6.2016682624816895, "v7": 6.6530795097351074 }, "geometry": { "type": "Point", "coordinates": [ 90.0, 16.185097831 ] } },
{ "type": "Feature", "properties": { "id": 1551, "u1": -4.7370014190673828, "u7": 6.047971248626709, "v1": -5.1020016670227051, "v7": 7.0297746658325195 }, "geometry": { "type": "Point", "coordinates": [ 90.0, 10.472710831 ] } },
{ "type": "Feature", "properties": { "id": 1552, "u1": -3.2379999160766602, "u7": 5.0732941627502441, "v1": -3.281334400177002, "v7": 5.5237231254577637 }, "geometry": { "type": "Point", "coordinates": [ 90.0, 4.760323831000016 ] } },
{ "type": "Feature", "properties": { "id": 1553, "u1": 2.5509984493255615, "u7": -0.34482425451278687, "v1": 0.33666533231735229, "v7": 3.354400634765625 }, "geometry": { "type": "Point", "coordinates": [ 90.0, -0.952063169 ] } },
{ "type": "Feature", "properties": { "id": 1554, "u1": 0.87133282423019409, "u7": -5.8858919143676758, "v1": 1.3883330821990967, "v7": 3.4390885829925537 }, "geometry": { "type": "Point", "coordinates": [ 90.0, -6.664450169 ] } },
{ "type": "Feature", "properties": { "id": 1555, "u1": -4.469001293182373, "u7": -7.7977733612060547, "v1": 3.067664623260498, "v7": 5.067570686340332 }, "geometry": { "type": "Point", "coordinates": [ 90.0, -12.376837168999989 ] } },
{ "type": "Feature", "properties": { "id": 1556, "u1": -7.2540011405944824, "u7": -8.4105730056762695, "v1": 3.6403310298919678, "v7": 5.9179530143737793 }, "geometry": { "type": "Point", "coordinates": [ 90.0, -18.089224168999984 ] } },
{ "type": "Feature", "properties": { "id": 1557, "u1": -6.7796683311462402, "u7": -5.2899923324584961, "v1": 2.6986653804779053, "v7": 3.8990049362182617 }, "geometry": { "type": "Point", "coordinates": [ 90.0, -23.801611169 ] } },
{ "type": "Feature", "properties": { "id": 1558, "u1": -3.9093348979949951, "u7": 0.57906651496887207, "v1": 1.4449986219406128, "v7": 1.9924700260162354 }, "geometry": { "type": "Point", "coordinates": [ 90.0, -29.513998169 ] } },
{ "type": "Feature", "properties": { "id": 1559, "u1": 1.4799988269805908, "u7": 6.480079174041748, "v1": 0.59166514873504639, "v7": -0.18282859027385712 }, "geometry": { "type": "Point", "coordinates": [ 90.0, -35.226385169 ] } },
{ "type": "Feature", "properties": { "id": 1560, "u1": 6.6139993667602539, "u7": 9.9177064895629883, "v1": -0.60800069570541382, "v7": -1.5876004695892334 }, "geometry": { "type": "Point", "coordinates": [ 90.0, -40.938772168999982 ] } },
{ "type": "Feature", "properties": { "id": 1561, "u1": 9.9589996337890625, "u7": 10.413041114807129, "v1": -1.3590006828308105, "v7": -0.90625900030136108 }, "geometry": { "type": "Point", "coordinates": [ 90.0, -46.651159168999989 ] } },
{ "type": "Feature", "properties": { "id": 1562, "u1": 9.9139976501464844, "u7": 8.600825309753418, "v1": -1.6730026006698608, "v7": -1.063209056854248 }, "geometry": { "type": "Point", "coordinates": [ 90.0, -52.363546169 ] } },
{ "type": "Feature", "properties": { "id": 1563, "u1": 5.6856656074523926, "u7": 4.5247101783752441, "v1": -0.83833515644073486, "v7": 0.21039099991321564 }, "geometry": { "type": "Point", "coordinates": [ 90.0, -58.075933169 ] } },
{ "type": "Feature", "properties": { "id": 1564, "u1": -1.4790003299713135, "u7": -4.4613790512084961, "v1": 0.85099846124649048, "v7": 2.326383113861084 }, "geometry": { "type": "Point", "coordinates": [ 90.0, -63.788320168999981 ] } },
{ "type": "Feature", "properties": { "id": 1565, "u1": -7.520667552947998, "u7": -12.718637466430664, "v1": 2.8306665420532227, "v7": 5.8343830108642578 }, "geometry": { "type": "Point", "coordinates": [ 90.0, -69.50070716899998 ] } },
{ "type": "Feature", "properties": { "id": 1566, "u1": -0.52100169658660889, "u7": -2.3828675746917725, "v1": -0.84566754102706909, "v7": -2.7948174476623535 }, "geometry": { "type": "Point", "coordinates": [ 90.0, -75.213094168999987 ] } },
{ "type": "Feature", "properties": { "id": 1567, "u1": 1.0546650886535645, "u7": 2.2813076972961426, "v1": 1.715666651725769, "v7": 1.6377116441726685 }, "geometry": { "type": "Point", "coordinates": [ 90.0, -80.925481168999966 ] } },
{ "type": "Feature", "properties": { "id": 1568, "u1": 2.2216644287109375, "u7": 6.3386683464050293, "v1": 1.6226654052734375, "v7": 2.1829812526702881 }, "geometry": { "type": "Point", "coordinates": [ 90.0, -86.637868168999972 ] } },
{ "type": "Feature", "properties": { "id": 1570, "u1": -0.89800208806991577, "u7": 0.74572700262069702, "v1": 2.4413321018218994, "v7": -0.8582720160484314 }, "geometry": { "type": "Point", "coordinates": [ 95.625, 84.733741831 ] } },
{ "type": "Feature", "properties": { "id": 1571, "u1": -0.49833375215530396, "u7": 0.72608083486557007, "v1": 2.3226664066314697, "v7": -0.67396777868270874 }, "geometry": { "type": "Point", "coordinates": [ 95.625, 79.021354831000011 ] } },
{ "type": "Feature", "properties": { "id": 1572, "u1": 0.87466686964035034, "u7": -0.3500899076461792, "v1": 2.7663314342498779, "v7": -1.4366132020950317 }, "geometry": { "type": "Point", "coordinates": [ 95.625, 73.308967831000018 ] } },
{ "type": "Feature", "properties": { "id": 1573, "u1": 1.6719986200332642, "u7": 0.038651637732982635, "v1": 3.284332275390625, "v7": -0.24087831377983093 }, "geometry": { "type": "Point", "coordinates": [ 95.625, 67.596580831000011 ] } },
{ "type": "Feature", "properties": { "id": 1574, "u1": 1.0566660165786743, "u7": 0.21205322444438934, "v1": 2.4986658096313477, "v7": -0.13015781342983246 }, "geometry": { "type": "Point", "coordinates": [ 95.625, 61.884193831 ] } },
{ "type": "Feature", "properties": { "id": 1575, "u1": 2.5146658420562744, "u7": 0.20021407306194305, "v1": 2.6289982795715332, "v7": -0.35621383786201477 }, "geometry": { "type": "Point", "coordinates": [ 95.625, 56.171806831 ] } },
{ "type": "Feature", "properties": { "id": 1576, "u1": 2.6003310680389404, "u7": -0.21744245290756226, "v1": 3.4286642074584961, "v7": -1.1893376111984253 }, "geometry": { "type": "Point", "coordinates": [ 95.625, 50.459419831 ] } },
{ "type": "Feature", "properties": { "id": 1577, "u1": 0.18699900805950165, "u7": 2.57082200050354, "v1": 1.6056660413742065, "v7": -0.31765589118003845 }, "geometry": { "type": "Point", "coordinates": [ 95.625, 44.747032831 ] } },
{ "type": "Feature", "properties": { "id": 1578, "u1": 2.8626658916473389, "u7": -1.1509826183319092, "v1": 3.9903326034545898, "v7": -1.9281959533691406 }, "geometry": { "type": "Point", "coordinates": [ 95.625, 39.034645831 ] } },
{ "type": "Feature", "properties": { "id": 1579, "u1": 6.5429978370666504, "u7": 0.1900949627161026, "v1": 2.058330774307251, "v7": -0.26112854480743408 }, "geometry": { "type": "Point", "coordinates": [ 95.625, 33.322258831 ] } },
{ "type": "Feature", "properties": { "id": 1580, "u1": -1.5259994268417358, "u7": 1.5948835611343384, "v1": -0.42100170254707336, "v7": 2.2329506874084473 }, "geometry": { "type": "Point", "coordinates": [ 95.625, 27.609871831 ] } },
{ "type": "Feature", "properties": { "id": 1581, "u1": -0.2360026091337204, "u7": 0.37824124097824097, "v1": -0.97366738319396973, "v7": 1.7046573162078857 }, "geometry": { "type": "Point", "coordinates": [ 95.625, 21.897484831 ] } },
{ "type": "Feature", "properties": { "id": 1582, "u1": 0.52633309364318848, "u7": 2.779801607131958, "v1": -2.0330007076263428, "v7": 2.5956985950469971 }, "geometry": { "type": "Point", "coordinates": [ 95.625, 16.185097831 ] } },
{ "type": "Feature", "properties": { "id": 1583, "u1": -4.2236676216125488, "u7": 6.3152575492858887, "v1": -3.6476678848266602, "v7": 4.5517940521240234 }, "geometry": { "type": "Point", "coordinates": [ 95.625, 10.472710831 ] } },
{ "type": "Feature", "properties": { "id": 1584, "u1": -2.5146667957305908, "u7": 2.1171488761901855, "v1": -1.4396682977676392, "v7": 2.5176749229431152 }, "geometry": { "type": "Point", "coordinates": [ 95.625, 4.760323831000016 ] } },
{ "type": "Feature", "properties": { "id": 1585, "u1": 0.84633129835128784, "u7": -0.69640761613845825, "v1": 0.56533151865005493, "v7": 1.9500130414962769 }, "geometry": { "type": "Point", "coordinates": [ 95.625, -0.952063169 ] } },
{ "type": "Feature", "properties": { "id": 1586, "u1": 0.19033202528953552, "u7": -6.5435662269592285, "v1": 1.205665111541748, "v7": 3.30653977394104 }, "geometry": { "type": "Point", "coordinates": [ 95.625, -6.664450169 ] } },
{ "type": "Feature", "properties": { "id": 1587, "u1": -3.8356683254241943, "u7": -7.6927313804626465, "v1": 3.3686661720275879, "v7": 4.087745189666748 }, "geometry": { "type": "Point", "coordinates": [ 95.625, -12.376837168999989 ] } },
{ "type": "Feature", "properties": { "id": 1588, "u1": -6.378333568572998, "u7": -8.0741157531738281, "v1": 4.6013317108154297, "v7": 5.8161993026733398 }, "geometry": { "type": "Point", "coordinates": [ 95.625, -18.089224168999984 ] } },
{ "type": "Feature", "properties": { "id": 1589, "u1": -6.270667552947998, "u7": -4.9547219276428223, "v1": 4.0923318862915039, "v7": 3.9758107662200928 }, "geometry": { "type": "Point", "coordinates": [ 95.625, -23.801611169 ] } },
{ "type": "Feature", "properties": { "id": 1590, "u1": -3.7343358993530273, "u7": 0.8458324670791626, "v1": 2.7539987564086914, "v7": 1.8974000215530396 }, "geometry": { "type": "Point", "coordinates": [ 95.625, -29.513998169 ] } },
{ "type": "Feature", "properties": { "id": 1591, "u1": 1.8046666383743286, "u7": 6.4927411079406738, "v1": 1.0529993772506714, "v7": -0.25016257166862488 }, "geometry": { "type": "Point", "coordinates": [ 95.625, -35.226385169 ] } },
{ "type": "Feature", "properties": { "id": 1592, "u1": 6.8863310813903809, "u7": 9.700434684753418, "v1": -0.48433533310890198, "v7": -1.9099587202072144 }, "geometry": { "type": "Point", "coordinates": [ 95.625, -40.938772168999982 ] } },
{ "type": "Feature", "properties": { "id": 1593, "u1": 9.7403316497802734, "u7": 9.5992803573608398, "v1": -1.7763346433639526, "v7": -2.175818920135498 }, "geometry": { "type": "Point", "coordinates": [ 95.625, -46.651159168999989 ] } },
{ "type": "Feature", "properties": { "id": 1594, "u1": 9.3456659317016602, "u7": 7.7823591232299805, "v1": -1.7413345575332642, "v7": -1.7978038787841797 }, "geometry": { "type": "Point", "coordinates": [ 95.625, -52.363546169 ] } },
{ "type": "Feature", "properties": { "id": 1595, "u1": 5.5363326072692871, "u7": 4.3335599899291992, "v1": -0.83266854286193848, "v7": -0.52088922262191772 }, "geometry": { "type": "Point", "coordinates": [ 95.625, -58.075933169 ] } },
{ "type": "Feature", "properties": { "id": 1596, "u1": -1.8253337144851685, "u7": -4.9766030311584473, "v1": 0.83899945020675659, "v7": 2.8234930038452148 }, "geometry": { "type": "Point", "coordinates": [ 95.625, -63.788320168999981 ] } },
{ "type": "Feature", "properties": { "id": 1597, "u1": -7.0486674308776855, "u7": -11.190371513366699, "v1": 4.3443312644958496, "v7": 8.6712236404418945 }, "geometry": { "type": "Point", "coordinates": [ 95.625, -69.50070716899998 ] } },
{ "type": "Feature", "properties": { "id": 1598, "u1": 0.80699819326400757, "u7": 0.34128269553184509, "v1": 0.41766509413719177, "v7": -0.12766961753368378 }, "geometry": { "type": "Point", "coordinates": [ 95.625, -75.213094168999987 ] } },
{ "type": "Feature", "properties": { "id": 1599, "u1": 1.4669977426528931, "u7": 4.001009464263916, "v1": 2.4026651382446289, "v7": 2.6642000675201416 }, "geometry": { "type": "Point", "coordinates": [ 95.625, -80.925481168999966 ] } },
{ "type": "Feature", "properties": { "id": 1600, "u1": 2.1669976711273193, "u7": 6.3788857460021973, "v1": 2.0949976444244385, "v7": 3.4090700149536133 }, "geometry": { "type": "Point", "coordinates": [ 95.625, -86.637868168999972 ] } },
{ "type": "Feature", "properties": { "id": 1602, "u1": -0.62500256299972534, "u7": 0.60163938999176025, "v1": 2.4506642818450928, "v7": -0.88015192747116089 }, "geometry": { "type": "Point", "coordinates": [ 101.25, 84.733741831 ] } },
{ "type": "Feature", "properties": { "id": 1603, "u1": -0.17066700756549835, "u7": 0.79922205209732056, "v1": 2.3216643333435059, "v7": -0.59342354536056519 }, "geometry": { "type": "Point", "coordinates": [ 101.25, 79.021354831000011 ] } },
{ "type": "Feature", "properties": { "id": 1604, "u1": 1.0059977769851685, "u7": -0.50711089372634888, "v1": 2.1923325061798096, "v7": -1.1627994775772095 }, "geometry": { "type": "Point", "coordinates": [ 101.25, 73.308967831000018 ] } },
{ "type": "Feature", "properties": { "id": 1605, "u1": 2.571331262588501, "u7": -0.019699243828654289, "v1": 1.874665379524231, "v7": -0.26278385519981384 }, "geometry": { "type": "Point", "coordinates": [ 101.25, 67.596580831000011 ] } },
{ "type": "Feature", "properties": { "id": 1606, "u1": 1.9499969482421875, "u7": 0.16385354101657867, "v1": 1.45233154296875, "v7": -0.35819733142852783 }, "geometry": { "type": "Point", "coordinates": [ 101.25, 61.884193831 ] } },
{ "type": "Feature", "properties": { "id": 1607, "u1": 2.3956644535064697, "u7": 0.36616364121437073, "v1": 1.9023325443267822, "v7": -0.61245197057723999 }, "geometry": { "type": "Point", "coordinates": [ 101.25, 56.171806831 ] } },
{ "type": "Feature", "properties": { "id": 1608, "u1": 4.1836647987365723, "u7": -0.85192042589187622, "v1": 0.92233330011367798, "v7": -0.22439481317996979 }, "geometry": { "type": "Point", "coordinates": [ 101.25, 50.459419831 ] } },
{ "type": "Feature", "properties": { "id": 1609, "u1": 2.4909982681274414, "u7": 0.70696347951889038, "v1": -1.1166691780090332, "v7": 1.1329400539398193 }, "geometry": { "type": "Point", "coordinates": [ 101.25, 44.747032831 ] } },
{ "type": "Feature", "properties": { "id": 1610, "u1": 2.9023325443267822, "u7": -2.4735782146453857, "v1": 0.76699930429458618, "v7": -0.16731204092502594 }, "geometry": { "type": "Point", "coordinates": [ 101.25, 39.034645831 ] } },
{ "type": "Feature", "properties": { "id": 1611, "u1": 5.1663317680358887, "u7": -4.0260219573974609, "v1": -0.44000142812728882, "v7": 3.6385006904602051 }, "geometry": { "type": "Point", "coordinates": [ 101.25, 33.322258831 ] } },
{ "type": "Feature", "properties": { "id": 1612, "u1": 2.4183323383331299, "u7": 1.0574202537536621, "v1": 3.0193328857421875, "v7": 2.3230235576629639 }, "geometry": { "type": "Point", "coordinates": [ 101.25, 27.609871831 ] } },
{ "type": "Feature", "properties": { "id": 1613, "u1": -0.57733511924743652, "u7": 1.2982484102249146, "v1": 1.2516652345657349, "v7": 0.93868350982666016 }, "geometry": { "type": "Point", "coordinates": [ 101.25, 21.897484831 ] } },
{ "type": "Feature", "properties": { "id": 1614, "u1": -2.6420013904571533, "u7": 1.7328153848648071, "v1": -0.56600290536880493, "v7": 2.0345368385314941 }, "geometry": { "type": "Point", "coordinates": [ 101.25, 16.185097831 ] } },
{ "type": "Feature", "properties": { "id": 1615, "u1": -3.6206686496734619, "u7": 5.733792781829834, "v1": -1.1430008411407471, "v7": 1.9945544004440308 }, "geometry": { "type": "Point", "coordinates": [ 101.25, 10.472710831 ] } },
{ "type": "Feature", "properties": { "id": 1616, "u1": -0.99633485078811646, "u7": -0.2359587550163269, "v1": -0.61366832256317139, "v7": 0.85120797157287598 }, "geometry": { "type": "Point", "coordinates": [ 101.25, 4.760323831000016 ] } },
{ "type": "Feature", "properties": { "id": 1617, "u1": -0.43333384394645691, "u7": -0.28810369968414307, "v1": -0.75566864013671875, "v7": 0.41861623525619507 }, "geometry": { "type": "Point", "coordinates": [ 101.25, -0.952063169 ] } },
{ "type": "Feature", "properties": { "id": 1618, "u1": 0.50266420841217041, "u7": -6.1141819953918457, "v1": -0.57666933536529541, "v7": 3.2930629253387451 }, "geometry": { "type": "Point", "coordinates": [ 101.25, -6.664450169 ] } },
{ "type": "Feature", "properties": { "id": 1619, "u1": -2.3673355579376221, "u7": -7.6582469940185547, "v1": 3.1033315658569336, "v7": 3.5113852024078369 }, "geometry": { "type": "Point", "coordinates": [ 101.25, -12.376837168999989 ] } },
{ "type": "Feature", "properties": { "id": 1620, "u1": -4.3910012245178223, "u7": -7.5863323211669922, "v1": 5.7236652374267578, "v7": 5.4748806953430176 }, "geometry": { "type": "Point", "coordinates": [ 101.25, -18.089224168999984 ] } },
{ "type": "Feature", "properties": { "id": 1621, "u1": -5.2693347930908203, "u7": -4.4529232978820801, "v1": 6.0973310470581055, "v7": 4.1250672340393066 }, "geometry": { "type": "Point", "coordinates": [ 101.25, -23.801611169 ] } },
{ "type": "Feature", "properties": { "id": 1622, "u1": -3.4500000476837158, "u7": 1.0537450313568115, "v1": 4.633664608001709, "v7": 2.0171535015106201 }, "geometry": { "type": "Point", "coordinates": [ 101.25, -29.513998169 ] } },
{ "type": "Feature", "properties": { "id": 1623, "u1": 1.7593318223953247, "u7": 6.1534857749938965, "v1": 2.001666784286499, "v7": -0.30105313658714294 }, "geometry": { "type": "Point", "coordinates": [ 101.25, -35.226385169 ] } },
{ "type": "Feature", "properties": { "id": 1624, "u1": 6.8659968376159668, "u7": 9.1832342147827148, "v1": -0.48866832256317139, "v7": -2.3278317451477051 }, "geometry": { "type": "Point", "coordinates": [ 101.25, -40.938772168999982 ] } },
{ "type": "Feature", "properties": { "id": 1625, "u1": 9.7683305740356445, "u7": 9.0518007278442383, "v1": -1.6633356809616089, "v7": -2.6586410999298096 }, "geometry": { "type": "Point", "coordinates": [ 101.25, -46.651159168999989 ] } },
{ "type": "Feature", "properties": { "id": 1626, "u1": 9.0926637649536133, "u7": 7.496222972869873, "v1": -1.8953348398208618, "v7": -2.7606699466705322 }, "geometry": { "type": "Point", "coordinates": [ 101.25, -52.363546169 ] } },
{ "type": "Feature", "properties": { "id": 1627, "u1": 5.3226642608642578, "u7": 4.4463982582092285, "v1": -0.86666816473007202, "v7": -1.1769852638244629 }, "geometry": { "type": "Point", "coordinates": [ 101.25, -58.075933169 ] } },
{ "type": "Feature", "properties": { "id": 1628, "u1": -1.8330012559890747, "u7": -5.1097655296325684, "v1": 0.99366503953933716, "v7": 3.3839125633239746 }, "geometry": { "type": "Point", "coordinates": [ 101.25, -63.788320168999981 ] } },
{ "type": "Feature", "properties": { "id": 1629, "u1": -6.4560017585754395, "u7": -10.188693046569824, "v1": 4.2819976806640625, "v7": 9.5974311828613281 }, "geometry": { "type": "Point", "coordinates": [ 101.25, -69.50070716899998 ] } },
{ "type": "Feature", "properties": { "id": 1630, "u1": 1.4089981317520142, "u7": 1.6183884143829346, "v1": 0.63033348321914673, "v7": 1.6224585771560669 }, "geometry": { "type": "Point", "coordinates": [ 101.25, -75.213094168999987 ] } },
{ "type": "Feature", "properties": { "id": 1631, "u1": 1.6156661510467529, "u7": 5.2769856452941895, "v1": 2.8536641597747803, "v7": 3.7933320999145508 }, "geometry": { "type": "Point", "coordinates": [ 101.25, -80.925481168999966 ] } },
{ "type": "Feature", "properties": { "id": 1632, "u1": 2.0649983882904053, "u7": 6.2837538719177246, "v1": 2.5569992065429688, "v7": 4.6322102546691895 }, "geometry": { "type": "Point", "coordinates": [ 101.25, -86.637868168999972 ] } },
{ "type": "Feature", "properties": { "id": 1634, "u1": -0.3693338930606842, "u7": 0.4455474317073822, "v1": 2.4276657104492188, "v7": -0.86093008518218994 }, "geometry": { "type": "Point", "coordinates": [ 106.875, 84.733741831 ] } },
{ "type": "Feature", "properties": { "id": 1635, "u1": 0.084997557103633881, "u7": 0.82406651973724365, "v1": 2.0039982795715332, "v7": -0.44489514827728271 }, "geometry": { "type": "Point", "coordinates": [ 106.875, 79.021354831000011 ] } },
{ "type": "Feature", "properties": { "id": 1636, "u1": 1.0779978036880493, "u7": -0.74711644649505615, "v1": 1.8819986581802368, "v7": -0.98697406053543091 }, "geometry": { "type": "Point", "coordinates": [ 106.875, 73.308967831000018 ] } },
{ "type": "Feature", "properties": { "id": 1637, "u1": 2.5203313827514648, "u7": -0.16679500043392181, "v1": 1.137000560760498, "v7": -0.2946002185344696 }, "geometry": { "type": "Point", "coordinates": [ 106.875, 67.596580831000011 ] } },
{ "type": "Feature", "properties": { "id": 1638, "u1": 2.751331090927124, "u7": -0.083127327263355255, "v1": 1.1786651611328125, "v7": -0.59571892023086548 }, "geometry": { "type": "Point", "coordinates": [ 106.875, 61.884193831 ] } },
{ "type": "Feature", "properties": { "id": 1639, "u1": 1.9763315916061401, "u7": 0.021928112953901291, "v1": 2.2193319797515869, "v7": -0.74805986881256104 }, "geometry": { "type": "Point", "coordinates": [ 106.875, 56.171806831 ] } },
{ "type": "Feature", "properties": { "id": 1640, "u1": 3.9213311672210693, "u7": 0.24206438660621643, "v1": 0.08966623991727829, "v7": -0.91006565093994141 }, "geometry": { "type": "Point", "coordinates": [ 106.875, 50.459419831 ] } },
{ "type": "Feature", "properties": { "id": 1641, "u1": 2.9779989719390869, "u7": -0.19218713045120239, "v1": -2.1443343162536621, "v7": -0.95929759740829468 }, "geometry": { "type": "Point", "coordinates": [ 106.875, 44.747032831 ] } },
{ "type": "Feature", "properties": { "id": 1642, "u1": 2.1473326683044434, "u7": -0.65205490589141846, "v1": -1.178001880645752, "v7": 1.2787835597991943 }, "geometry": { "type": "Point", "coordinates": [ 106.875, 39.034645831 ] } },
{ "type": "Feature", "properties": { "id": 1643, "u1": -1.4643346071243286, "u7": -0.91655963659286499, "v1": 0.38899892568588257, "v7": 1.4730114936828613 }, "geometry": { "type": "Point", "coordinates": [ 106.875, 33.322258831 ] } },
{ "type": "Feature", "properties": { "id": 1644, "u1": -3.0946676731109619, "u7": -1.030305027961731, "v1": -0.50566810369491577, "v7": 1.8396556377410889 }, "geometry": { "type": "Point", "coordinates": [ 106.875, 27.609871831 ] } },
{ "type": "Feature", "properties": { "id": 1645, "u1": -2.4203324317932129, "u7": -0.47384217381477356, "v1": -0.77900189161300659, "v7": 1.5917490720748901 }, "geometry": { "type": "Point", "coordinates": [ 106.875, 21.897484831 ] } },
{ "type": "Feature", "properties": { "id": 1646, "u1": -3.2883346080780029, "u7": 2.0022187232971191, "v1": -2.0980010032653809, "v7": 2.2428359985351562 }, "geometry": { "type": "Point", "coordinates": [ 106.875, 16.185097831 ] } },
{ "type": "Feature", "properties": { "id": 1647, "u1": -2.5166680812835693, "u7": 2.1364083290100098, "v1": -2.7263340950012207, "v7": 1.5304394960403442 }, "geometry": { "type": "Point", "coordinates": [ 106.875, 10.472710831 ] } },
{ "type": "Feature", "properties": { "id": 1648, "u1": -4.4763350486755371, "u7": 2.2196357250213623, "v1": -6.712000846862793, "v7": 4.8351836204528809 }, "geometry": { "type": "Point", "coordinates": [ 106.875, 4.760323831000016 ] } },
{ "type": "Feature", "properties": { "id": 1649, "u1": 1.5513325929641724, "u7": -3.1372990608215332, "v1": -4.599668025970459, "v7": 4.4109811782836914 }, "geometry": { "type": "Point", "coordinates": [ 106.875, -0.952063169 ] } },
{ "type": "Feature", "properties": { "id": 1650, "u1": 1.4503321647644043, "u7": -2.8266680240631104, "v1": -0.465667724609375, "v7": 1.8751753568649292 }, "geometry": { "type": "Point", "coordinates": [ 106.875, -6.664450169 ] } },
{ "type": "Feature", "properties": { "id": 1651, "u1": 0.51399838924407959, "u7": -7.5504727363586426, "v1": 2.6396651268005371, "v7": 3.1157526969909668 }, "geometry": { "type": "Point", "coordinates": [ 106.875, -12.376837168999989 ] } },
{ "type": "Feature", "properties": { "id": 1652, "u1": -1.4416667222976685, "u7": -6.7279500961303711, "v1": 5.9909963607788086, "v7": 4.8282299041748047 }, "geometry": { "type": "Point", "coordinates": [ 106.875, -18.089224168999984 ] } },
{ "type": "Feature", "properties": { "id": 1653, "u1": -3.3393347263336182, "u7": -3.5830566883087158, "v1": 8.1123323440551758, "v7": 4.4587912559509277 }, "geometry": { "type": "Point", "coordinates": [ 106.875, -23.801611169 ] } },
{ "type": "Feature", "properties": { "id": 1654, "u1": -2.9419999122619629, "u7": 1.0837078094482422, "v1": 7.4353313446044922, "v7": 2.4132242202758789 }, "geometry": { "type": "Point", "coordinates": [ 106.875, -29.513998169 ] } },
{ "type": "Feature", "properties": { "id": 1655, "u1": 0.87333321571350098, "u7": 5.7804198265075684, "v1": 3.3453319072723389, "v7": -0.19060283899307251 }, "geometry": { "type": "Point", "coordinates": [ 106.875, -35.226385169 ] } },
{ "type": "Feature", "properties": { "id": 1656, "u1": 6.4549975395202637, "u7": 8.3641357421875, "v1": -0.62666726112365723, "v7": -2.4620821475982666 }, "geometry": { "type": "Point", "coordinates": [ 106.875, -40.938772168999982 ] } },
{ "type": "Feature", "properties": { "id": 1657, "u1": 9.4709959030151367, "u7": 8.5229835510253906, "v1": -1.9423354864120483, "v7": -2.943610668182373 }, "geometry": { "type": "Point", "coordinates": [ 106.875, -46.651159168999989 ] } },
{ "type": "Feature", "properties": { "id": 1658, "u1": 8.9349966049194336, "u7": 7.2793974876403809, "v1": -2.1546671390533447, "v7": -3.3993325233459473 }, "geometry": { "type": "Point", "coordinates": [ 106.875, -52.363546169 ] } },
{ "type": "Feature", "properties": { "id": 1659, "u1": 5.2159981727600098, "u7": 4.8668012619018555, "v1": -0.82200163602828979, "v7": -1.8065303564071655 }, "geometry": { "type": "Point", "coordinates": [ 106.875, -58.075933169 ] } },
{ "type": "Feature", "properties": { "id": 1660, "u1": -1.8160014152526855, "u7": -4.8419528007507324, "v1": 0.97333270311355591, "v7": 3.5375595092773438 }, "geometry": { "type": "Point", "coordinates": [ 106.875, -63.788320168999981 ] } },
{ "type": "Feature", "properties": { "id": 1661, "u1": -6.3833346366882324, "u7": -10.057407379150391, "v1": 3.2383325099945068, "v7": 9.4581537246704102 }, "geometry": { "type": "Point", "coordinates": [ 106.875, -69.50070716899998 ] } },
{ "type": "Feature", "properties": { "id": 1662, "u1": 1.5106654167175293, "u7": 1.7878265380859375, "v1": -0.21766713261604309, "v7": 2.1142938137054443 }, "geometry": { "type": "Point", "coordinates": [ 106.875, -75.213094168999987 ] } },
{ "type": "Feature", "properties": { "id": 1663, "u1": 1.5666651725769043, "u7": 6.0248322486877441, "v1": 2.9236652851104736, "v7": 4.7230663299560547 }, "geometry": { "type": "Point", "coordinates": [ 106.875, -80.925481168999966 ] } },
{ "type": "Feature", "properties": { "id": 1664, "u1": 1.9136652946472168, "u7": 6.0508508682250977, "v1": 3.002666711807251, "v7": 5.8335270881652832 }, "geometry": { "type": "Point", "coordinates": [ 106.875, -86.637868168999972 ] } },
{ "type": "Feature", "properties": { "id": 1666, "u1": -0.14066772162914276, "u7": 0.2854996919631958, "v1": 2.3866653442382812, "v7": -0.80302459001541138 }, "geometry": { "type": "Point", "coordinates": [ 112.5, 84.733741831 ] } },
{ "type": "Feature", "properties": { "id": 1667, "u1": 0.19633127748966217, "u7": 0.8849412202835083, "v1": 1.8863316774368286, "v7": -0.30856406688690186 }, "geometry": { "type": "Point", "coordinates": [ 112.5, 79.021354831000011 ] } },
{ "type": "Feature", "properties": { "id": 1668, "u1": 1.0939986705780029, "u7": -1.0136933326721191, "v1": 1.8626663684844971, "v7": -0.9126628041267395 }, "geometry": { "type": "Point", "coordinates": [ 112.5, 73.308967831000018 ] } },
{ "type": "Feature", "properties": { "id": 1669, "u1": 1.7003321647644043, "u7": -0.10878262668848038, "v1": 1.1479990482330322, "v7": -0.61127084493637085 }, "geometry": { "type": "Point", "coordinates": [ 112.5, 67.596580831000011 ] } },
{ "type": "Feature", "properties": { "id": 1670, "u1": 3.2713313102722168, "u7": -0.30512186884880066, "v1": 1.2913320064544678, "v7": -0.72858983278274536 }, "geometry": { "type": "Point", "coordinates": [ 112.5, 61.884193831 ] } },
{ "type": "Feature", "properties": { "id": 1671, "u1": 3.247997522354126, "u7": 0.086064301431179047, "v1": 1.089997410774231, "v7": -0.73028665781021118 }, "geometry": { "type": "Point", "coordinates": [ 112.5, 56.171806831 ] } },
{ "type": "Feature", "properties": { "id": 1672, "u1": 3.5806655883789062, "u7": 0.78772789239883423, "v1": -1.6556686162948608, "v7": -0.74647176265716553 }, "geometry": { "type": "Point", "coordinates": [ 112.5, 50.459419831 ] } },
{ "type": "Feature", "properties": { "id": 1673, "u1": 4.3496642112731934, "u7": 0.25493711233139038, "v1": -0.88866829872131348, "v7": -0.056654669344425201 }, "geometry": { "type": "Point", "coordinates": [ 112.5, 44.747032831 ] } },
{ "type": "Feature", "properties": { "id": 1674, "u1": 2.4909977912902832, "u7": -0.12220378965139389, "v1": -1.956666111946106, "v7": 1.8728851079940796 }, "geometry": { "type": "Point", "coordinates": [ 112.5, 39.034645831 ] } },
{ "type": "Feature", "properties": { "id": 1675, "u1": -1.0546681880950928, "u7": -1.0036741495132446, "v1": -1.2940032482147217, "v7": 1.2886141538619995 }, "geometry": { "type": "Point", "coordinates": [ 112.5, 33.322258831 ] } },
{ "type": "Feature", "properties": { "id": 1676, "u1": -2.3000004291534424, "u7": -0.22849591076374054, "v1": -2.2086679935455322, "v7": 2.5311808586120605 }, "geometry": { "type": "Point", "coordinates": [ 112.5, 27.609871831 ] } },
{ "type": "Feature", "properties": { "id": 1677, "u1": -2.6390020847320557, "u7": -1.025704026222229, "v1": -4.724001407623291, "v7": 2.6007034778594971 }, "geometry": { "type": "Point", "coordinates": [ 112.5, 21.897484831 ] } },
{ "type": "Feature", "properties": { "id": 1678, "u1": -5.816002368927002, "u7": 1.5244289636611938, "v1": -6.7920012474060059, "v7": 4.8036723136901855 }, "geometry": { "type": "Point", "coordinates": [ 112.5, 16.185097831 ] } },
{ "type": "Feature", "properties": { "id": 1679, "u1": -6.1736693382263184, "u7": 4.6340227127075195, "v1": -7.3873348236083984, "v7": 4.3386883735656738 }, "geometry": { "type": "Point", "coordinates": [ 112.5, 10.472710831 ] } },
{ "type": "Feature", "properties": { "id": 1680, "u1": -2.5783345699310303, "u7": 1.2893859148025513, "v1": -2.9720022678375244, "v7": 1.8118466138839722 }, "geometry": { "type": "Point", "coordinates": [ 112.5, 4.760323831000016 ] } },
{ "type": "Feature", "properties": { "id": 1681, "u1": 0.13466593623161316, "u7": -0.36141312122344971, "v1": -0.06100006029009819, "v7": 0.69193774461746216 }, "geometry": { "type": "Point", "coordinates": [ 112.5, -0.952063169 ] } },
{ "type": "Feature", "properties": { "id": 1682, "u1": 4.2959985733032227, "u7": -4.0252127647399902, "v1": -0.68233335018157959, "v7": 3.9262504577636719 }, "geometry": { "type": "Point", "coordinates": [ 112.5, -6.664450169 ] } },
{ "type": "Feature", "properties": { "id": 1683, "u1": 2.8803324699401855, "u7": -7.1540040969848633, "v1": 1.8913325071334839, "v7": 2.8947343826293945 }, "geometry": { "type": "Point", "coordinates": [ 112.5, -12.376837168999989 ] } },
{ "type": "Feature", "properties": { "id": 1684, "u1": 2.3626654148101807, "u7": -5.2601699829101562, "v1": 4.5056662559509277, "v7": 4.2574553489685059 }, "geometry": { "type": "Point", "coordinates": [ 112.5, -18.089224168999984 ] } },
{ "type": "Feature", "properties": { "id": 1685, "u1": 2.2159984111785889, "u7": -2.636239767074585, "v1": 8.5913295745849609, "v7": 3.8378095626831055 }, "geometry": { "type": "Point", "coordinates": [ 112.5, -23.801611169 ] } },
{ "type": "Feature", "properties": { "id": 1686, "u1": -1.3110021352767944, "u7": 0.95320546627044678, "v1": 10.085330963134766, "v7": 1.722999095916748 }, "geometry": { "type": "Point", "coordinates": [ 112.5, -29.513998169 ] } },
{ "type": "Feature", "properties": { "id": 1687, "u1": -1.3350015878677368, "u7": 5.5198078155517578, "v1": 5.0716648101806641, "v7": -0.056031037122011185 }, "geometry": { "type": "Point", "coordinates": [ 112.5, -35.226385169 ] } },
{ "type": "Feature", "properties": { "id": 1688, "u1": 5.8479981422424316, "u7": 7.6868128776550293, "v1": -0.55966794490814209, "v7": -2.3715791702270508 }, "geometry": { "type": "Point", "coordinates": [ 112.5, -40.938772168999982 ] } },
{ "type": "Feature", "properties": { "id": 1689, "u1": 9.4446659088134766, "u7": 8.2431116104125977, "v1": -2.1380026340484619, "v7": -2.9734551906585693 }, "geometry": { "type": "Point", "coordinates": [ 112.5, -46.651159168999989 ] } },
{ "type": "Feature", "properties": { "id": 1690, "u1": 8.9306640625, "u7": 7.0226645469665527, "v1": -2.6523351669311523, "v7": -3.9835636615753174 }, "geometry": { "type": "Point", "coordinates": [ 112.5, -52.363546169 ] } },
{ "type": "Feature", "properties": { "id": 1691, "u1": 5.1743311882019043, "u7": 5.1786069869995117, "v1": -0.9936676025390625, "v7": -2.3372972011566162 }, "geometry": { "type": "Point", "coordinates": [ 112.5, -58.075933169 ] } },
{ "type": "Feature", "properties": { "id": 1692, "u1": -1.8780003786087036, "u7": -4.5355143547058105, "v1": 1.1116653680801392, "v7": 3.1006143093109131 }, "geometry": { "type": "Point", "coordinates": [ 112.5, -63.788320168999981 ] } },
{ "type": "Feature", "properties": { "id": 1693, "u1": -6.6450018882751465, "u7": -10.324098587036133, "v1": 2.3016653060913086, "v7": 8.5336475372314453 }, "geometry": { "type": "Point", "coordinates": [ 112.5, -69.50070716899998 ] } },
{ "type": "Feature", "properties": { "id": 1694, "u1": 1.6846643686294556, "u7": 1.875773549079895, "v1": -1.3986679315567017, "v7": 1.6638079881668091 }, "geometry": { "type": "Point", "coordinates": [ 112.5, -75.213094168999987 ] } },
{ "type": "Feature", "properties": { "id": 1695, "u1": 1.4879978895187378, "u7": 6.396275520324707, "v1": 2.666999340057373, "v7": 5.3087410926818848 }, "geometry": { "type": "Point", "coordinates": [ 112.5, -80.925481168999966 ] } },
{ "type": "Feature", "properties": { "id": 1696, "u1": 1.7176645994186401, "u7": 5.6814141273498535, "v1": 3.4259994029998779, "v7": 6.995330810546875 }, "geometry": { "type": "Point", "coordinates": [ 112.5, -86.637868168999972 ] } },
{ "type": "Feature", "properties": { "id": 1698, "u1": 0.0709991455078125, "u7": 0.1366705447435379, "v1": 2.3333313465118408, "v7": -0.70723003149032593 }, "geometry": { "type": "Point", "coordinates": [ 118.125, 84.733741831 ] } },
{ "type": "Feature", "properties": { "id": 1699, "u1": 0.2549997866153717, "u7": 0.9783858060836792, "v1": 1.8756657838821411, "v7": -0.21078070998191833 }, "geometry": { "type": "Point", "coordinates": [ 118.125, 79.021354831000011 ] } },
{ "type": "Feature", "properties": { "id": 1700, "u1": 1.1709991693496704, "u7": -1.2438910007476807, "v1": 2.0623321533203125, "v7": -0.80701470375061035 }, "geometry": { "type": "Point", "coordinates": [ 118.125, 73.308967831000018 ] } },
{ "type": "Feature", "properties": { "id": 1701, "u1": 0.60433250665664673, "u7": -0.17784872651100159, "v1": 1.5866643190383911, "v7": -0.94965648651123047 }, "geometry": { "type": "Point", "coordinates": [ 118.125, 67.596580831000011 ] } },
{ "type": "Feature", "properties": { "id": 1702, "u1": 2.8586664199829102, "u7": -0.044580418616533279, "v1": 0.89899951219558716, "v7": -0.93377262353897095 }, "geometry": { "type": "Point", "coordinates": [ 118.125, 61.884193831 ] } },
{ "type": "Feature", "properties": { "id": 1703, "u1": 3.0509984493255615, "u7": -0.13647527992725372, "v1": -1.0403345823287964, "v7": -0.81488490104675293 }, "geometry": { "type": "Point", "coordinates": [ 118.125, 56.171806831 ] } },
{ "type": "Feature", "properties": { "id": 1704, "u1": 3.5606653690338135, "u7": 0.1487363874912262, "v1": -2.3546671867370605, "v7": -0.074241474270820618 }, "geometry": { "type": "Point", "coordinates": [ 118.125, 50.459419831 ] } },
{ "type": "Feature", "properties": { "id": 1705, "u1": 5.9406638145446777, "u7": 0.54419833421707153, "v1": -2.9846670627593994, "v7": 0.73480796813964844 }, "geometry": { "type": "Point", "coordinates": [ 118.125, 44.747032831 ] } },
{ "type": "Feature", "properties": { "id": 1706, "u1": 1.9346654415130615, "u7": -0.60612392425537109, "v1": -2.9160003662109375, "v7": 2.3411173820495605 }, "geometry": { "type": "Point", "coordinates": [ 118.125, 39.034645831 ] } },
{ "type": "Feature", "properties": { "id": 1707, "u1": -0.50433450937271118, "u7": -1.297838568687439, "v1": -1.4986684322357178, "v7": 1.6645179986953735 }, "geometry": { "type": "Point", "coordinates": [ 118.125, 33.322258831 ] } },
{ "type": "Feature", "properties": { "id": 1708, "u1": -1.0153346061706543, "u7": -0.22971376776695251, "v1": -1.8136683702468872, "v7": 1.5830116271972656 }, "geometry": { "type": "Point", "coordinates": [ 118.125, 27.609871831 ] } },
{ "type": "Feature", "properties": { "id": 1709, "u1": -5.923001766204834, "u7": 0.2458144873380661, "v1": -7.6216673851013184, "v7": 3.356102466583252 }, "geometry": { "type": "Point", "coordinates": [ 118.125, 21.897484831 ] } },
{ "type": "Feature", "properties": { "id": 1710, "u1": -5.7179994583129883, "u7": 1.4489513635635376, "v1": -4.8053336143493652, "v7": 4.0533046722412109 }, "geometry": { "type": "Point", "coordinates": [ 118.125, 16.185097831 ] } },
{ "type": "Feature", "properties": { "id": 1711, "u1": -6.7996673583984375, "u7": 1.5372103452682495, "v1": -3.4463348388671875, "v7": 4.0233645439147949 }, "geometry": { "type": "Point", "coordinates": [ 118.125, 10.472710831 ] } },
{ "type": "Feature", "properties": { "id": 1712, "u1": -0.70366770029067993, "u7": -0.38804206252098083, "v1": -1.5233358144760132, "v7": 0.89031606912612915 }, "geometry": { "type": "Point", "coordinates": [ 118.125, 4.760323831000016 ] } },
{ "type": "Feature", "properties": { "id": 1713, "u1": -0.04433441162109375, "u7": -0.38126426935195923, "v1": -1.8256672620773315, "v7": 1.8024150133132935 }, "geometry": { "type": "Point", "coordinates": [ 118.125, -0.952063169 ] } },
{ "type": "Feature", "properties": { "id": 1714, "u1": 4.0996646881103516, "u7": -4.960207462310791, "v1": -1.8923344612121582, "v7": 3.622821569442749 }, "geometry": { "type": "Point", "coordinates": [ 118.125, -6.664450169 ] } },
{ "type": "Feature", "properties": { "id": 1715, "u1": 3.7663314342498779, "u7": -6.8561544418334961, "v1": -0.30433452129364014, "v7": 2.1185460090637207 }, "geometry": { "type": "Point", "coordinates": [ 118.125, -12.376837168999989 ] } },
{ "type": "Feature", "properties": { "id": 1716, "u1": 4.9649977684020996, "u7": -4.4493393898010254, "v1": -0.40133515000343323, "v7": 3.176116943359375 }, "geometry": { "type": "Point", "coordinates": [ 118.125, -18.089224168999984 ] } },
{ "type": "Feature", "properties": { "id": 1717, "u1": -0.68966776132583618, "u7": -2.265683650970459, "v1": 0.34699961543083191, "v7": 1.3731356859207153 }, "geometry": { "type": "Point", "coordinates": [ 118.125, -23.801611169 ] } },
{ "type": "Feature", "properties": { "id": 1718, "u1": -1.926667332649231, "u7": 0.25881043076515198, "v1": 2.7766656875610352, "v7": -0.5295444130897522 }, "geometry": { "type": "Point", "coordinates": [ 118.125, -29.513998169 ] } },
{ "type": "Feature", "properties": { "id": 1719, "u1": -2.90966796875, "u7": 4.887840747833252, "v1": 3.8176655769348145, "v7": -2.2688109874725342 }, "geometry": { "type": "Point", "coordinates": [ 118.125, -35.226385169 ] } },
{ "type": "Feature", "properties": { "id": 1720, "u1": 5.2223315238952637, "u7": 6.7016735076904297, "v1": -0.577667236328125, "v7": -2.493840217590332 }, "geometry": { "type": "Point", "coordinates": [ 118.125, -40.938772168999982 ] } },
{ "type": "Feature", "properties": { "id": 1721, "u1": 9.1473331451416016, "u7": 7.5950264930725098, "v1": -2.5746684074401855, "v7": -3.4465901851654053 }, "geometry": { "type": "Point", "coordinates": [ 118.125, -46.651159168999989 ] } },
{ "type": "Feature", "properties": { "id": 1722, "u1": 9.0019979476928711, "u7": 7.2051825523376465, "v1": -3.109001636505127, "v7": -3.9591429233551025 }, "geometry": { "type": "Point", "coordinates": [ 118.125, -52.363546169 ] } },
{ "type": "Feature", "properties": { "id": 1723, "u1": 5.1129980087280273, "u7": 5.3700532913208008, "v1": -1.5813344717025757, "v7": -2.9501490592956543 }, "geometry": { "type": "Point", "coordinates": [ 118.125, -58.075933169 ] } },
{ "type": "Feature", "properties": { "id": 1724, "u1": -2.140002965927124, "u7": -4.5695061683654785, "v1": 0.78799945116043091, "v7": 2.2067246437072754 }, "geometry": { "type": "Point", "coordinates": [ 118.125, -63.788320168999981 ] } },
{ "type": "Feature", "properties": { "id": 1725, "u1": -7.164334774017334, "u7": -10.839643478393555, "v1": 2.0176646709442139, "v7": 7.6314573287963867 }, "geometry": { "type": "Point", "coordinates": [ 118.125, -69.50070716899998 ] } },
{ "type": "Feature", "properties": { "id": 1726, "u1": 2.2009999752044678, "u7": 2.6757690906524658, "v1": -1.9653356075286865, "v7": 1.1953468322753906 }, "geometry": { "type": "Point", "coordinates": [ 118.125, -75.213094168999987 ] } },
{ "type": "Feature", "properties": { "id": 1727, "u1": 1.5573323965072632, "u7": 6.6890172958374023, "v1": 2.3076651096343994, "v7": 5.6282548904418945 }, "geometry": { "type": "Point", "coordinates": [ 118.125, -80.925481168999966 ] } },
{ "type": "Feature", "properties": { "id": 1728, "u1": 1.477332592010498, "u7": 5.1802244186401367, "v1": 3.8229990005493164, "v7": 8.1009483337402344 }, "geometry": { "type": "Point", "coordinates": [ 118.125, -86.637868168999972 ] } },
{ "type": "Feature", "properties": { "id": 1730, "u1": 0.27433165907859802, "u7": 0.0038402716163545847, "v1": 2.2733321189880371, "v7": -0.58179837465286255 }, "geometry": { "type": "Point", "coordinates": [ 123.75, 84.733741831 ] } },
{ "type": "Feature", "properties": { "id": 1731, "u1": 0.30733186006546021, "u7": 1.0091683864593506, "v1": 1.9383316040039062, "v7": -0.13111673295497894 }, "geometry": { "type": "Point", "coordinates": [ 123.75, 79.021354831000011 ] } },
{ "type": "Feature", "properties": { "id": 1732, "u1": 1.4949991703033447, "u7": -1.3218457698822021, "v1": 2.2136657238006592, "v7": -0.6420179009437561 }, "geometry": { "type": "Point", "coordinates": [ 123.75, 73.308967831000018 ] } },
{ "type": "Feature", "properties": { "id": 1733, "u1": 0.11566518247127533, "u7": -0.29425632953643799, "v1": 2.0019984245300293, "v7": -1.0306055545806885 }, "geometry": { "type": "Point", "coordinates": [ 123.75, 67.596580831000011 ] } },
{ "type": "Feature", "properties": { "id": 1734, "u1": 1.9693329334259033, "u7": -0.031509768217802048, "v1": 0.83899843692779541, "v7": -0.83647561073303223 }, "geometry": { "type": "Point", "coordinates": [ 123.75, 61.884193831 ] } },
{ "type": "Feature", "properties": { "id": 1735, "u1": 1.8869985342025757, "u7": -0.59259277582168579, "v1": -1.8093358278274536, "v7": -0.052232567220926285 }, "geometry": { "type": "Point", "coordinates": [ 123.75, 56.171806831 ] } },
{ "type": "Feature", "properties": { "id": 1736, "u1": 2.7639999389648438, "u7": -0.30664315819740295, "v1": -2.2903339862823486, "v7": 0.22489531338214874 }, "geometry": { "type": "Point", "coordinates": [ 123.75, 50.459419831 ] } },
{ "type": "Feature", "properties": { "id": 1737, "u1": 3.295665979385376, "u7": 0.18130002915859222, "v1": -1.5883331298828125, "v7": 1.5931791067123413 }, "geometry": { "type": "Point", "coordinates": [ 123.75, 44.747032831 ] } },
{ "type": "Feature", "properties": { "id": 1738, "u1": 1.0933319330215454, "u7": 0.69227373600006104, "v1": -4.4393339157104492, "v7": 3.3863120079040527 }, "geometry": { "type": "Point", "coordinates": [ 123.75, 39.034645831 ] } },
{ "type": "Feature", "properties": { "id": 1739, "u1": 1.5043319463729858, "u7": -0.99154853820800781, "v1": -6.5469999313354492, "v7": 3.4045462608337402 }, "geometry": { "type": "Point", "coordinates": [ 123.75, 33.322258831 ] } },
{ "type": "Feature", "properties": { "id": 1740, "u1": -2.025001049041748, "u7": -0.20275303721427917, "v1": -8.8130016326904297, "v7": 4.937047004699707 }, "geometry": { "type": "Point", "coordinates": [ 123.75, 27.609871831 ] } },
{ "type": "Feature", "properties": { "id": 1741, "u1": -6.6366682052612305, "u7": -0.54680687189102173, "v1": -4.5486669540405273, "v7": 2.8425531387329102 }, "geometry": { "type": "Point", "coordinates": [ 123.75, 21.897484831 ] } },
{ "type": "Feature", "properties": { "id": 1742, "u1": -7.1746664047241211, "u7": 0.89594167470932007, "v1": -3.6450011730194092, "v7": 2.0831749439239502 }, "geometry": { "type": "Point", "coordinates": [ 123.75, 16.185097831 ] } },
{ "type": "Feature", "properties": { "id": 1743, "u1": -6.1930012702941895, "u7": 1.9737304449081421, "v1": -4.6686663627624512, "v7": 2.1126596927642822 }, "geometry": { "type": "Point", "coordinates": [ 123.75, 10.472710831 ] } },
{ "type": "Feature", "properties": { "id": 1744, "u1": -1.7326675653457642, "u7": -0.54662513732910156, "v1": -3.6436676979064941, "v7": 2.7631494998931885 }, "geometry": { "type": "Point", "coordinates": [ 123.75, 4.760323831000016 ] } },
{ "type": "Feature", "properties": { "id": 1745, "u1": 1.2193318605422974, "u7": -2.3233449459075928, "v1": -2.9410018920898438, "v7": 5.2962169647216797 }, "geometry": { "type": "Point", "coordinates": [ 123.75, -0.952063169 ] } },
{ "type": "Feature", "properties": { "id": 1746, "u1": 3.3736658096313477, "u7": -4.5825505256652832, "v1": -1.3103357553482056, "v7": 3.2669765949249268 }, "geometry": { "type": "Point", "coordinates": [ 123.75, -6.664450169 ] } },
{ "type": "Feature", "properties": { "id": 1747, "u1": 5.1869988441467285, "u7": -5.9928088188171387, "v1": -0.58033496141433716, "v7": 1.6405798196792603 }, "geometry": { "type": "Point", "coordinates": [ 123.75, -12.376837168999989 ] } },
{ "type": "Feature", "properties": { "id": 1748, "u1": 2.4573318958282471, "u7": -2.0890491008758545, "v1": -1.1380020380020142, "v7": 1.9522597789764404 }, "geometry": { "type": "Point", "coordinates": [ 123.75, -18.089224168999984 ] } },
{ "type": "Feature", "properties": { "id": 1749, "u1": -2.7600030899047852, "u7": -2.884274959564209, "v1": 1.2696665525436401, "v7": 1.6797757148742676 }, "geometry": { "type": "Point", "coordinates": [ 123.75, -23.801611169 ] } },
{ "type": "Feature", "properties": { "id": 1750, "u1": -4.3136677742004395, "u7": 0.81927621364593506, "v1": 2.7806651592254639, "v7": -0.56408065557479858 }, "geometry": { "type": "Point", "coordinates": [ 123.75, -29.513998169 ] } },
{ "type": "Feature", "properties": { "id": 1751, "u1": -2.9510014057159424, "u7": 4.4266066551208496, "v1": 1.580665111541748, "v7": -1.8875992298126221 }, "geometry": { "type": "Point", "coordinates": [ 123.75, -35.226385169 ] } },
{ "type": "Feature", "properties": { "id": 1752, "u1": 4.5966653823852539, "u7": 5.9455809593200684, "v1": -0.88366752862930298, "v7": -2.8994109630584717 }, "geometry": { "type": "Point", "coordinates": [ 123.75, -40.938772168999982 ] } },
{ "type": "Feature", "properties": { "id": 1753, "u1": 8.7999982833862305, "u7": 7.225243091583252, "v1": -2.7750000953674316, "v7": -3.8914830684661865 }, "geometry": { "type": "Point", "coordinates": [ 123.75, -46.651159168999989 ] } },
{ "type": "Feature", "properties": { "id": 1754, "u1": 8.8896656036376953, "u7": 7.1132731437683105, "v1": -3.3690028190612793, "v7": -4.2914843559265137 }, "geometry": { "type": "Point", "coordinates": [ 123.75, -52.363546169 ] } },
{ "type": "Feature", "properties": { "id": 1755, "u1": 5.0636649131774902, "u7": 5.5390629768371582, "v1": -2.2733347415924072, "v7": -3.6483373641967773 }, "geometry": { "type": "Point", "coordinates": [ 123.75, -58.075933169 ] } },
{ "type": "Feature", "properties": { "id": 1756, "u1": -2.5460026264190674, "u7": -5.2933964729309082, "v1": 0.22966614365577698, "v7": 1.4975041151046753 }, "geometry": { "type": "Point", "coordinates": [ 123.75, -63.788320168999981 ] } },
{ "type": "Feature", "properties": { "id": 1757, "u1": -7.7240004539489746, "u7": -11.119752883911133, "v1": 2.5276668071746826, "v7": 7.3044171333312988 }, "geometry": { "type": "Point", "coordinates": [ 123.75, -69.50070716899998 ] } },
{ "type": "Feature", "properties": { "id": 1758, "u1": 2.8416657447814941, "u7": 4.0545783042907715, "v1": -1.4766677618026733, "v7": 1.4823509454727173 }, "geometry": { "type": "Point", "coordinates": [ 123.75, -75.213094168999987 ] } },
{ "type": "Feature", "properties": { "id": 1759, "u1": 1.8723317384719849, "u7": 7.1489701271057129, "v1": 2.1033310890197754, "v7": 5.9207477569580078 }, "geometry": { "type": "Point", "coordinates": [ 123.75, -80.925481168999966 ] } },
{ "type": "Feature", "properties": { "id": 1760, "u1": 1.1943323612213135, "u7": 4.5570859909057617, "v1": 4.1909976005554199, "v7": 9.1409740447998047 }, "geometry": { "type": "Point", "coordinates": [ 123.75, -86.637868168999972 ] } },
{ "type": "Feature", "properties": { "id": 1762, "u1": 0.47033131122589111, "u7": -0.10464379191398621, "v1": 2.2073328495025635, "v7": -0.4338965117931366 }, "geometry": { "type": "Point", "coordinates": [ 129.375, 84.733741831 ] } },
{ "type": "Feature", "properties": { "id": 1763, "u1": 0.41466420888900757, "u7": 0.94461196660995483, "v1": 1.9746648073196411, "v7": -0.019128112122416496 }, "geometry": { "type": "Point", "coordinates": [ 129.375, 79.021354831000011 ] } },
{ "type": "Feature", "properties": { "id": 1764, "u1": 2.0016653537750244, "u7": -1.1740552186965942, "v1": 2.1740005016326904, "v7": -0.55108755826950073 }, "geometry": { "type": "Point", "coordinates": [ 129.375, 73.308967831000018 ] } },
{ "type": "Feature", "properties": { "id": 1765, "u1": 0.41333261132240295, "u7": -0.28836849331855774, "v1": 1.8746658563613892, "v7": -1.0019601583480835 }, "geometry": { "type": "Point", "coordinates": [ 129.375, 67.596580831000011 ] } },
{ "type": "Feature", "properties": { "id": 1766, "u1": 1.5276657342910767, "u7": -0.058276046067476273, "v1": 0.37200012803077698, "v7": 0.019276253879070282 }, "geometry": { "type": "Point", "coordinates": [ 129.375, 61.884193831 ] } },
{ "type": "Feature", "properties": { "id": 1767, "u1": 1.3839995861053467, "u7": -0.80180150270462036, "v1": -2.6806676387786865, "v7": 0.58155906200408936 }, "geometry": { "type": "Point", "coordinates": [ 129.375, 56.171806831 ] } },
{ "type": "Feature", "properties": { "id": 1768, "u1": 1.7993321418762207, "u7": -0.72373068332672119, "v1": -2.085334300994873, "v7": 0.69264107942581177 }, "geometry": { "type": "Point", "coordinates": [ 129.375, 50.459419831 ] } },
{ "type": "Feature", "properties": { "id": 1769, "u1": 4.4816665649414062, "u7": 0.4656606912612915, "v1": -0.71933388710021973, "v7": 2.3028252124786377 }, "geometry": { "type": "Point", "coordinates": [ 129.375, 44.747032831 ] } },
{ "type": "Feature", "properties": { "id": 1770, "u1": 4.5463323593139648, "u7": 0.28675791621208191, "v1": -5.8400020599365234, "v7": 1.8633037805557251 }, "geometry": { "type": "Point", "coordinates": [ 129.375, 39.034645831 ] } },
{ "type": "Feature", "properties": { "id": 1771, "u1": 2.3386662006378174, "u7": 0.42300653457641602, "v1": -6.7303342819213867, "v7": 2.3367166519165039 }, "geometry": { "type": "Point", "coordinates": [ 129.375, 33.322258831 ] } },
{ "type": "Feature", "properties": { "id": 1772, "u1": 0.37266489863395691, "u7": -0.19047024846076965, "v1": -6.0383343696594238, "v7": 3.1149709224700928 }, "geometry": { "type": "Point", "coordinates": [ 129.375, 27.609871831 ] } },
{ "type": "Feature", "properties": { "id": 1773, "u1": -5.6156668663024902, "u7": -2.1415753364562988, "v1": -4.9986677169799805, "v7": 2.3259820938110352 }, "geometry": { "type": "Point", "coordinates": [ 129.375, 21.897484831 ] } },
{ "type": "Feature", "properties": { "id": 1774, "u1": -7.6460013389587402, "u7": -0.69374567270278931, "v1": -4.7823348045349121, "v7": 1.4194601774215698 }, "geometry": { "type": "Point", "coordinates": [ 129.375, 16.185097831 ] } },
{ "type": "Feature", "properties": { "id": 1775, "u1": -6.775001049041748, "u7": 1.8066086769104004, "v1": -3.9050014019012451, "v7": 1.7010303735733032 }, "geometry": { "type": "Point", "coordinates": [ 129.375, 10.472710831 ] } },
{ "type": "Feature", "properties": { "id": 1776, "u1": -2.5653350353240967, "u7": 1.7205439805984497, "v1": -3.9520013332366943, "v7": 3.771085262298584 }, "geometry": { "type": "Point", "coordinates": [ 129.375, 4.760323831000016 ] } },
{ "type": "Feature", "properties": { "id": 1777, "u1": 1.4349995851516724, "u7": -1.3046784400939941, "v1": -3.6110010147094727, "v7": 6.1332559585571289 }, "geometry": { "type": "Point", "coordinates": [ 129.375, -0.952063169 ] } },
{ "type": "Feature", "properties": { "id": 1778, "u1": 3.657665491104126, "u7": -5.9084644317626953, "v1": -2.1733357906341553, "v7": 4.6803421974182129 }, "geometry": { "type": "Point", "coordinates": [ 129.375, -6.664450169 ] } },
{ "type": "Feature", "properties": { "id": 1779, "u1": 5.2299966812133789, "u7": -3.6791961193084717, "v1": -0.90800118446350098, "v7": 2.9227964878082275 }, "geometry": { "type": "Point", "coordinates": [ 129.375, -12.376837168999989 ] } },
{ "type": "Feature", "properties": { "id": 1780, "u1": -0.25400084257125854, "u7": -2.790616512298584, "v1": -0.84266763925552368, "v7": 1.8066333532333374 }, "geometry": { "type": "Point", "coordinates": [ 129.375, -18.089224168999984 ] } },
{ "type": "Feature", "properties": { "id": 1781, "u1": -3.020667552947998, "u7": -2.4970176219940186, "v1": 1.1946660280227661, "v7": 0.91409248113632202 }, "geometry": { "type": "Point", "coordinates": [ 129.375, -23.801611169 ] } },
{ "type": "Feature", "properties": { "id": 1782, "u1": -3.1300008296966553, "u7": 0.5407218337059021, "v1": 4.107330322265625, "v7": -0.93329137563705444 }, "geometry": { "type": "Point", "coordinates": [ 129.375, -29.513998169 ] } },
{ "type": "Feature", "properties": { "id": 1783, "u1": -2.188666820526123, "u7": 3.7548854351043701, "v1": 2.2466645240783691, "v7": -1.7424474954605103 }, "geometry": { "type": "Point", "coordinates": [ 129.375, -35.226385169 ] } },
{ "type": "Feature", "properties": { "id": 1784, "u1": 4.0819964408874512, "u7": 5.5762343406677246, "v1": -0.69133353233337402, "v7": -3.0520555973052979 }, "geometry": { "type": "Point", "coordinates": [ 129.375, -40.938772168999982 ] } },
{ "type": "Feature", "properties": { "id": 1785, "u1": 8.3213319778442383, "u7": 6.8117575645446777, "v1": -2.9450011253356934, "v7": -4.143895149230957 }, "geometry": { "type": "Point", "coordinates": [ 129.375, -46.651159168999989 ] } },
{ "type": "Feature", "properties": { "id": 1786, "u1": 8.4679975509643555, "u7": 6.7476687431335449, "v1": -3.7516686916351318, "v7": -4.4897136688232422 }, "geometry": { "type": "Point", "coordinates": [ 129.375, -52.363546169 ] } },
{ "type": "Feature", "properties": { "id": 1787, "u1": 5.1703314781188965, "u7": 5.9946703910827637, "v1": -2.8430023193359375, "v7": -4.1144394874572754 }, "geometry": { "type": "Point", "coordinates": [ 129.375, -58.075933169 ] } },
{ "type": "Feature", "properties": { "id": 1788, "u1": -2.741668701171875, "u7": -6.2423748970031738, "v1": 0.154998779296875, "v7": 1.6757552623748779 }, "geometry": { "type": "Point", "coordinates": [ 129.375, -63.788320168999981 ] } },
{ "type": "Feature", "properties": { "id": 1789, "u1": -7.4196681976318359, "u7": -9.797083854675293, "v1": 3.9733302593231201, "v7": 8.1059474945068359 }, "geometry": { "type": "Point", "coordinates": [ 129.375, -69.50070716899998 ] } },
{ "type": "Feature", "properties": { "id": 1790, "u1": 3.2929983139038086, "u7": 5.5218939781188965, "v1": -0.18300272524356842, "v7": 2.6056418418884277 }, "geometry": { "type": "Point", "coordinates": [ 129.375, -75.213094168999987 ] } },
{ "type": "Feature", "properties": { "id": 1791, "u1": 2.3966634273529053, "u7": 7.8121724128723145, "v1": 2.2186646461486816, "v7": 6.4397492408752441 }, "geometry": { "type": "Point", "coordinates": [ 129.375, -80.925481168999966 ] } },
{ "type": "Feature", "properties": { "id": 1792, "u1": 0.86799776554107666, "u7": 3.815312385559082, "v1": 4.5256671905517578, "v7": 10.10877513885498 }, "geometry": { "type": "Point", "coordinates": [ 129.375, -86.637868168999972 ] } },
{ "type": "Feature", "properties": { "id": 1794, "u1": 0.67199909687042236, "u7": -0.18730367720127106, "v1": 2.1293320655822754, "v7": -0.27480706572532654 }, "geometry": { "type": "Point", "coordinates": [ 135.0, 84.733741831 ] } },
{ "type": "Feature", "properties": { "id": 1795, "u1": 0.56799876689910889, "u7": 0.81874549388885498, "v1": 1.8883321285247803, "v7": 0.1661069244146347 }, "geometry": { "type": "Point", "coordinates": [ 135.0, 79.021354831000011 ] } },
{ "type": "Feature", "properties": { "id": 1796, "u1": 2.0586645603179932, "u7": -0.9431765079498291, "v1": 1.7916656732559204, "v7": -0.51671344041824341 }, "geometry": { "type": "Point", "coordinates": [ 135.0, 73.308967831000018 ] } },
{ "type": "Feature", "properties": { "id": 1797, "u1": 1.1196639537811279, "u7": -0.53951621055603027, "v1": 1.3813334703445435, "v7": -0.78948569297790527 }, "geometry": { "type": "Point", "coordinates": [ 135.0, 67.596580831000011 ] } },
{ "type": "Feature", "properties": { "id": 1798, "u1": 0.61233264207839966, "u7": 0.049382578581571579, "v1": -1.0670028924942017, "v7": 1.004463791847229 }, "geometry": { "type": "Point", "coordinates": [ 135.0, 61.884193831 ] } },
{ "type": "Feature", "properties": { "id": 1799, "u1": 3.7416641712188721, "u7": -1.136299729347229, "v1": -5.4243364334106445, "v7": 0.98584544658660889 }, "geometry": { "type": "Point", "coordinates": [ 135.0, 56.171806831 ] } },
{ "type": "Feature", "properties": { "id": 1800, "u1": 2.5439982414245605, "u7": -1.1293231248855591, "v1": -1.6143330335617065, "v7": 1.1374416351318359 }, "geometry": { "type": "Point", "coordinates": [ 135.0, 50.459419831 ] } },
{ "type": "Feature", "properties": { "id": 1801, "u1": 4.8806643486022949, "u7": -0.47160997986793518, "v1": -4.694666862487793, "v7": 2.5236244201660156 }, "geometry": { "type": "Point", "coordinates": [ 135.0, 44.747032831 ] } },
{ "type": "Feature", "properties": { "id": 1802, "u1": 4.6626648902893066, "u7": 1.3645303249359131, "v1": -7.2470011711120605, "v7": 0.73724287748336792 }, "geometry": { "type": "Point", "coordinates": [ 135.0, 39.034645831 ] } },
{ "type": "Feature", "properties": { "id": 1803, "u1": 2.795330286026001, "u7": 1.2473123073577881, "v1": -5.7953338623046875, "v7": 2.4020364284515381 }, "geometry": { "type": "Point", "coordinates": [ 135.0, 33.322258831 ] } },
{ "type": "Feature", "properties": { "id": 1804, "u1": 1.9123311042785645, "u7": -0.32185935974121094, "v1": -4.0063338279724121, "v7": 2.425835132598877 }, "geometry": { "type": "Point", "coordinates": [ 135.0, 27.609871831 ] } },
{ "type": "Feature", "properties": { "id": 1805, "u1": -4.3016676902770996, "u7": -2.7544794082641602, "v1": -5.1530003547668457, "v7": 1.373418927192688 }, "geometry": { "type": "Point", "coordinates": [ 135.0, 21.897484831 ] } },
{ "type": "Feature", "properties": { "id": 1806, "u1": -7.3186664581298828, "u7": -1.9044409990310669, "v1": -4.6636672019958496, "v7": 0.78036195039749146 }, "geometry": { "type": "Point", "coordinates": [ 135.0, 16.185097831 ] } },
{ "type": "Feature", "properties": { "id": 1807, "u1": -6.8393344879150391, "u7": 1.1901201009750366, "v1": -3.110668420791626, "v7": 1.2199181318283081 }, "geometry": { "type": "Point", "coordinates": [ 135.0, 10.472710831 ] } },
{ "type": "Feature", "properties": { "id": 1808, "u1": -3.4920012950897217, "u7": 1.615602970123291, "v1": -2.5806670188903809, "v7": 1.8784183263778687 }, "geometry": { "type": "Point", "coordinates": [ 135.0, 4.760323831000016 ] } },
{ "type": "Feature", "properties": { "id": 1809, "u1": 0.92533266544342041, "u7": 0.46811768412590027, "v1": -1.7040013074874878, "v7": 2.3819699287414551 }, "geometry": { "type": "Point", "coordinates": [ 135.0, -0.952063169 ] } },
{ "type": "Feature", "properties": { "id": 1810, "u1": 3.4989991188049316, "u7": -6.3667230606079102, "v1": -2.6796681880950928, "v7": 6.5781917572021484 }, "geometry": { "type": "Point", "coordinates": [ 135.0, -6.664450169 ] } },
{ "type": "Feature", "properties": { "id": 1811, "u1": 1.5433324575424194, "u7": -3.3529312610626221, "v1": -1.7783344984054565, "v7": 2.9563174247741699 }, "geometry": { "type": "Point", "coordinates": [ 135.0, -12.376837168999989 ] } },
{ "type": "Feature", "properties": { "id": 1812, "u1": -1.1983342170715332, "u7": -2.5536165237426758, "v1": -0.87866717576980591, "v7": 2.5732371807098389 }, "geometry": { "type": "Point", "coordinates": [ 135.0, -18.089224168999984 ] } },
{ "type": "Feature", "properties": { "id": 1813, "u1": -2.8473353385925293, "u7": -1.8407485485076904, "v1": 1.6643310785293579, "v7": 1.8565554618835449 }, "geometry": { "type": "Point", "coordinates": [ 135.0, -23.801611169 ] } },
{ "type": "Feature", "properties": { "id": 1814, "u1": -1.3210016489028931, "u7": 0.34268727898597717, "v1": 3.7526652812957764, "v7": -0.63542008399963379 }, "geometry": { "type": "Point", "coordinates": [ 135.0, -29.513998169 ] } },
{ "type": "Feature", "properties": { "id": 1815, "u1": -1.6353347301483154, "u7": 3.5609018802642822, "v1": 4.7236647605895996, "v7": -2.1426117420196533 }, "geometry": { "type": "Point", "coordinates": [ 135.0, -35.226385169 ] } },
{ "type": "Feature", "properties": { "id": 1816, "u1": 3.4799997806549072, "u7": 4.9680938720703125, "v1": -0.37500101327896118, "v7": -2.685492992401123 }, "geometry": { "type": "Point", "coordinates": [ 135.0, -40.938772168999982 ] } },
{ "type": "Feature", "properties": { "id": 1817, "u1": 7.5819988250732422, "u7": 6.3717813491821289, "v1": -3.1160027980804443, "v7": -4.117314338684082 }, "geometry": { "type": "Point", "coordinates": [ 135.0, -46.651159168999989 ] } },
{ "type": "Feature", "properties": { "id": 1818, "u1": 8.0166664123535156, "u7": 6.4420166015625, "v1": -4.255002498626709, "v7": -4.694127082824707 }, "geometry": { "type": "Point", "coordinates": [ 135.0, -52.363546169 ] } },
{ "type": "Feature", "properties": { "id": 1819, "u1": 5.3479986190795898, "u7": 6.4110960960388184, "v1": -3.2293350696563721, "v7": -4.2233138084411621 }, "geometry": { "type": "Point", "coordinates": [ 135.0, -58.075933169 ] } },
{ "type": "Feature", "properties": { "id": 1820, "u1": -2.1576681137084961, "u7": -6.4545354843139648, "v1": 0.15199838578701019, "v7": 2.6176478862762451 }, "geometry": { "type": "Point", "coordinates": [ 135.0, -63.788320168999981 ] } },
{ "type": "Feature", "properties": { "id": 1821, "u1": -5.9660019874572754, "u7": -6.6757602691650391, "v1": 5.8673310279846191, "v7": 10.420090675354004 }, "geometry": { "type": "Point", "coordinates": [ 135.0, -69.50070716899998 ] } },
{ "type": "Feature", "properties": { "id": 1822, "u1": 3.495330810546875, "u7": 6.8146381378173828, "v1": 1.3970000743865967, "v7": 4.2443370819091797 }, "geometry": { "type": "Point", "coordinates": [ 135.0, -75.213094168999987 ] } },
{ "type": "Feature", "properties": { "id": 1823, "u1": 2.9736654758453369, "u7": 8.4686822891235352, "v1": 2.6616663932800293, "v7": 7.3021349906921387 }, "geometry": { "type": "Point", "coordinates": [ 135.0, -80.925481168999966 ] } },
{ "type": "Feature", "properties": { "id": 1824, "u1": 0.50066578388214111, "u7": 2.9641029834747314, "v1": 4.8239989280700684, "v7": 10.995977401733398 }, "geometry": { "type": "Point", "coordinates": [ 135.0, -86.637868168999972 ] } },
{ "type": "Feature", "properties": { "id": 1826, "u1": 0.86999768018722534, "u7": -0.24630331993103027, "v1": 2.0326645374298096, "v7": -0.11294282972812653 }, "geometry": { "type": "Point", "coordinates": [ 140.625, 84.733741831 ] } },
{ "type": "Feature", "properties": { "id": 1827, "u1": 0.70666658878326416, "u7": 0.72949099540710449, "v1": 1.6956665515899658, "v7": 0.38093993067741394 }, "geometry": { "type": "Point", "coordinates": [ 140.625, 79.021354831000011 ] } },
{ "type": "Feature", "properties": { "id": 1828, "u1": 1.8403315544128418, "u7": -0.93797105550765991, "v1": 1.5209991931915283, "v7": -0.37636464834213257 }, "geometry": { "type": "Point", "coordinates": [ 140.625, 73.308967831000018 ] } },
{ "type": "Feature", "properties": { "id": 1829, "u1": 1.8799997568130493, "u7": -1.0902111530303955, "v1": 0.70999908447265625, "v7": -0.49690350890159607 }, "geometry": { "type": "Point", "coordinates": [ 140.625, 67.596580831000011 ] } },
{ "type": "Feature", "properties": { "id": 1830, "u1": -1.9590001106262207, "u7": 0.71608954668045044, "v1": -2.6670007705688477, "v7": 1.5227839946746826 }, "geometry": { "type": "Point", "coordinates": [ 140.625, 61.884193831 ] } },
{ "type": "Feature", "properties": { "id": 1831, "u1": 4.2823309898376465, "u7": -1.3533611297607422, "v1": -8.0963335037231445, "v7": 1.5417627096176147 }, "geometry": { "type": "Point", "coordinates": [ 140.625, 56.171806831 ] } },
{ "type": "Feature", "properties": { "id": 1832, "u1": 4.0819988250732422, "u7": -1.2494397163391113, "v1": -4.4563350677490234, "v7": 2.9595897197723389 }, "geometry": { "type": "Point", "coordinates": [ 140.625, 50.459419831 ] } },
{ "type": "Feature", "properties": { "id": 1833, "u1": 3.2906646728515625, "u7": -0.58072108030319214, "v1": -5.1160001754760742, "v7": 1.7530289888381958 }, "geometry": { "type": "Point", "coordinates": [ 140.625, 44.747032831 ] } },
{ "type": "Feature", "properties": { "id": 1834, "u1": 4.654998779296875, "u7": -0.17526587843894958, "v1": -1.5920017957687378, "v7": 1.6816176176071167 }, "geometry": { "type": "Point", "coordinates": [ 140.625, 39.034645831 ] } },
{ "type": "Feature", "properties": { "id": 1835, "u1": 5.5709986686706543, "u7": 2.5297551155090332, "v1": -6.3393344879150391, "v7": 2.7951269149780273 }, "geometry": { "type": "Point", "coordinates": [ 140.625, 33.322258831 ] } },
{ "type": "Feature", "properties": { "id": 1836, "u1": 3.2926640510559082, "u7": -0.95261168479919434, "v1": -2.9553349018096924, "v7": 2.0330803394317627 }, "geometry": { "type": "Point", "coordinates": [ 140.625, 27.609871831 ] } },
{ "type": "Feature", "properties": { "id": 1837, "u1": -3.4996688365936279, "u7": -3.4614665508270264, "v1": -4.8386673927307129, "v7": 1.1108242273330688 }, "geometry": { "type": "Point", "coordinates": [ 140.625, 21.897484831 ] } },
{ "type": "Feature", "properties": { "id": 1838, "u1": -6.7976670265197754, "u7": -2.9907774925231934, "v1": -4.0036678314208984, "v7": 0.82004106044769287 }, "geometry": { "type": "Point", "coordinates": [ 140.625, 16.185097831 ] } },
{ "type": "Feature", "properties": { "id": 1839, "u1": -6.8093338012695312, "u7": -0.55033516883850098, "v1": -3.2166693210601807, "v7": 1.2311859130859375 }, "geometry": { "type": "Point", "coordinates": [ 140.625, 10.472710831 ] } },
{ "type": "Feature", "properties": { "id": 1840, "u1": -4.0216679573059082, "u7": 1.1775609254837036, "v1": -2.7643351554870605, "v7": 2.0512690544128418 }, "geometry": { "type": "Point", "coordinates": [ 140.625, 4.760323831000016 ] } },
{ "type": "Feature", "properties": { "id": 1841, "u1": 2.0259983539581299, "u7": -2.5426561832427979, "v1": -2.5496678352355957, "v7": 2.2453234195709229 }, "geometry": { "type": "Point", "coordinates": [ 140.625, -0.952063169 ] } },
{ "type": "Feature", "properties": { "id": 1842, "u1": 0.19533081352710724, "u7": -0.93914401531219482, "v1": -0.47566631436347961, "v7": 1.6691757440567017 }, "geometry": { "type": "Point", "coordinates": [ 140.625, -6.664450169 ] } },
{ "type": "Feature", "properties": { "id": 1843, "u1": 1.647998571395874, "u7": -6.3912415504455566, "v1": -2.4460005760192871, "v7": 4.0292057991027832 }, "geometry": { "type": "Point", "coordinates": [ 140.625, -12.376837168999989 ] } },
{ "type": "Feature", "properties": { "id": 1844, "u1": -0.66800028085708618, "u7": -1.585314154624939, "v1": -1.4346684217453003, "v7": 2.425098180770874 }, "geometry": { "type": "Point", "coordinates": [ 140.625, -18.089224168999984 ] } },
{ "type": "Feature", "properties": { "id": 1845, "u1": -2.1039998531341553, "u7": -1.7299766540527344, "v1": 0.62833100557327271, "v7": 2.6552670001983643 }, "geometry": { "type": "Point", "coordinates": [ 140.625, -23.801611169 ] } },
{ "type": "Feature", "properties": { "id": 1846, "u1": -1.6806676387786865, "u7": 0.069166779518127441, "v1": 2.516998291015625, "v7": 0.5911489725112915 }, "geometry": { "type": "Point", "coordinates": [ 140.625, -29.513998169 ] } },
{ "type": "Feature", "properties": { "id": 1847, "u1": 0.25699818134307861, "u7": 1.1828542947769165, "v1": 3.4019978046417236, "v7": -1.9138776063919067 }, "geometry": { "type": "Point", "coordinates": [ 140.625, -35.226385169 ] } },
{ "type": "Feature", "properties": { "id": 1848, "u1": 2.3376667499542236, "u7": 4.9424071311950684, "v1": 0.51966553926467896, "v7": -2.5737299919128418 }, "geometry": { "type": "Point", "coordinates": [ 140.625, -40.938772168999982 ] } },
{ "type": "Feature", "properties": { "id": 1849, "u1": 6.9579977989196777, "u7": 6.105100154876709, "v1": -2.605334997177124, "v7": -3.7823622226715088 }, "geometry": { "type": "Point", "coordinates": [ 140.625, -46.651159168999989 ] } },
{ "type": "Feature", "properties": { "id": 1850, "u1": 7.5163302421569824, "u7": 6.199042797088623, "v1": -4.254669189453125, "v7": -4.708961009979248 }, "geometry": { "type": "Point", "coordinates": [ 140.625, -52.363546169 ] } },
{ "type": "Feature", "properties": { "id": 1851, "u1": 5.728999137878418, "u7": 7.154238224029541, "v1": -3.7306680679321289, "v7": -4.4705767631530762 }, "geometry": { "type": "Point", "coordinates": [ 140.625, -58.075933169 ] } },
{ "type": "Feature", "properties": { "id": 1852, "u1": -0.93566739559173584, "u7": -5.0239777565002441, "v1": 0.21433258056640625, "v7": 3.8699982166290283 }, "geometry": { "type": "Point", "coordinates": [ 140.625, -63.788320168999981 ] } },
{ "type": "Feature", "properties": { "id": 1853, "u1": -4.4790019989013672, "u7": -3.8584573268890381, "v1": 7.0016655921936035, "v7": 12.839422225952148 }, "geometry": { "type": "Point", "coordinates": [ 140.625, -69.50070716899998 ] } },
{ "type": "Feature", "properties": { "id": 1854, "u1": 3.6053323745727539, "u7": 7.9670090675354004, "v1": 2.7789983749389648, "v7": 6.0199956893920898 }, "geometry": { "type": "Point", "coordinates": [ 140.625, -75.213094168999987 ] } },
{ "type": "Feature", "properties": { "id": 1855, "u1": 3.3769989013671875, "u7": 8.7490043640136719, "v1": 3.3006646633148193, "v7": 8.4284992218017578 }, "geometry": { "type": "Point", "coordinates": [ 140.625, -80.925481168999966 ] } },
{ "type": "Feature", "properties": { "id": 1856, "u1": 0.095331825315952301, "u7": 2.0075678825378418, "v1": 5.0816645622253418, "v7": 11.798295021057129 }, "geometry": { "type": "Point", "coordinates": [ 140.625, -86.637868168999972 ] } },
{ "type": "Feature", "properties": { "id": 1858, "u1": 1.0616663694381714, "u7": -0.28705781698226929, "v1": 1.9189987182617188, "v7": 0.043783221393823624 }, "geometry": { "type": "Point", "coordinates": [ 146.25, 84.733741831 ] } },
{ "type": "Feature", "properties": { "id": 1859, "u1": 0.79699963331222534, "u7": 0.69828850030899048, "v1": 1.4563313722610474, "v7": 0.59543728828430176 }, "geometry": { "type": "Point", "coordinates": [ 146.25, 79.021354831000011 ] } },
{ "type": "Feature", "properties": { "id": 1860, "u1": 1.6646636724472046, "u7": -0.99212765693664551, "v1": 1.224998950958252, "v7": -0.041998662054538727 }, "geometry": { "type": "Point", "coordinates": [ 146.25, 73.308967831000018 ] } },
{ "type": "Feature", "properties": { "id": 1861, "u1": 1.9056656360626221, "u7": -1.2679963111877441, "v1": 0.02166544646024704, "v7": -0.57276463508605957 }, "geometry": { "type": "Point", "coordinates": [ 146.25, 67.596580831000011 ] } },
{ "type": "Feature", "properties": { "id": 1862, "u1": -2.4890015125274658, "u7": 1.0672743320465088, "v1": -4.1970005035400391, "v7": 1.4076508283615112 }, "geometry": { "type": "Point", "coordinates": [ 146.25, 61.884193831 ] } },
{ "type": "Feature", "properties": { "id": 1863, "u1": -0.19866842031478882, "u7": -0.24444851279258728, "v1": -5.9796671867370605, "v7": 1.8368446826934814 }, "geometry": { "type": "Point", "coordinates": [ 146.25, 56.171806831 ] } },
{ "type": "Feature", "properties": { "id": 1864, "u1": 5.5469980239868164, "u7": -0.37694284319877625, "v1": -6.2656683921813965, "v7": 2.8563692569732666 }, "geometry": { "type": "Point", "coordinates": [ 146.25, 50.459419831 ] } },
{ "type": "Feature", "properties": { "id": 1865, "u1": 4.4626650810241699, "u7": -1.0074843168258667, "v1": -4.3640003204345703, "v7": 1.5815850496292114 }, "geometry": { "type": "Point", "coordinates": [ 146.25, 44.747032831 ] } },
{ "type": "Feature", "properties": { "id": 1866, "u1": 5.8166646957397461, "u7": -0.15770734846591949, "v1": -6.9603347778320312, "v7": 1.3787379264831543 }, "geometry": { "type": "Point", "coordinates": [ 146.25, 39.034645831 ] } },
{ "type": "Feature", "properties": { "id": 1867, "u1": 5.4423313140869141, "u7": 1.7092629671096802, "v1": -3.3906681537628174, "v7": 3.3549468517303467 }, "geometry": { "type": "Point", "coordinates": [ 146.25, 33.322258831 ] } },
{ "type": "Feature", "properties": { "id": 1868, "u1": 3.6816649436950684, "u7": -1.4035420417785645, "v1": -2.3560013771057129, "v7": 1.3919746875762939 }, "geometry": { "type": "Point", "coordinates": [ 146.25, 27.609871831 ] } },
{ "type": "Feature", "properties": { "id": 1869, "u1": -3.1650009155273438, "u7": -3.3420982360839844, "v1": -3.9780008792877197, "v7": 0.99593168497085571 }, "geometry": { "type": "Point", "coordinates": [ 146.25, 21.897484831 ] } },
{ "type": "Feature", "properties": { "id": 1870, "u1": -6.3093342781066895, "u7": -3.7908666133880615, "v1": -2.9870009422302246, "v7": 0.97157460451126099 }, "geometry": { "type": "Point", "coordinates": [ 146.25, 16.185097831 ] } },
{ "type": "Feature", "properties": { "id": 1871, "u1": -6.8976683616638184, "u7": -2.0762405395507812, "v1": -3.5926697254180908, "v7": 0.59557241201400757 }, "geometry": { "type": "Point", "coordinates": [ 146.25, 10.472710831 ] } },
{ "type": "Feature", "properties": { "id": 1872, "u1": -4.1883344650268555, "u7": 0.68051069974899292, "v1": -2.7153341770172119, "v7": 1.9402469396591187 }, "geometry": { "type": "Point", "coordinates": [ 146.25, 4.760323831000016 ] } },
{ "type": "Feature", "properties": { "id": 1873, "u1": 1.786998987197876, "u7": -3.731334924697876, "v1": -2.3023345470428467, "v7": 3.891310453414917 }, "geometry": { "type": "Point", "coordinates": [ 146.25, -0.952063169 ] } },
{ "type": "Feature", "properties": { "id": 1874, "u1": 0.31133219599723816, "u7": -1.0077013969421387, "v1": -0.81566721200942993, "v7": 2.3623759746551514 }, "geometry": { "type": "Point", "coordinates": [ 146.25, -6.664450169 ] } },
{ "type": "Feature", "properties": { "id": 1875, "u1": 0.24166564643383026, "u7": -7.4314579963684082, "v1": -0.54566854238510132, "v7": 6.6342453956604004 }, "geometry": { "type": "Point", "coordinates": [ 146.25, -12.376837168999989 ] } },
{ "type": "Feature", "properties": { "id": 1876, "u1": -3.705333948135376, "u7": -4.9562592506408691, "v1": -0.51766610145568848, "v7": 3.2867436408996582 }, "geometry": { "type": "Point", "coordinates": [ 146.25, -18.089224168999984 ] } },
{ "type": "Feature", "properties": { "id": 1877, "u1": -2.6343348026275635, "u7": -1.4110038280487061, "v1": -1.139000415802002, "v7": 1.1080042123794556 }, "geometry": { "type": "Point", "coordinates": [ 146.25, -23.801611169 ] } },
{ "type": "Feature", "properties": { "id": 1878, "u1": -1.6340011358261108, "u7": -0.07815900444984436, "v1": 0.17266540229320526, "v7": 0.32884785532951355 }, "geometry": { "type": "Point", "coordinates": [ 146.25, -29.513998169 ] } },
{ "type": "Feature", "properties": { "id": 1879, "u1": -0.90766650438308716, "u7": 1.0500060319900513, "v1": 1.3489995002746582, "v7": -1.7730250358581543 }, "geometry": { "type": "Point", "coordinates": [ 146.25, -35.226385169 ] } },
{ "type": "Feature", "properties": { "id": 1880, "u1": 1.793999195098877, "u7": 5.185396671295166, "v1": 0.79966431856155396, "v7": -1.4843395948410034 }, "geometry": { "type": "Point", "coordinates": [ 146.25, -40.938772168999982 ] } },
{ "type": "Feature", "properties": { "id": 1881, "u1": 6.2609992027282715, "u7": 5.9989633560180664, "v1": -2.3513367176055908, "v7": -3.0274124145507812 }, "geometry": { "type": "Point", "coordinates": [ 146.25, -46.651159168999989 ] } },
{ "type": "Feature", "properties": { "id": 1882, "u1": 7.3683323860168457, "u7": 6.6895461082458496, "v1": -3.7943339347839355, "v7": -3.9874148368835449 }, "geometry": { "type": "Point", "coordinates": [ 146.25, -52.363546169 ] } },
{ "type": "Feature", "properties": { "id": 1883, "u1": 5.8589978218078613, "u7": 7.6352300643920898, "v1": -4.1120009422302246, "v7": -4.7974085807800293 }, "geometry": { "type": "Point", "coordinates": [ 146.25, -58.075933169 ] } },
{ "type": "Feature", "properties": { "id": 1884, "u1": 0.61299794912338257, "u7": -2.4928445816040039, "v1": -0.14866790175437927, "v7": 3.6991980075836182 }, "geometry": { "type": "Point", "coordinates": [ 146.25, -63.788320168999981 ] } },
{ "type": "Feature", "properties": { "id": 1885, "u1": -4.0440006256103516, "u7": -3.229318380355835, "v1": 6.5673303604125977, "v7": 12.975275039672852 }, "geometry": { "type": "Point", "coordinates": [ 146.25, -69.50070716899998 ] } },
{ "type": "Feature", "properties": { "id": 1886, "u1": 3.8276658058166504, "u7": 9.0525074005126953, "v1": 3.6586649417877197, "v7": 7.6148991584777832 }, "geometry": { "type": "Point", "coordinates": [ 146.25, -75.213094168999987 ] } },
{ "type": "Feature", "properties": { "id": 1887, "u1": 3.3883330821990967, "u7": 8.3213634490966797, "v1": 3.9126648902893066, "v7": 9.5754175186157227 }, "geometry": { "type": "Point", "coordinates": [ 146.25, -80.925481168999966 ] } },
{ "type": "Feature", "properties": { "id": 1888, "u1": -0.34700113534927368, "u7": 0.95338326692581177, "v1": 5.2953319549560547, "v7": 12.511640548706055 }, "geometry": { "type": "Point", "coordinates": [ 146.25, -86.637868168999972 ] } },
{ "type": "Feature", "properties": { "id": 1890, "u1": 1.2433323860168457, "u7": -0.31623974442481995, "v1": 1.7813328504562378, "v7": 0.19789856672286987 }, "geometry": { "type": "Point", "coordinates": [ 151.875, 84.733741831 ] } },
{ "type": "Feature", "properties": { "id": 1891, "u1": 0.84099882841110229, "u7": 0.71083837747573853, "v1": 1.2283294200897217, "v7": 0.75090813636779785 }, "geometry": { "type": "Point", "coordinates": [ 151.875, 79.021354831000011 ] } },
{ "type": "Feature", "properties": { "id": 1892, "u1": 1.5066660642623901, "u7": -0.88191503286361694, "v1": 0.80633038282394409, "v7": 0.21867816150188446 }, "geometry": { "type": "Point", "coordinates": [ 151.875, 73.308967831000018 ] } },
{ "type": "Feature", "properties": { "id": 1893, "u1": 1.4009994268417358, "u7": -1.2749580144882202, "v1": -0.16733399033546448, "v7": -0.88089585304260254 }, "geometry": { "type": "Point", "coordinates": [ 151.875, 67.596580831000011 ] } },
{ "type": "Feature", "properties": { "id": 1894, "u1": -1.2933354377746582, "u7": 0.85486799478530884, "v1": -5.7653346061706543, "v7": 1.8587610721588135 }, "geometry": { "type": "Point", "coordinates": [ 151.875, 61.884193831 ] } },
{ "type": "Feature", "properties": { "id": 1895, "u1": -4.2233357429504395, "u7": 0.59757208824157715, "v1": -3.2353341579437256, "v7": 1.0127537250518799 }, "geometry": { "type": "Point", "coordinates": [ 151.875, 56.171806831 ] } },
{ "type": "Feature", "properties": { "id": 1896, "u1": 2.7406656742095947, "u7": -0.1137951985001564, "v1": -4.9270014762878418, "v7": 1.1414960622787476 }, "geometry": { "type": "Point", "coordinates": [ 151.875, 50.459419831 ] } },
{ "type": "Feature", "properties": { "id": 1897, "u1": 4.7266635894775391, "u7": -0.46126610040664673, "v1": -4.1190018653869629, "v7": 1.3745449781417847 }, "geometry": { "type": "Point", "coordinates": [ 151.875, 44.747032831 ] } },
{ "type": "Feature", "properties": { "id": 1898, "u1": 5.9263315200805664, "u7": 0.20886780321598053, "v1": -5.4246687889099121, "v7": 2.0665500164031982 }, "geometry": { "type": "Point", "coordinates": [ 151.875, 39.034645831 ] } },
{ "type": "Feature", "properties": { "id": 1899, "u1": 6.4203324317932129, "u7": 0.96953320503234863, "v1": -2.037334680557251, "v7": 2.8815503120422363 }, "geometry": { "type": "Point", "coordinates": [ 151.875, 33.322258831 ] } },
{ "type": "Feature", "properties": { "id": 1900, "u1": 3.724998950958252, "u7": -1.9824771881103516, "v1": -1.589000940322876, "v7": 1.2288392782211304 }, "geometry": { "type": "Point", "coordinates": [ 151.875, 27.609871831 ] } },
{ "type": "Feature", "properties": { "id": 1901, "u1": -2.9936676025390625, "u7": -3.3484594821929932, "v1": -2.8036682605743408, "v7": 1.2649905681610107 }, "geometry": { "type": "Point", "coordinates": [ 151.875, 21.897484831 ] } },
{ "type": "Feature", "properties": { "id": 1902, "u1": -6.3880014419555664, "u7": -4.4515872001647949, "v1": -2.3113341331481934, "v7": 0.48092356324195862 }, "geometry": { "type": "Point", "coordinates": [ 151.875, 16.185097831 ] } },
{ "type": "Feature", "properties": { "id": 1903, "u1": -7.2646694183349609, "u7": -3.4900822639465332, "v1": -2.9903345108032227, "v7": -0.13174562156200409 }, "geometry": { "type": "Point", "coordinates": [ 151.875, 10.472710831 ] } },
{ "type": "Feature", "properties": { "id": 1904, "u1": -4.3953337669372559, "u7": 0.23972633481025696, "v1": -2.6560013294219971, "v7": 1.4140210151672363 }, "geometry": { "type": "Point", "coordinates": [ 151.875, 4.760323831000016 ] } },
{ "type": "Feature", "properties": { "id": 1905, "u1": 0.84633076190948486, "u7": -1.1917659044265747, "v1": -1.3016678094863892, "v7": 3.5696754455566406 }, "geometry": { "type": "Point", "coordinates": [ 151.875, -0.952063169 ] } },
{ "type": "Feature", "properties": { "id": 1906, "u1": 1.5269993543624878, "u7": -4.2424383163452148, "v1": -2.0860025882720947, "v7": 6.3039813041687012 }, "geometry": { "type": "Point", "coordinates": [ 151.875, -6.664450169 ] } },
{ "type": "Feature", "properties": { "id": 1907, "u1": 0.62999725341796875, "u7": -5.7624444961547852, "v1": -0.75300091505050659, "v7": 6.2736802101135254 }, "geometry": { "type": "Point", "coordinates": [ 151.875, -12.376837168999989 ] } },
{ "type": "Feature", "properties": { "id": 1908, "u1": -4.2700009346008301, "u7": -5.9000139236450195, "v1": 1.6043308973312378, "v7": 5.5783553123474121 }, "geometry": { "type": "Point", "coordinates": [ 151.875, -18.089224168999984 ] } },
{ "type": "Feature", "properties": { "id": 1909, "u1": -5.5800008773803711, "u7": -2.0708367824554443, "v1": 0.11166432499885559, "v7": 3.2782132625579834 }, "geometry": { "type": "Point", "coordinates": [ 151.875, -23.801611169 ] } },
{ "type": "Feature", "properties": { "id": 1910, "u1": -2.5193350315093994, "u7": 1.249961256980896, "v1": -0.77399951219558716, "v7": 0.72345900535583496 }, "geometry": { "type": "Point", "coordinates": [ 151.875, -29.513998169 ] } },
{ "type": "Feature", "properties": { "id": 1911, "u1": -3.2203338146209717, "u7": 5.0133681297302246, "v1": -1.6873332262039185, "v7": 1.7087345123291016 }, "geometry": { "type": "Point", "coordinates": [ 151.875, -35.226385169 ] } },
{ "type": "Feature", "properties": { "id": 1912, "u1": 1.4880000352859497, "u7": 4.238135814666748, "v1": -0.99933367967605591, "v7": 1.2651419639587402 }, "geometry": { "type": "Point", "coordinates": [ 151.875, -40.938772168999982 ] } },
{ "type": "Feature", "properties": { "id": 1913, "u1": 5.4633312225341797, "u7": 5.4126682281494141, "v1": -1.9856674671173096, "v7": -1.634825587272644 }, "geometry": { "type": "Point", "coordinates": [ 151.875, -46.651159168999989 ] } },
{ "type": "Feature", "properties": { "id": 1914, "u1": 7.2569985389709473, "u7": 7.0224943161010742, "v1": -3.3269999027252197, "v7": -3.0314524173736572 }, "geometry": { "type": "Point", "coordinates": [ 151.875, -52.363546169 ] } },
{ "type": "Feature", "properties": { "id": 1915, "u1": 6.1686649322509766, "u7": 8.1855831146240234, "v1": -3.7443358898162842, "v7": -4.076509952545166 }, "geometry": { "type": "Point", "coordinates": [ 151.875, -58.075933169 ] } },
{ "type": "Feature", "properties": { "id": 1916, "u1": 2.0686659812927246, "u7": 0.14701099693775177, "v1": -0.94899952411651611, "v7": 1.8216760158538818 }, "geometry": { "type": "Point", "coordinates": [ 151.875, -63.788320168999981 ] } },
{ "type": "Feature", "properties": { "id": 1917, "u1": -4.1776690483093262, "u7": -4.1009607315063477, "v1": 4.8893313407897949, "v7": 10.859724998474121 }, "geometry": { "type": "Point", "coordinates": [ 151.875, -69.50070716899998 ] } },
{ "type": "Feature", "properties": { "id": 1918, "u1": 4.0559978485107422, "u7": 9.8436279296875, "v1": 4.0023312568664551, "v7": 8.8289890289306641 }, "geometry": { "type": "Point", "coordinates": [ 151.875, -75.213094168999987 ] } },
{ "type": "Feature", "properties": { "id": 1919, "u1": 2.9399983882904053, "u7": 7.060089111328125, "v1": 4.2859997749328613, "v7": 10.422675132751465 }, "geometry": { "type": "Point", "coordinates": [ 151.875, -80.925481168999966 ] } },
{ "type": "Feature", "properties": { "id": 1920, "u1": -0.81966859102249146, "u7": -0.19220185279846191, "v1": 5.4633312225341797, "v7": 13.124141693115234 }, "geometry": { "type": "Point", "coordinates": [ 151.875, -86.637868168999972 ] } },
{ "type": "Feature", "properties": { "id": 1922, "u1": 1.405998706817627, "u7": -0.33550640940666199, "v1": 1.6269984245300293, "v7": 0.34847688674926758 }, "geometry": { "type": "Point", "coordinates": [ 157.5, 84.733741831 ] } },
{ "type": "Feature", "properties": { "id": 1923, "u1": 0.85999959707260132, "u7": 0.7148321270942688, "v1": 1.0533314943313599, "v7": 0.86483407020568848 }, "geometry": { "type": "Point", "coordinates": [ 157.5, 79.021354831000011 ] } },
{ "type": "Feature", "properties": { "id": 1924, "u1": 1.267998218536377, "u7": -0.58610570430755615, "v1": 0.49433237314224243, "v7": 0.22987054288387299 }, "geometry": { "type": "Point", "coordinates": [ 157.5, 73.308967831000018 ] } },
{ "type": "Feature", "properties": { "id": 1925, "u1": 0.53533172607421875, "u7": -1.0284994840621948, "v1": -0.077666729688644409, "v7": -0.74499857425689697 }, "geometry": { "type": "Point", "coordinates": [ 157.5, 67.596580831000011 ] } },
{ "type": "Feature", "properties": { "id": 1926, "u1": -2.2330007553100586, "u7": 0.87258273363113403, "v1": -5.3293333053588867, "v7": 2.0502457618713379 }, "geometry": { "type": "Point", "coordinates": [ 157.5, 61.884193831 ] } },
{ "type": "Feature", "properties": { "id": 1927, "u1": -2.9490010738372803, "u7": 0.50391817092895508, "v1": -1.6900008916854858, "v7": -0.010401411913335323 }, "geometry": { "type": "Point", "coordinates": [ 157.5, 56.171806831 ] } },
{ "type": "Feature", "properties": { "id": 1928, "u1": 0.57933145761489868, "u7": 0.68837487697601318, "v1": -3.9390020370483398, "v7": 0.72137200832366943 }, "geometry": { "type": "Point", "coordinates": [ 157.5, 50.459419831 ] } },
{ "type": "Feature", "properties": { "id": 1929, "u1": 4.7846636772155762, "u7": 0.041216380894184113, "v1": -3.298668384552002, "v7": 1.2557214498519897 }, "geometry": { "type": "Point", "coordinates": [ 157.5, 44.747032831 ] } },
{ "type": "Feature", "properties": { "id": 1930, "u1": 5.8573312759399414, "u7": 0.55192339420318604, "v1": -3.5333333015441895, "v7": 2.4538390636444092 }, "geometry": { "type": "Point", "coordinates": [ 157.5, 39.034645831 ] } },
{ "type": "Feature", "properties": { "id": 1931, "u1": 7.1293306350708008, "u7": 0.082553982734680176, "v1": -0.83900094032287598, "v7": 2.7947647571563721 }, "geometry": { "type": "Point", "coordinates": [ 157.5, 33.322258831 ] } },
{ "type": "Feature", "properties": { "id": 1932, "u1": 3.5136656761169434, "u7": -2.5421493053436279, "v1": -0.91366833448410034, "v7": 1.9471105337142944 }, "geometry": { "type": "Point", "coordinates": [ 157.5, 27.609871831 ] } },
{ "type": "Feature", "properties": { "id": 1933, "u1": -2.7976675033569336, "u7": -4.2299070358276367, "v1": -2.2363331317901611, "v7": 1.2538993358612061 }, "geometry": { "type": "Point", "coordinates": [ 157.5, 21.897484831 ] } },
{ "type": "Feature", "properties": { "id": 1934, "u1": -6.472999095916748, "u7": -5.2134976387023926, "v1": -2.1093354225158691, "v7": 0.29718956351280212 }, "geometry": { "type": "Point", "coordinates": [ 157.5, 16.185097831 ] } },
{ "type": "Feature", "properties": { "id": 1935, "u1": -7.4310011863708496, "u7": -4.5298452377319336, "v1": -3.0410003662109375, "v7": -0.48201227188110352 }, "geometry": { "type": "Point", "coordinates": [ 157.5, 10.472710831 ] } },
{ "type": "Feature", "properties": { "id": 1936, "u1": -4.7776684761047363, "u7": -0.75210607051849365, "v1": -2.8506693840026855, "v7": 0.73825126886367798 }, "geometry": { "type": "Point", "coordinates": [ 157.5, 4.760323831000016 ] } },
{ "type": "Feature", "properties": { "id": 1937, "u1": 0.13499857485294342, "u7": -0.94863277673721313, "v1": -1.6650009155273438, "v7": 2.2346224784851074 }, "geometry": { "type": "Point", "coordinates": [ 157.5, -0.952063169 ] } },
{ "type": "Feature", "properties": { "id": 1938, "u1": 1.7556635141372681, "u7": -4.354945182800293, "v1": -0.76566773653030396, "v7": 3.6796441078186035 }, "geometry": { "type": "Point", "coordinates": [ 157.5, -6.664450169 ] } },
{ "type": "Feature", "properties": { "id": 1939, "u1": 0.73399859666824341, "u7": -6.2935223579406738, "v1": -0.094000242650508881, "v7": 5.3943781852722168 }, "geometry": { "type": "Point", "coordinates": [ 157.5, -12.376837168999989 ] } },
{ "type": "Feature", "properties": { "id": 1940, "u1": -4.3126673698425293, "u7": -6.0125513076782227, "v1": 1.3236638307571411, "v7": 5.2246294021606445 }, "geometry": { "type": "Point", "coordinates": [ 157.5, -18.089224168999984 ] } },
{ "type": "Feature", "properties": { "id": 1941, "u1": -4.9830026626586914, "u7": -2.1833672523498535, "v1": 2.0859980583190918, "v7": 3.1308088302612305 }, "geometry": { "type": "Point", "coordinates": [ 157.5, -23.801611169 ] } },
{ "type": "Feature", "properties": { "id": 1942, "u1": -3.5003352165222168, "u7": 1.1502001285552979, "v1": 0.17733153700828552, "v7": 2.2692313194274902 }, "geometry": { "type": "Point", "coordinates": [ 157.5, -29.513998169 ] } },
{ "type": "Feature", "properties": { "id": 1943, "u1": -1.5350000858306885, "u7": 2.6048121452331543, "v1": -0.84366762638092041, "v7": 1.7046624422073364 }, "geometry": { "type": "Point", "coordinates": [ 157.5, -35.226385169 ] } },
{ "type": "Feature", "properties": { "id": 1944, "u1": 0.98999887704849243, "u7": 2.4134140014648438, "v1": -1.741334080696106, "v7": 1.0488288402557373 }, "geometry": { "type": "Point", "coordinates": [ 157.5, -40.938772168999982 ] } },
{ "type": "Feature", "properties": { "id": 1945, "u1": 4.9906625747680664, "u7": 4.3316769599914551, "v1": -2.2576675415039062, "v7": -0.84013646841049194 }, "geometry": { "type": "Point", "coordinates": [ 157.5, -46.651159168999989 ] } },
{ "type": "Feature", "properties": { "id": 1946, "u1": 6.9356646537780762, "u7": 6.9138860702514648, "v1": -3.2273344993591309, "v7": -2.5033454895019531 }, "geometry": { "type": "Point", "coordinates": [ 157.5, -52.363546169 ] } },
{ "type": "Feature", "properties": { "id": 1947, "u1": 6.4566659927368164, "u7": 8.3598804473876953, "v1": -3.4300007820129395, "v7": -3.3328976631164551 }, "geometry": { "type": "Point", "coordinates": [ 157.5, -58.075933169 ] } },
{ "type": "Feature", "properties": { "id": 1948, "u1": 3.0613322257995605, "u7": 2.3210539817810059, "v1": -1.4370005130767822, "v7": 0.1902809739112854 }, "geometry": { "type": "Point", "coordinates": [ 157.5, -63.788320168999981 ] } },
{ "type": "Feature", "properties": { "id": 1949, "u1": -4.0496678352355957, "u7": -4.4681062698364258, "v1": 3.6633322238922119, "v7": 8.8648967742919922 }, "geometry": { "type": "Point", "coordinates": [ 157.5, -69.50070716899998 ] } },
{ "type": "Feature", "properties": { "id": 1950, "u1": 3.7709982395172119, "u7": 9.8451023101806641, "v1": 4.0009975433349609, "v7": 9.5295572280883789 }, "geometry": { "type": "Point", "coordinates": [ 157.5, -75.213094168999987 ] } },
{ "type": "Feature", "properties": { "id": 1951, "u1": 2.2283315658569336, "u7": 5.1430888175964355, "v1": 4.542330265045166, "v7": 10.697038650512695 }, "geometry": { "type": "Point", "coordinates": [ 157.5, -80.925481168999966 ] } },
{ "type": "Feature", "properties": { "id": 1952, "u1": -1.3156677484512329, "u7": -1.4178906679153442, "v1": 5.5883316993713379, "v7": 13.62736988067627 }, "geometry": { "type": "Point", "coordinates": [ 157.5, -86.637868168999972 ] } },
{ "type": "Feature", "properties": { "id": 1954, "u1": 1.5579991340637207, "u7": -0.33995282649993896, "v1": 1.4573312997817993, "v7": 0.49804213643074036 }, "geometry": { "type": "Point", "coordinates": [ 163.125, 84.733741831 ] } },
{ "type": "Feature", "properties": { "id": 1955, "u1": 0.865997314453125, "u7": 0.71782582998275757, "v1": 0.91199851036071777, "v7": 0.96107363700866699 }, "geometry": { "type": "Point", "coordinates": [ 163.125, 79.021354831000011 ] } },
{ "type": "Feature", "properties": { "id": 1956, "u1": 1.1229985952377319, "u7": -0.34507313370704651, "v1": 0.36433309316635132, "v7": 0.18104003369808197 }, "geometry": { "type": "Point", "coordinates": [ 163.125, 73.308967831000018 ] } },
{ "type": "Feature", "properties": { "id": 1957, "u1": -0.26333516836166382, "u7": -0.58628171682357788, "v1": -0.31733500957489014, "v7": -0.25098386406898499 }, "geometry": { "type": "Point", "coordinates": [ 163.125, 67.596580831000011 ] } },
{ "type": "Feature", "properties": { "id": 1958, "u1": -4.0013346672058105, "u7": 1.0728424787521362, "v1": -6.1253352165222168, "v7": 2.267174243927002 }, "geometry": { "type": "Point", "coordinates": [ 163.125, 61.884193831 ] } },
{ "type": "Feature", "properties": { "id": 1959, "u1": -2.6650004386901855, "u7": -0.098124384880065918, "v1": -5.3483333587646484, "v7": 1.0301367044448853 }, "geometry": { "type": "Point", "coordinates": [ 163.125, 56.171806831 ] } },
{ "type": "Feature", "properties": { "id": 1960, "u1": -0.06433512270450592, "u7": 0.95097535848617554, "v1": -2.9823329448699951, "v7": 1.101105809211731 }, "geometry": { "type": "Point", "coordinates": [ 163.125, 50.459419831 ] } },
{ "type": "Feature", "properties": { "id": 1961, "u1": 4.5336651802062988, "u7": 0.57612794637680054, "v1": -1.847667932510376, "v7": 1.8615367412567139 }, "geometry": { "type": "Point", "coordinates": [ 163.125, 44.747032831 ] } },
{ "type": "Feature", "properties": { "id": 1962, "u1": 6.0786652565002441, "u7": 0.87935090065002441, "v1": -2.0550017356872559, "v7": 2.7784340381622314 }, "geometry": { "type": "Point", "coordinates": [ 163.125, 39.034645831 ] } },
{ "type": "Feature", "properties": { "id": 1963, "u1": 7.6636652946472168, "u7": -0.41115346550941467, "v1": -0.16266784071922302, "v7": 2.6679925918579102 }, "geometry": { "type": "Point", "coordinates": [ 163.125, 33.322258831 ] } },
{ "type": "Feature", "properties": { "id": 1964, "u1": 3.3786635398864746, "u7": -3.2985405921936035, "v1": -0.79766744375228882, "v7": 1.9314684867858887 }, "geometry": { "type": "Point", "coordinates": [ 163.125, 27.609871831 ] } },
{ "type": "Feature", "properties": { "id": 1965, "u1": -2.4676675796508789, "u7": -5.0754556655883789, "v1": -1.581000804901123, "v7": 0.90009003877639771 }, "geometry": { "type": "Point", "coordinates": [ 163.125, 21.897484831 ] } },
{ "type": "Feature", "properties": { "id": 1966, "u1": -6.5316672325134277, "u7": -6.0012364387512207, "v1": -2.0466680526733398, "v7": 0.10213257372379303 }, "geometry": { "type": "Point", "coordinates": [ 163.125, 16.185097831 ] } },
{ "type": "Feature", "properties": { "id": 1967, "u1": -7.6720004081726074, "u7": -5.3945589065551758, "v1": -3.4296672344207764, "v7": -0.80492693185806274 }, "geometry": { "type": "Point", "coordinates": [ 163.125, 10.472710831 ] } },
{ "type": "Feature", "properties": { "id": 1968, "u1": -5.0560016632080078, "u7": -1.4202940464019775, "v1": -2.991668701171875, "v7": 0.27251249551773071 }, "geometry": { "type": "Point", "coordinates": [ 163.125, 4.760323831000016 ] } },
{ "type": "Feature", "properties": { "id": 1969, "u1": -1.0900024175643921, "u7": -1.7693964242935181, "v1": -1.8033360242843628, "v7": 1.2426496744155884 }, "geometry": { "type": "Point", "coordinates": [ 163.125, -0.952063169 ] } },
{ "type": "Feature", "properties": { "id": 1970, "u1": 1.645997166633606, "u7": -4.6777834892272949, "v1": -1.2150003910064697, "v7": 2.8938052654266357 }, "geometry": { "type": "Point", "coordinates": [ 163.125, -6.664450169 ] } },
{ "type": "Feature", "properties": { "id": 1971, "u1": -0.08700154721736908, "u7": -6.3425297737121582, "v1": -0.31433513760566711, "v7": 4.2259054183959961 }, "geometry": { "type": "Point", "coordinates": [ 163.125, -12.376837168999989 ] } },
{ "type": "Feature", "properties": { "id": 1972, "u1": -4.0243344306945801, "u7": -5.8605899810791016, "v1": 1.3393315076828003, "v7": 4.9627995491027832 }, "geometry": { "type": "Point", "coordinates": [ 163.125, -18.089224168999984 ] } },
{ "type": "Feature", "properties": { "id": 1973, "u1": -5.2756681442260742, "u7": -1.9847484827041626, "v1": 2.0963318347930908, "v7": 2.6833748817443848 }, "geometry": { "type": "Point", "coordinates": [ 163.125, -23.801611169 ] } },
{ "type": "Feature", "properties": { "id": 1974, "u1": -4.2583355903625488, "u7": 1.4209713935852051, "v1": 0.74133354425430298, "v7": 1.642008900642395 }, "geometry": { "type": "Point", "coordinates": [ 163.125, -29.513998169 ] } },
{ "type": "Feature", "properties": { "id": 1975, "u1": -1.6196681261062622, "u7": 2.1106202602386475, "v1": -0.089667253196239471, "v7": 1.4591625928878784 }, "geometry": { "type": "Point", "coordinates": [ 163.125, -35.226385169 ] } },
{ "type": "Feature", "properties": { "id": 1976, "u1": 1.7469996213912964, "u7": 2.0242984294891357, "v1": -0.52033436298370361, "v7": 0.87820804119110107 }, "geometry": { "type": "Point", "coordinates": [ 163.125, -40.938772168999982 ] } },
{ "type": "Feature", "properties": { "id": 1977, "u1": 4.7743310928344727, "u7": 4.123906135559082, "v1": -2.2226688861846924, "v7": -0.4726310670375824 }, "geometry": { "type": "Point", "coordinates": [ 163.125, -46.651159168999989 ] } },
{ "type": "Feature", "properties": { "id": 1978, "u1": 6.9583325386047363, "u7": 7.1827101707458496, "v1": -2.9466683864593506, "v7": -1.9450278282165527 }, "geometry": { "type": "Point", "coordinates": [ 163.125, -52.363546169 ] } },
{ "type": "Feature", "properties": { "id": 1979, "u1": 7.0069985389709473, "u7": 9.0240840911865234, "v1": -3.0723347663879395, "v7": -2.7143504619598389 }, "geometry": { "type": "Point", "coordinates": [ 163.125, -58.075933169 ] } },
{ "type": "Feature", "properties": { "id": 1980, "u1": 3.8823318481445312, "u7": 3.6356141567230225, "v1": -1.501666784286499, "v7": -0.55045276880264282 }, "geometry": { "type": "Point", "coordinates": [ 163.125, -63.788320168999981 ] } },
{ "type": "Feature", "properties": { "id": 1981, "u1": -3.4526686668395996, "u7": -3.5673773288726807, "v1": 3.5186655521392822, "v7": 8.2331781387329102 }, "geometry": { "type": "Point", "coordinates": [ 163.125, -69.50070716899998 ] } },
{ "type": "Feature", "properties": { "id": 1982, "u1": 2.6463313102722168, "u7": 8.7392101287841797, "v1": 3.9203317165374756, "v7": 9.500309944152832 }, "geometry": { "type": "Point", "coordinates": [ 163.125, -75.213094168999987 ] } },
{ "type": "Feature", "properties": { "id": 1983, "u1": 1.2553313970565796, "u7": 3.0340678691864014, "v1": 4.1806654930114746, "v7": 10.439995765686035 }, "geometry": { "type": "Point", "coordinates": [ 163.125, -80.925481168999966 ] } },
{ "type": "Feature", "properties": { "id": 1984, "u1": -1.8306671380996704, "u7": -2.7124207019805908, "v1": 5.6716647148132324, "v7": 14.010895729064941 }, "geometry": { "type": "Point", "coordinates": [ 163.125, -86.637868168999972 ] } },
{ "type": "Feature", "properties": { "id": 1986, "u1": 1.6959991455078125, "u7": -0.32236865162849426, "v1": 1.2706649303436279, "v7": 0.64343273639678955 }, "geometry": { "type": "Point", "coordinates": [ 168.75, 84.733741831 ] } },
{ "type": "Feature", "properties": { "id": 1987, "u1": 0.87533164024353027, "u7": 0.7518344521522522, "v1": 0.78999888896942139, "v7": 1.0630819797515869 }, "geometry": { "type": "Point", "coordinates": [ 168.75, 79.021354831000011 ] } },
{ "type": "Feature", "properties": { "id": 1988, "u1": 1.1099990606307983, "u7": -0.29449275135993958, "v1": 0.06633351743221283, "v7": 0.30967158079147339 }, "geometry": { "type": "Point", "coordinates": [ 168.75, 73.308967831000018 ] } },
{ "type": "Feature", "properties": { "id": 1989, "u1": -0.58466798067092896, "u7": -0.35906487703323364, "v1": -1.1506688594818115, "v7": 0.1574823409318924 }, "geometry": { "type": "Point", "coordinates": [ 168.75, 67.596580831000011 ] } },
{ "type": "Feature", "properties": { "id": 1990, "u1": -3.4523351192474365, "u7": 1.020658016204834, "v1": -5.1060009002685547, "v7": 1.5152496099472046 }, "geometry": { "type": "Point", "coordinates": [ 168.75, 61.884193831 ] } },
{ "type": "Feature", "properties": { "id": 1991, "u1": -4.5016665458679199, "u7": 0.084041185677051544, "v1": -3.5066690444946289, "v7": 1.2271380424499512 }, "geometry": { "type": "Point", "coordinates": [ 168.75, 56.171806831 ] } },
{ "type": "Feature", "properties": { "id": 1992, "u1": -0.63300019502639771, "u7": 1.0540865659713745, "v1": -1.4300023317337036, "v7": 1.2176357507705688 }, "geometry": { "type": "Point", "coordinates": [ 168.75, 50.459419831 ] } },
{ "type": "Feature", "properties": { "id": 1993, "u1": 4.1689987182617188, "u7": 1.3764472007751465, "v1": -0.87799990177154541, "v7": 2.1434516906738281 }, "geometry": { "type": "Point", "coordinates": [ 168.75, 44.747032831 ] } },
{ "type": "Feature", "properties": { "id": 1994, "u1": 6.5283303260803223, "u7": 1.0261693000793457, "v1": -1.0789998769760132, "v7": 2.7363808155059814 }, "geometry": { "type": "Point", "coordinates": [ 168.75, 39.034645831 ] } },
{ "type": "Feature", "properties": { "id": 1995, "u1": 7.4076647758483887, "u7": -0.63453972339630127, "v1": 0.2656656801700592, "v7": 2.7737033367156982 }, "geometry": { "type": "Point", "coordinates": [ 168.75, 33.322258831 ] } },
{ "type": "Feature", "properties": { "id": 1996, "u1": 3.3539988994598389, "u7": -4.0253558158874512, "v1": -0.44533437490463257, "v7": 1.5185281038284302 }, "geometry": { "type": "Point", "coordinates": [ 168.75, 27.609871831 ] } },
{ "type": "Feature", "properties": { "id": 1997, "u1": -2.3276677131652832, "u7": -5.7760467529296875, "v1": -1.0333343744277954, "v7": 0.53138363361358643 }, "geometry": { "type": "Point", "coordinates": [ 168.75, 21.897484831 ] } },
{ "type": "Feature", "properties": { "id": 1998, "u1": -6.4859991073608398, "u7": -6.4901652336120605, "v1": -2.1116683483123779, "v7": -0.36266294121742249 }, "geometry": { "type": "Point", "coordinates": [ 168.75, 16.185097831 ] } },
{ "type": "Feature", "properties": { "id": 1999, "u1": -7.6056685447692871, "u7": -6.09112548828125, "v1": -3.4960000514984131, "v7": -1.0314744710922241 }, "geometry": { "type": "Point", "coordinates": [ 168.75, 10.472710831 ] } },
{ "type": "Feature", "properties": { "id": 2000, "u1": -5.4033350944519043, "u7": -2.7089543342590332, "v1": -2.7003347873687744, "v7": -0.13179223239421844 }, "geometry": { "type": "Point", "coordinates": [ 168.75, 4.760323831000016 ] } },
{ "type": "Feature", "properties": { "id": 2001, "u1": -2.5616683959960938, "u7": -3.0704584121704102, "v1": -2.0960016250610352, "v7": 0.84033262729644775 }, "geometry": { "type": "Point", "coordinates": [ 168.75, -0.952063169 ] } },
{ "type": "Feature", "properties": { "id": 2002, "u1": 0.88766682147979736, "u7": -4.5461459159851074, "v1": -2.0440018177032471, "v7": 2.2752976417541504 }, "geometry": { "type": "Point", "coordinates": [ 168.75, -6.664450169 ] } },
{ "type": "Feature", "properties": { "id": 2003, "u1": -0.22466786205768585, "u7": -6.5696330070495605, "v1": -0.72300058603286743, "v7": 3.70863938331604 }, "geometry": { "type": "Point", "coordinates": [ 168.75, -12.376837168999989 ] } },
{ "type": "Feature", "properties": { "id": 2004, "u1": -3.6703352928161621, "u7": -6.000462532043457, "v1": 1.7106664180755615, "v7": 4.9751152992248535 }, "geometry": { "type": "Point", "coordinates": [ 168.75, -18.089224168999984 ] } },
{ "type": "Feature", "properties": { "id": 2005, "u1": -5.1123347282409668, "u7": -1.6484637260437012, "v1": 2.2409982681274414, "v7": 2.2808022499084473 }, "geometry": { "type": "Point", "coordinates": [ 168.75, -23.801611169 ] } },
{ "type": "Feature", "properties": { "id": 2006, "u1": -4.3216691017150879, "u7": 1.4904528856277466, "v1": 1.6926640272140503, "v7": 0.97329479455947876 }, "geometry": { "type": "Point", "coordinates": [ 168.75, -29.513998169 ] } },
{ "type": "Feature", "properties": { "id": 2007, "u1": -1.306334376335144, "u7": 1.4782048463821411, "v1": 0.3396657407283783, "v7": 0.56553041934967041 }, "geometry": { "type": "Point", "coordinates": [ 168.75, -35.226385169 ] } },
{ "type": "Feature", "properties": { "id": 2008, "u1": 2.7553308010101318, "u7": 0.97695082426071167, "v1": 0.00066426594275981188, "v7": 0.29430565237998962 }, "geometry": { "type": "Point", "coordinates": [ 168.75, -40.938772168999982 ] } },
{ "type": "Feature", "properties": { "id": 2009, "u1": 4.7576656341552734, "u7": 4.0554647445678711, "v1": -1.6400014162063599, "v7": -1.7129578590393066 }, "geometry": { "type": "Point", "coordinates": [ 168.75, -46.651159168999989 ] } },
{ "type": "Feature", "properties": { "id": 2010, "u1": 7.047663688659668, "u7": 7.3854904174804688, "v1": -2.5823338031768799, "v7": -1.4399992227554321 }, "geometry": { "type": "Point", "coordinates": [ 168.75, -52.363546169 ] } },
{ "type": "Feature", "properties": { "id": 2011, "u1": 7.5203323364257812, "u7": 9.7629842758178711, "v1": -2.3300018310546875, "v7": -1.7575039863586426 }, "geometry": { "type": "Point", "coordinates": [ 168.75, -58.075933169 ] } },
{ "type": "Feature", "properties": { "id": 2012, "u1": 4.5359978675842285, "u7": 4.3622055053710938, "v1": -1.3720000982284546, "v7": -0.59198802709579468 }, "geometry": { "type": "Point", "coordinates": [ 168.75, -63.788320168999981 ] } },
{ "type": "Feature", "properties": { "id": 2013, "u1": -2.6180002689361572, "u7": -1.879774808883667, "v1": 3.5463318824768066, "v7": 7.3875522613525391 }, "geometry": { "type": "Point", "coordinates": [ 168.75, -69.50070716899998 ] } },
{ "type": "Feature", "properties": { "id": 2014, "u1": 1.3063313961029053, "u7": 6.9545683860778809, "v1": 4.2559986114501953, "v7": 8.7536249160766602 }, "geometry": { "type": "Point", "coordinates": [ 168.75, -75.213094168999987 ] } },
{ "type": "Feature", "properties": { "id": 2015, "u1": 0.43599903583526611, "u7": 1.0780395269393921, "v1": 3.7399983406066895, "v7": 9.4560136795043945 }, "geometry": { "type": "Point", "coordinates": [ 168.75, -80.925481168999966 ] } },
{ "type": "Feature", "properties": { "id": 2016, "u1": -2.3610022068023682, "u7": -4.0608477592468262, "v1": 5.711665153503418, "v7": 14.253997802734375 }, "geometry": { "type": "Point", "coordinates": [ 168.75, -86.637868168999972 ] } },
{ "type": "Feature", "properties": { "id": 2018, "u1": 1.8229985237121582, "u7": -0.28065773844718933, "v1": 1.0626653432846069, "v7": 0.77731049060821533 }, "geometry": { "type": "Point", "coordinates": [ 174.375, 84.733741831 ] } },
{ "type": "Feature", "properties": { "id": 2019, "u1": 0.88333284854888916, "u7": 0.83151787519454956, "v1": 0.68033242225646973, "v7": 1.1401678323745728 }, "geometry": { "type": "Point", "coordinates": [ 174.375, 79.021354831000011 ] } },
{ "type": "Feature", "properties": { "id": 2020, "u1": 0.870330810546875, "u7": -0.25659450888633728, "v1": -0.48100179433822632, "v7": 0.52377575635910034 }, "geometry": { "type": "Point", "coordinates": [ 174.375, 73.308967831000018 ] } },
{ "type": "Feature", "properties": { "id": 2021, "u1": -0.37766775488853455, "u7": -0.60477656126022339, "v1": -2.3816666603088379, "v7": 0.53971517086029053 }, "geometry": { "type": "Point", "coordinates": [ 174.375, 67.596580831000011 ] } },
{ "type": "Feature", "properties": { "id": 2022, "u1": -3.8066666126251221, "u7": 0.93765771389007568, "v1": -6.8386678695678711, "v7": 1.6855262517929077 }, "geometry": { "type": "Point", "coordinates": [ 174.375, 61.884193831 ] } },
{ "type": "Feature", "properties": { "id": 2023, "u1": -4.3160009384155273, "u7": 0.36524611711502075, "v1": -2.3966684341430664, "v7": 0.79382610321044922 }, "geometry": { "type": "Point", "coordinates": [ 174.375, 56.171806831 ] } },
{ "type": "Feature", "properties": { "id": 2024, "u1": -1.3846675157546997, "u7": 1.3168368339538574, "v1": -1.152000904083252, "v7": 1.3836232423782349 }, "geometry": { "type": "Point", "coordinates": [ 174.375, 50.459419831 ] } },
{ "type": "Feature", "properties": { "id": 2025, "u1": 3.9539978504180908, "u7": 2.2321133613586426, "v1": -0.4500020444393158, "v7": 2.228386402130127 }, "geometry": { "type": "Point", "coordinates": [ 174.375, 44.747032831 ] } },
{ "type": "Feature", "properties": { "id": 2026, "u1": 6.444331169128418, "u7": 1.337154746055603, "v1": -0.31233623623847961, "v7": 2.6272034645080566 }, "geometry": { "type": "Point", "coordinates": [ 174.375, 39.034645831 ] } },
{ "type": "Feature", "properties": { "id": 2027, "u1": 7.3676652908325195, "u7": -1.0971053838729858, "v1": 0.75099891424179077, "v7": 2.3497970104217529 }, "geometry": { "type": "Point", "coordinates": [ 174.375, 33.322258831 ] } },
{ "type": "Feature", "properties": { "id": 2028, "u1": 3.2633316516876221, "u7": -4.7688326835632324, "v1": -0.053001914173364639, "v7": 0.65310877561569214 }, "geometry": { "type": "Point", "coordinates": [ 174.375, 27.609871831 ] } },
{ "type": "Feature", "properties": { "id": 2029, "u1": -2.3070006370544434, "u7": -6.0984420776367188, "v1": -0.83800148963928223, "v7": -0.059533517807722092 }, "geometry": { "type": "Point", "coordinates": [ 174.375, 21.897484831 ] } },
{ "type": "Feature", "properties": { "id": 2030, "u1": -6.5493345260620117, "u7": -6.873652458190918, "v1": -2.2606680393218994, "v7": -0.80432248115539551 }, "geometry": { "type": "Point", "coordinates": [ 174.375, 16.185097831 ] } },
{ "type": "Feature", "properties": { "id": 2031, "u1": -7.7026681900024414, "u7": -6.5248565673828125, "v1": -3.7790007591247559, "v7": -1.4035388231277466 }, "geometry": { "type": "Point", "coordinates": [ 174.375, 10.472710831 ] } },
{ "type": "Feature", "properties": { "id": 2032, "u1": -5.6513352394104004, "u7": -3.2517755031585693, "v1": -2.4060018062591553, "v7": -0.34717777371406555 }, "geometry": { "type": "Point", "coordinates": [ 174.375, 4.760323831000016 ] } },
{ "type": "Feature", "properties": { "id": 2033, "u1": -3.5066685676574707, "u7": -3.7768025398254395, "v1": -2.240001916885376, "v7": 0.23443438112735748 }, "geometry": { "type": "Point", "coordinates": [ 174.375, -0.952063169 ] } },
{ "type": "Feature", "properties": { "id": 2034, "u1": -0.18833516538143158, "u7": -4.6447691917419434, "v1": -2.7076680660247803, "v7": 1.226409912109375 }, "geometry": { "type": "Point", "coordinates": [ 174.375, -6.664450169 ] } },
{ "type": "Feature", "properties": { "id": 2035, "u1": -0.22266693413257599, "u7": -6.9063100814819336, "v1": -1.2433334589004517, "v7": 3.3973290920257568 }, "geometry": { "type": "Point", "coordinates": [ 174.375, -12.376837168999989 ] } },
{ "type": "Feature", "properties": { "id": 2036, "u1": -3.0253341197967529, "u7": -5.0462422370910645, "v1": 1.2116647958755493, "v7": 4.3076467514038086 }, "geometry": { "type": "Point", "coordinates": [ 174.375, -18.089224168999984 ] } },
{ "type": "Feature", "properties": { "id": 2037, "u1": -5.2636675834655762, "u7": -2.1439487934112549, "v1": 2.1099984645843506, "v7": 2.6141617298126221 }, "geometry": { "type": "Point", "coordinates": [ 174.375, -23.801611169 ] } },
{ "type": "Feature", "properties": { "id": 2038, "u1": -4.2146682739257812, "u7": 1.2707365751266479, "v1": 2.014331579208374, "v7": 0.72785007953643799 }, "geometry": { "type": "Point", "coordinates": [ 174.375, -29.513998169 ] } },
{ "type": "Feature", "properties": { "id": 2039, "u1": -0.16700185835361481, "u7": 1.3716014623641968, "v1": 0.83499705791473389, "v7": 0.50850623846054077 }, "geometry": { "type": "Point", "coordinates": [ 174.375, -35.226385169 ] } },
{ "type": "Feature", "properties": { "id": 2040, "u1": 2.1599991321563721, "u7": 1.4808886051177979, "v1": -0.461334228515625, "v7": 0.25289538502693176 }, "geometry": { "type": "Point", "coordinates": [ 174.375, -40.938772168999982 ] } },
{ "type": "Feature", "properties": { "id": 2041, "u1": 4.0989995002746582, "u7": 4.6156005859375, "v1": -1.5800013542175293, "v7": -0.68036067485809326 }, "geometry": { "type": "Point", "coordinates": [ 174.375, -46.651159168999989 ] } },
{ "type": "Feature", "properties": { "id": 2042, "u1": 6.9779973030090332, "u7": 7.1029324531555176, "v1": -2.4593348503112793, "v7": -1.7294005155563354 }, "geometry": { "type": "Point", "coordinates": [ 174.375, -52.363546169 ] } },
{ "type": "Feature", "properties": { "id": 2043, "u1": 7.3273305892944336, "u7": 9.0556125640869141, "v1": -2.339000940322876, "v7": -1.723574161529541 }, "geometry": { "type": "Point", "coordinates": [ 174.375, -58.075933169 ] } },
{ "type": "Feature", "properties": { "id": 2044, "u1": 4.8779988288879395, "u7": 4.9888906478881836, "v1": -1.3316686153411865, "v7": -0.30408668518066406 }, "geometry": { "type": "Point", "coordinates": [ 174.375, -63.788320168999981 ] } },
{ "type": "Feature", "properties": { "id": 2045, "u1": -1.6676687002182007, "u7": -0.32085588574409485, "v1": 2.7823324203491211, "v7": 5.3344388008117676 }, "geometry": { "type": "Point", "coordinates": [ 174.375, -69.50070716899998 ] } },
{ "type": "Feature", "properties": { "id": 2046, "u1": -0.09366811066865921, "u7": 4.8434290885925293, "v1": 4.210331916809082, "v7": 7.1072511672973633 }, "geometry": { "type": "Point", "coordinates": [ 174.375, -75.213094168999987 ] } },
{ "type": "Feature", "properties": { "id": 2047, "u1": -0.16433461010456085, "u7": -0.38267165422439575, "v1": 3.3363306522369385, "v7": 8.1615514755249023 }, "geometry": { "type": "Point", "coordinates": [ 174.375, -80.925481168999966 ] } },
{ "type": "Feature", "properties": { "id": 2048, "u1": -2.9009995460510254, "u7": -5.4482073783874512, "v1": 5.7063302993774414, "v7": 14.342376708984375 }, "geometry": { "type": "Point", "coordinates": [ 174.375, -86.637868168999972 ] } },
{ "type": "Feature", "properties": { "id": 2050, "u1": 1.940997838973999, "u7": -0.2088218480348587, "v1": 0.84133249521255493, "v7": 0.89122861623764038 }, "geometry": { "type": "Point", "coordinates": [ 180.0, 84.733741831 ] } },
{ "type": "Feature", "properties": { "id": 2051, "u1": 0.91366523504257202, "u7": 0.91505295038223267, "v1": 0.57866513729095459, "v7": 1.1834290027618408 }, "geometry": { "type": "Point", "coordinates": [ 180.0, 79.021354831000011 ] } },
{ "type": "Feature", "properties": { "id": 2052, "u1": 0.2146657258272171, "u7": -0.12009482085704803, "v1": -0.99633485078811646, "v7": 0.70370560884475708 }, "geometry": { "type": "Point", "coordinates": [ 180.0, 73.308967831000018 ] } },
{ "type": "Feature", "properties": { "id": 2053, "u1": -0.19433338940143585, "u7": -0.99888485670089722, "v1": -3.8930008411407471, "v7": 0.90990424156188965 }, "geometry": { "type": "Point", "coordinates": [ 180.0, 67.596580831000011 ] } },
{ "type": "Feature", "properties": { "id": 2054, "u1": -5.6326665878295898, "u7": 0.92357999086380005, "v1": -8.0966682434082031, "v7": 1.716627836227417 }, "geometry": { "type": "Point", "coordinates": [ 180.0, 61.884193831 ] } },
{ "type": "Feature", "properties": { "id": 2055, "u1": -3.9236700534820557, "u7": 0.6886104941368103, "v1": -2.5550003051757812, "v7": 0.96819329261779785 }, "geometry": { "type": "Point", "coordinates": [ 180.0, 56.171806831 ] } },
{ "type": "Feature", "properties": { "id": 2056, "u1": -1.1026676893234253, "u7": 1.6421816349029541, "v1": -0.74133604764938354, "v7": 1.7053318023681641 }, "geometry": { "type": "Point", "coordinates": [ 180.0, 50.459419831 ] } },
{ "type": "Feature", "properties": { "id": 2057, "u1": 3.1123311519622803, "u7": 2.5903897285461426, "v1": 0.10199890285730362, "v7": 2.4224653244018555 }, "geometry": { "type": "Point", "coordinates": [ 180.0, 44.747032831 ] } },
{ "type": "Feature", "properties": { "id": 2058, "u1": 6.4776644706726074, "u7": 1.4960726499557495, "v1": 0.26299947500228882, "v7": 2.7407000064849854 }, "geometry": { "type": "Point", "coordinates": [ 180.0, 39.034645831 ] } },
{ "type": "Feature", "properties": { "id": 2059, "u1": 7.08599853515625, "u7": -1.729401707649231, "v1": 1.236998438835144, "v7": 1.6338484287261963 }, "geometry": { "type": "Point", "coordinates": [ 180.0, 33.322258831 ] } },
{ "type": "Feature", "properties": { "id": 2060, "u1": 2.9753320217132568, "u7": -5.320775032043457, "v1": 0.25866445899009705, "v7": -0.11313884705305099 }, "geometry": { "type": "Point", "coordinates": [ 180.0, 27.609871831 ] } },
{ "type": "Feature", "properties": { "id": 2061, "u1": -2.3440017700195312, "u7": -6.2464590072631836, "v1": -0.91966909170150757, "v7": -0.63816285133361816 }, "geometry": { "type": "Point", "coordinates": [ 180.0, 21.897484831 ] } },
{ "type": "Feature", "properties": { "id": 2062, "u1": -6.5660014152526855, "u7": -6.9707202911376953, "v1": -2.3903350830078125, "v7": -1.2761715650558472 }, "geometry": { "type": "Point", "coordinates": [ 180.0, 16.185097831 ] } },
{ "type": "Feature", "properties": { "id": 2063, "u1": -7.8066668510437012, "u7": -6.7172918319702148, "v1": -3.9160003662109375, "v7": -1.8948326110839844 }, "geometry": { "type": "Point", "coordinates": [ 180.0, 10.472710831 ] } },
{ "type": "Feature", "properties": { "id": 2064, "u1": -5.8426666259765625, "u7": -3.6814062595367432, "v1": -1.8006683588027954, "v7": -0.40527918934822083 }, "geometry": { "type": "Point", "coordinates": [ 180.0, 4.760323831000016 ] } },
{ "type": "Feature", "properties": { "id": 2065, "u1": -4.332334041595459, "u7": -4.0955147743225098, "v1": -1.7416671514511108, "v7": 0.12907536327838898 }, "geometry": { "type": "Point", "coordinates": [ 180.0, -0.952063169 ] } },
{ "type": "Feature", "properties": { "id": 2066, "u1": -0.75566709041595459, "u7": -4.6324567794799805, "v1": -2.8860015869140625, "v7": 0.75367534160614014 }, "geometry": { "type": "Point", "coordinates": [ 180.0, -6.664450169 ] } },
{ "type": "Feature", "properties": { "id": 2067, "u1": -0.89266765117645264, "u7": -6.6769537925720215, "v1": -1.3206679821014404, "v7": 3.442673921585083 }, "geometry": { "type": "Point", "coordinates": [ 180.0, -12.376837168999989 ] } },
{ "type": "Feature", "properties": { "id": 2068, "u1": -3.0346689224243164, "u7": -5.1446919441223145, "v1": 0.26466572284698486, "v7": 3.4995951652526855 }, "geometry": { "type": "Point", "coordinates": [ 180.0, -18.089224168999984 ] } },
{ "type": "Feature", "properties": { "id": 2069, "u1": -5.1243348121643066, "u7": -2.2617158889770508, "v1": 1.7356654405593872, "v7": 2.2671911716461182 }, "geometry": { "type": "Point", "coordinates": [ 180.0, -23.801611169 ] } },
{ "type": "Feature", "properties": { "id": 2070, "u1": -4.1076674461364746, "u7": 1.0174089670181274, "v1": 1.7306655645370483, "v7": 0.84279227256774902 }, "geometry": { "type": "Point", "coordinates": [ 180.0, -29.513998169 ] } },
{ "type": "Feature", "properties": { "id": 2071, "u1": -0.61800080537796021, "u7": 1.8550115823745728, "v1": 0.64833015203475952, "v7": 0.79788303375244141 }, "geometry": { "type": "Point", "coordinates": [ 180.0, -35.226385169 ] } },
{ "type": "Feature", "properties": { "id": 2072, "u1": 0.63099873065948486, "u7": 1.5201610326766968, "v1": -0.68000233173370361, "v7": 1.0335280895233154 }, "geometry": { "type": "Point", "coordinates": [ 180.0, -40.938772168999982 ] } },
{ "type": "Feature", "properties": { "id": 2073, "u1": 4.3843321800231934, "u7": 4.2220473289489746, "v1": -1.2670003175735474, "v7": 0.067974939942359924 }, "geometry": { "type": "Point", "coordinates": [ 180.0, -46.651159168999989 ] } },
{ "type": "Feature", "properties": { "id": 2074, "u1": 7.3223309516906738, "u7": 7.3933424949645996, "v1": -2.1486685276031494, "v7": -1.3079019784927368 }, "geometry": { "type": "Point", "coordinates": [ 180.0, -52.363546169 ] } },
{ "type": "Feature", "properties": { "id": 2075, "u1": 7.1129970550537109, "u7": 8.6405982971191406, "v1": -2.2796671390533447, "v7": -1.6958097219467163 }, "geometry": { "type": "Point", "coordinates": [ 180.0, -58.075933169 ] } },
{ "type": "Feature", "properties": { "id": 2076, "u1": 4.9753322601318359, "u7": 5.5726537704467773, "v1": -1.4883331060409546, "v7": 0.11407020688056946 }, "geometry": { "type": "Point", "coordinates": [ 180.0, -63.788320168999981 ] } },
{ "type": "Feature", "properties": { "id": 2077, "u1": -0.71066743135452271, "u7": 0.85504215955734253, "v1": 1.4559981822967529, "v7": 2.7146944999694824 }, "geometry": { "type": "Point", "coordinates": [ 180.0, -69.50070716899998 ] } },
{ "type": "Feature", "properties": { "id": 2078, "u1": -0.71699929237365723, "u7": 3.0788164138793945, "v1": 4.0709991455078125, "v7": 5.2202539443969727 }, "geometry": { "type": "Point", "coordinates": [ 180.0, -75.213094168999987 ] } },
{ "type": "Feature", "properties": { "id": 2079, "u1": -0.58933514356613159, "u7": -1.3362091779708862, "v1": 2.987999439239502, "v7": 6.8097438812255859 }, "geometry": { "type": "Point", "coordinates": [ 180.0, -80.925481168999966 ] } },
{ "type": "Feature", "properties": { "id": 2080, "u1": -3.4480011463165283, "u7": -6.8498239517211914, "v1": 5.6466660499572754, "v7": 14.253820419311523 }, "geometry": { "type": "Point", "coordinates": [ 180.0, -86.637868168999972 ] } },
{ "type": "Feature", "properties": { "id": 2082, "u1": 2.041999340057373, "u7": -0.11188807338476181, "v1": 0.59899699687957764, "v7": 0.97367089986801147 }, "geometry": { "type": "Point", "coordinates": [ 185.625, 84.733741831 ] } },
{ "type": "Feature", "properties": { "id": 2083, "u1": 0.98733216524124146, "u7": 0.95326781272888184, "v1": 0.44966736435890198, "v7": 1.2108944654464722 }, "geometry": { "type": "Point", "coordinates": [ 185.625, 79.021354831000011 ] } },
{ "type": "Feature", "properties": { "id": 2084, "u1": -0.63666790723800659, "u7": -0.00075091520557180047, "v1": -1.3596680164337158, "v7": 0.83398109674453735 }, "geometry": { "type": "Point", "coordinates": [ 185.625, 73.308967831000018 ] } },
{ "type": "Feature", "properties": { "id": 2085, "u1": -0.74966835975646973, "u7": -0.74921602010726929, "v1": -5.4583349227905273, "v7": 0.78211385011672974 }, "geometry": { "type": "Point", "coordinates": [ 185.625, 67.596580831000011 ] } },
{ "type": "Feature", "properties": { "id": 2086, "u1": -5.413001537322998, "u7": 0.84588557481765747, "v1": -5.7360010147094727, "v7": 1.2352725267410278 }, "geometry": { "type": "Point", "coordinates": [ 185.625, 61.884193831 ] } },
{ "type": "Feature", "properties": { "id": 2087, "u1": -3.6083347797393799, "u7": 0.69683736562728882, "v1": -2.735332727432251, "v7": 0.93892776966094971 }, "geometry": { "type": "Point", "coordinates": [ 185.625, 56.171806831 ] } },
{ "type": "Feature", "properties": { "id": 2088, "u1": -0.81600087881088257, "u7": 2.2969965934753418, "v1": -0.49066874384880066, "v7": 1.7116413116455078 }, "geometry": { "type": "Point", "coordinates": [ 185.625, 50.459419831 ] } },
{ "type": "Feature", "properties": { "id": 2089, "u1": 2.7426650524139404, "u7": 2.9206342697143555, "v1": 0.52233225107192993, "v7": 2.5690231323242188 }, "geometry": { "type": "Point", "coordinates": [ 185.625, 44.747032831 ] } },
{ "type": "Feature", "properties": { "id": 2090, "u1": 6.1856646537780762, "u7": 1.3147060871124268, "v1": 1.150665283203125, "v7": 2.4679157733917236 }, "geometry": { "type": "Point", "coordinates": [ 185.625, 39.034645831 ] } },
{ "type": "Feature", "properties": { "id": 2091, "u1": 6.7886643409729004, "u7": -2.3303561210632324, "v1": 1.5743306875228882, "v7": 0.79946696758270264 }, "geometry": { "type": "Point", "coordinates": [ 185.625, 33.322258831 ] } },
{ "type": "Feature", "properties": { "id": 2092, "u1": 2.889331579208374, "u7": -5.6244735717773438, "v1": 0.28333130478858948, "v7": -0.65437215566635132 }, "geometry": { "type": "Point", "coordinates": [ 185.625, 27.609871831 ] } },
{ "type": "Feature", "properties": { "id": 2093, "u1": -2.4756672382354736, "u7": -6.3115224838256836, "v1": -1.046001672744751, "v7": -0.90189540386199951 }, "geometry": { "type": "Point", "coordinates": [ 185.625, 21.897484831 ] } },
{ "type": "Feature", "properties": { "id": 2094, "u1": -6.5310001373291016, "u7": -7.0654101371765137, "v1": -2.4350001811981201, "v7": -1.5023797750473022 }, "geometry": { "type": "Point", "coordinates": [ 185.625, 16.185097831 ] } },
{ "type": "Feature", "properties": { "id": 2095, "u1": -7.8386678695678711, "u7": -6.7898097038269043, "v1": -3.8943343162536621, "v7": -2.2373137474060059 }, "geometry": { "type": "Point", "coordinates": [ 185.625, 10.472710831 ] } },
{ "type": "Feature", "properties": { "id": 2096, "u1": -5.8860015869140625, "u7": -3.9513750076293945, "v1": -1.099334716796875, "v7": -0.28943908214569092 }, "geometry": { "type": "Point", "coordinates": [ 185.625, 4.760323831000016 ] } },
{ "type": "Feature", "properties": { "id": 2097, "u1": -4.8800020217895508, "u7": -4.460202693939209, "v1": -1.4620010852813721, "v7": 0.21888858079910278 }, "geometry": { "type": "Point", "coordinates": [ 185.625, -0.952063169 ] } },
{ "type": "Feature", "properties": { "id": 2098, "u1": -1.879668116569519, "u7": -5.2474255561828613, "v1": -3.1433343887329102, "v7": 0.66293364763259888 }, "geometry": { "type": "Point", "coordinates": [ 185.625, -6.664450169 ] } },
{ "type": "Feature", "properties": { "id": 2099, "u1": -0.92633461952209473, "u7": -5.9255733489990234, "v1": -2.2596664428710938, "v7": 2.3664953708648682 }, "geometry": { "type": "Point", "coordinates": [ 185.625, -12.376837168999989 ] } },
{ "type": "Feature", "properties": { "id": 2100, "u1": -2.9870009422302246, "u7": -5.258509635925293, "v1": 0.44199779629707336, "v7": 3.7558445930480957 }, "geometry": { "type": "Point", "coordinates": [ 185.625, -18.089224168999984 ] } },
{ "type": "Feature", "properties": { "id": 2101, "u1": -4.6540002822875977, "u7": -2.2844283580780029, "v1": 1.6033309698104858, "v7": 2.2362868785858154 }, "geometry": { "type": "Point", "coordinates": [ 185.625, -23.801611169 ] } },
{ "type": "Feature", "properties": { "id": 2102, "u1": -3.9250020980834961, "u7": 1.172243595123291, "v1": 1.7183319330215454, "v7": 0.98357921838760376 }, "geometry": { "type": "Point", "coordinates": [ 185.625, -29.513998169 ] } },
{ "type": "Feature", "properties": { "id": 2103, "u1": -1.2393351793289185, "u7": 1.8892021179199219, "v1": 0.46166533231735229, "v7": 0.70216476917266846 }, "geometry": { "type": "Point", "coordinates": [ 185.625, -35.226385169 ] } },
{ "type": "Feature", "properties": { "id": 2104, "u1": 1.2193318605422974, "u7": 1.6824343204498291, "v1": -0.34700113534927368, "v7": 1.1827737092971802 }, "geometry": { "type": "Point", "coordinates": [ 185.625, -40.938772168999982 ] } },
{ "type": "Feature", "properties": { "id": 2105, "u1": 4.7863302230834961, "u7": 4.7546510696411133, "v1": -0.89433491230010986, "v7": 0.81356358528137207 }, "geometry": { "type": "Point", "coordinates": [ 185.625, -46.651159168999989 ] } },
{ "type": "Feature", "properties": { "id": 2106, "u1": 7.2379975318908691, "u7": 7.2881917953491211, "v1": -1.7680013179779053, "v7": -0.55336695909500122 }, "geometry": { "type": "Point", "coordinates": [ 185.625, -52.363546169 ] } },
{ "type": "Feature", "properties": { "id": 2107, "u1": 6.8903303146362305, "u7": 8.371673583984375, "v1": -2.0076680183410645, "v7": -1.4051674604415894 }, "geometry": { "type": "Point", "coordinates": [ 185.625, -58.075933169 ] } },
{ "type": "Feature", "properties": { "id": 2108, "u1": 4.7966647148132324, "u7": 4.9742727279663086, "v1": -1.7346664667129517, "v7": -0.26569917798042297 }, "geometry": { "type": "Point", "coordinates": [ 185.625, -63.788320168999981 ] } },
{ "type": "Feature", "properties": { "id": 2109, "u1": 0.099998980760574341, "u7": 1.6707038879394531, "v1": 0.32166594266891479, "v7": 0.6797713041305542 }, "geometry": { "type": "Point", "coordinates": [ 185.625, -69.50070716899998 ] } },
{ "type": "Feature", "properties": { "id": 2110, "u1": -0.88700157403945923, "u7": 1.7541226148605347, "v1": 3.5706639289855957, "v7": 3.4971203804016113 }, "geometry": { "type": "Point", "coordinates": [ 185.625, -75.213094168999987 ] } },
{ "type": "Feature", "properties": { "id": 2111, "u1": -0.92300111055374146, "u7": -1.9223675727844238, "v1": 2.6629984378814697, "v7": 5.4220657348632812 }, "geometry": { "type": "Point", "coordinates": [ 185.625, -80.925481168999966 ] } },
{ "type": "Feature", "properties": { "id": 2112, "u1": -3.9969995021820068, "u7": -8.2377700805664062, "v1": 5.524998664855957, "v7": 13.971317291259766 }, "geometry": { "type": "Point", "coordinates": [ 185.625, -86.637868168999972 ] } },
{ "type": "Feature", "properties": { "id": 2114, "u1": 2.1269962787628174, "u7": -0.0061280727386474609, "v1": 0.34666544198989868, "v7": 1.0148805379867554 }, "geometry": { "type": "Point", "coordinates": [ 191.25, 84.733741831 ] } },
{ "type": "Feature", "properties": { "id": 2115, "u1": 1.0826644897460938, "u7": 0.94325172901153564, "v1": 0.25399881601333618, "v7": 1.2468245029449463 }, "geometry": { "type": "Point", "coordinates": [ 191.25, 79.021354831000011 ] } },
{ "type": "Feature", "properties": { "id": 2116, "u1": -1.3300013542175293, "u7": -0.092343889176845551, "v1": -1.5876662731170654, "v7": 0.94206386804580688 }, "geometry": { "type": "Point", "coordinates": [ 191.25, 73.308967831000018 ] } },
{ "type": "Feature", "properties": { "id": 2117, "u1": -2.2173354625701904, "u7": 0.12319757044315338, "v1": -4.939333438873291, "v7": 0.17137524485588074 }, "geometry": { "type": "Point", "coordinates": [ 191.25, 67.596580831000011 ] } },
{ "type": "Feature", "properties": { "id": 2118, "u1": -3.7076675891876221, "u7": 1.1791089773178101, "v1": -3.5533349514007568, "v7": 0.93511450290679932 }, "geometry": { "type": "Point", "coordinates": [ 191.25, 61.884193831 ] } },
{ "type": "Feature", "properties": { "id": 2119, "u1": -3.327667236328125, "u7": 0.51301926374435425, "v1": -2.796668529510498, "v7": 0.99561476707458496 }, "geometry": { "type": "Point", "coordinates": [ 191.25, 56.171806831 ] } },
{ "type": "Feature", "properties": { "id": 2120, "u1": -0.45666757225990295, "u7": 3.0464825630187988, "v1": -0.32766875624656677, "v7": 2.0969405174255371 }, "geometry": { "type": "Point", "coordinates": [ 191.25, 50.459419831 ] } },
{ "type": "Feature", "properties": { "id": 2121, "u1": 2.6703324317932129, "u7": 3.2967143058776855, "v1": 1.198332667350769, "v7": 2.5641496181488037 }, "geometry": { "type": "Point", "coordinates": [ 191.25, 44.747032831 ] } },
{ "type": "Feature", "properties": { "id": 2122, "u1": 5.7846636772155762, "u7": 1.1308472156524658, "v1": 1.863666296005249, "v7": 2.124117374420166 }, "geometry": { "type": "Point", "coordinates": [ 191.25, 39.034645831 ] } },
{ "type": "Feature", "properties": { "id": 2123, "u1": 6.0109992027282715, "u7": -3.1161749362945557, "v1": 1.8153315782546997, "v7": 0.5434221625328064 }, "geometry": { "type": "Point", "coordinates": [ 191.25, 33.322258831 ] } },
{ "type": "Feature", "properties": { "id": 2124, "u1": 2.6303315162658691, "u7": -5.8867011070251465, "v1": 0.37399902939796448, "v7": -0.54665791988372803 }, "geometry": { "type": "Point", "coordinates": [ 191.25, 27.609871831 ] } },
{ "type": "Feature", "properties": { "id": 2125, "u1": -2.7010009288787842, "u7": -6.5652384757995605, "v1": -0.90366768836975098, "v7": -0.92940962314605713 }, "geometry": { "type": "Point", "coordinates": [ 191.25, 21.897484831 ] } },
{ "type": "Feature", "properties": { "id": 2126, "u1": -6.5956668853759766, "u7": -7.3691463470458984, "v1": -2.4216675758361816, "v7": -1.6621959209442139 }, "geometry": { "type": "Point", "coordinates": [ 191.25, 16.185097831 ] } },
{ "type": "Feature", "properties": { "id": 2127, "u1": -7.9253344535827637, "u7": -6.8587813377380371, "v1": -3.6870005130767822, "v7": -2.4481682777404785 }, "geometry": { "type": "Point", "coordinates": [ 191.25, 10.472710831 ] } },
{ "type": "Feature", "properties": { "id": 2128, "u1": -5.9653339385986328, "u7": -4.1723642349243164, "v1": -0.49266663193702698, "v7": -0.063503846526145935 }, "geometry": { "type": "Point", "coordinates": [ 191.25, 4.760323831000016 ] } },
{ "type": "Feature", "properties": { "id": 2129, "u1": -5.4193353652954102, "u7": -5.0515961647033691, "v1": -1.0016672611236572, "v7": 0.38085556030273438 }, "geometry": { "type": "Point", "coordinates": [ 191.25, -0.952063169 ] } },
{ "type": "Feature", "properties": { "id": 2130, "u1": -2.8700017929077148, "u7": -5.5240392684936523, "v1": -2.7710001468658447, "v7": 0.54811370372772217 }, "geometry": { "type": "Point", "coordinates": [ 191.25, -6.664450169 ] } },
{ "type": "Feature", "properties": { "id": 2131, "u1": -0.9033355712890625, "u7": -5.9530177116394043, "v1": -2.5956690311431885, "v7": 1.9136885404586792 }, "geometry": { "type": "Point", "coordinates": [ 191.25, -12.376837168999989 ] } },
{ "type": "Feature", "properties": { "id": 2132, "u1": -3.1583349704742432, "u7": -5.2979044914245605, "v1": -0.49566802382469177, "v7": 2.8109879493713379 }, "geometry": { "type": "Point", "coordinates": [ 191.25, -18.089224168999984 ] } },
{ "type": "Feature", "properties": { "id": 2133, "u1": -4.4873361587524414, "u7": -2.1154696941375732, "v1": 1.0443323850631714, "v7": 2.0370039939880371 }, "geometry": { "type": "Point", "coordinates": [ 191.25, -23.801611169 ] } },
{ "type": "Feature", "properties": { "id": 2134, "u1": -3.9173364639282227, "u7": 1.2947534322738647, "v1": 1.3529983758926392, "v7": 0.867725670337677 }, "geometry": { "type": "Point", "coordinates": [ 191.25, -29.513998169 ] } },
{ "type": "Feature", "properties": { "id": 2135, "u1": -1.5470016002655029, "u7": 1.8997889757156372, "v1": 0.49799907207489014, "v7": 0.50494521856307983 }, "geometry": { "type": "Point", "coordinates": [ 191.25, -35.226385169 ] } },
{ "type": "Feature", "properties": { "id": 2136, "u1": 1.4919978380203247, "u7": 2.2727620601654053, "v1": -0.49133503437042236, "v7": 0.94937121868133545 }, "geometry": { "type": "Point", "coordinates": [ 191.25, -40.938772168999982 ] } },
{ "type": "Feature", "properties": { "id": 2137, "u1": 4.6843314170837402, "u7": 4.2496218681335449, "v1": -1.0923334360122681, "v7": 0.83569145202636719 }, "geometry": { "type": "Point", "coordinates": [ 191.25, -46.651159168999989 ] } },
{ "type": "Feature", "properties": { "id": 2138, "u1": 6.8399977684020996, "u7": 6.5344557762145996, "v1": -1.862334132194519, "v7": -0.30907183885574341 }, "geometry": { "type": "Point", "coordinates": [ 191.25, -52.363546169 ] } },
{ "type": "Feature", "properties": { "id": 2139, "u1": 6.6633315086364746, "u7": 8.0780925750732422, "v1": -1.9373346567153931, "v7": -1.4528056383132935 }, "geometry": { "type": "Point", "coordinates": [ 191.25, -58.075933169 ] } },
{ "type": "Feature", "properties": { "id": 2140, "u1": 4.6669988632202148, "u7": 4.2413692474365234, "v1": -1.7866673469543457, "v7": -0.89980357885360718 }, "geometry": { "type": "Point", "coordinates": [ 191.25, -63.788320168999981 ] } },
{ "type": "Feature", "properties": { "id": 2141, "u1": 0.70299834012985229, "u7": 2.1572868824005127, "v1": -0.29800212383270264, "v7": -0.31715652346611023 }, "geometry": { "type": "Point", "coordinates": [ 191.25, -69.50070716899998 ] } },
{ "type": "Feature", "properties": { "id": 2142, "u1": -0.98900145292282104, "u7": 0.79187309741973877, "v1": 2.7836644649505615, "v7": 2.1734609603881836 }, "geometry": { "type": "Point", "coordinates": [ 191.25, -75.213094168999987 ] } },
{ "type": "Feature", "properties": { "id": 2143, "u1": -1.2133342027664185, "u7": -2.2647261619567871, "v1": 2.2829992771148682, "v7": 3.8976950645446777 }, "geometry": { "type": "Point", "coordinates": [ 191.25, -80.925481168999966 ] } },
{ "type": "Feature", "properties": { "id": 2144, "u1": -4.5493345260620117, "u7": -9.5759172439575195, "v1": 5.3396663665771484, "v7": 13.485902786254883 }, "geometry": { "type": "Point", "coordinates": [ 191.25, -86.637868168999972 ] } },
{ "type": "Feature", "properties": { "id": 2146, "u1": 2.1929986476898193, "u7": 0.10128901898860931, "v1": 0.08966623991727829, "v7": 1.0171787738800049 }, "geometry": { "type": "Point", "coordinates": [ 196.875, 84.733741831 ] } },
{ "type": "Feature", "properties": { "id": 2147, "u1": 1.1759994029998779, "u7": 0.93619531393051147, "v1": 0.0029988607857376337, "v7": 1.2869975566864014 }, "geometry": { "type": "Point", "coordinates": [ 196.875, 79.021354831000011 ] } },
{ "type": "Feature", "properties": { "id": 2148, "u1": -1.6416677236557007, "u7": -0.29254674911499023, "v1": -1.604668140411377, "v7": 1.03880774974823 }, "geometry": { "type": "Point", "coordinates": [ 196.875, 73.308967831000018 ] } },
{ "type": "Feature", "properties": { "id": 2149, "u1": -3.0803349018096924, "u7": 0.78206247091293335, "v1": -2.5340020656585693, "v7": -0.32349318265914917 }, "geometry": { "type": "Point", "coordinates": [ 196.875, 67.596580831000011 ] } },
{ "type": "Feature", "properties": { "id": 2150, "u1": -3.1166677474975586, "u7": 1.6708540916442871, "v1": -1.7183328866958618, "v7": 0.7044450044631958 }, "geometry": { "type": "Point", "coordinates": [ 196.875, 61.884193831 ] } },
{ "type": "Feature", "properties": { "id": 2151, "u1": -2.8463358879089355, "u7": 1.0306175947189331, "v1": -2.5783345699310303, "v7": 0.77380633354187012 }, "geometry": { "type": "Point", "coordinates": [ 196.875, 56.171806831 ] } },
{ "type": "Feature", "properties": { "id": 2152, "u1": 0.0013326009502634406, "u7": 3.3307242393493652, "v1": 0.23633168637752533, "v7": 2.2900416851043701 }, "geometry": { "type": "Point", "coordinates": [ 196.875, 50.459419831 ] } },
{ "type": "Feature", "properties": { "id": 2153, "u1": 2.7553315162658691, "u7": 3.41754150390625, "v1": 1.6903325319290161, "v7": 2.3871493339538574 }, "geometry": { "type": "Point", "coordinates": [ 196.875, 44.747032831 ] } },
{ "type": "Feature", "properties": { "id": 2154, "u1": 5.4413318634033203, "u7": 0.92946314811706543, "v1": 2.4373326301574707, "v7": 1.7746047973632812 }, "geometry": { "type": "Point", "coordinates": [ 196.875, 39.034645831 ] } },
{ "type": "Feature", "properties": { "id": 2155, "u1": 5.3879971504211426, "u7": -3.6534531116485596, "v1": 2.0750000476837158, "v7": -0.0056790667586028576 }, "geometry": { "type": "Point", "coordinates": [ 196.875, 33.322258831 ] } },
{ "type": "Feature", "properties": { "id": 2156, "u1": 2.0473322868347168, "u7": -6.1376385688781738, "v1": 0.53166401386260986, "v7": -0.86857926845550537 }, "geometry": { "type": "Point", "coordinates": [ 196.875, 27.609871831 ] } },
{ "type": "Feature", "properties": { "id": 2157, "u1": -2.6530013084411621, "u7": -6.6548371315002441, "v1": -0.98266756534576416, "v7": -1.6949740648269653 }, "geometry": { "type": "Point", "coordinates": [ 196.875, 21.897484831 ] } },
{ "type": "Feature", "properties": { "id": 2158, "u1": -6.8823347091674805, "u7": -7.7667622566223145, "v1": -2.2846674919128418, "v7": -1.8336771726608276 }, "geometry": { "type": "Point", "coordinates": [ 196.875, 16.185097831 ] } },
{ "type": "Feature", "properties": { "id": 2159, "u1": -8.0443344116210938, "u7": -6.9863886833190918, "v1": -3.4100022315979004, "v7": -2.7522819042205811 }, "geometry": { "type": "Point", "coordinates": [ 196.875, 10.472710831 ] } },
{ "type": "Feature", "properties": { "id": 2160, "u1": -6.4270024299621582, "u7": -4.3761358261108398, "v1": -0.11966755986213684, "v7": 0.39442044496536255 }, "geometry": { "type": "Point", "coordinates": [ 196.875, 4.760323831000016 ] } },
{ "type": "Feature", "properties": { "id": 2161, "u1": -5.7563328742980957, "u7": -5.4208760261535645, "v1": -0.76766866445541382, "v7": 0.51179724931716919 }, "geometry": { "type": "Point", "coordinates": [ 196.875, -0.952063169 ] } },
{ "type": "Feature", "properties": { "id": 2162, "u1": -3.5953342914581299, "u7": -5.7606472969055176, "v1": -2.6883337497711182, "v7": 0.32736417651176453 }, "geometry": { "type": "Point", "coordinates": [ 196.875, -6.664450169 ] } },
{ "type": "Feature", "properties": { "id": 2163, "u1": -2.0553364753723145, "u7": -6.3948779106140137, "v1": -2.4436676502227783, "v7": 1.6436984539031982 }, "geometry": { "type": "Point", "coordinates": [ 196.875, -12.376837168999989 ] } },
{ "type": "Feature", "properties": { "id": 2164, "u1": -3.0330002307891846, "u7": -5.2327909469604492, "v1": -1.2290008068084717, "v7": 2.4445831775665283 }, "geometry": { "type": "Point", "coordinates": [ 196.875, -18.089224168999984 ] } },
{ "type": "Feature", "properties": { "id": 2165, "u1": -4.2543349266052246, "u7": -1.9191200733184814, "v1": 0.63699847459793091, "v7": 1.5641270875930786 }, "geometry": { "type": "Point", "coordinates": [ 196.875, -23.801611169 ] } },
{ "type": "Feature", "properties": { "id": 2166, "u1": -3.8003346920013428, "u7": 1.100798487663269, "v1": 0.67066496610641479, "v7": 0.61518317461013794 }, "geometry": { "type": "Point", "coordinates": [ 196.875, -29.513998169 ] } },
{ "type": "Feature", "properties": { "id": 2167, "u1": -1.739001989364624, "u7": 2.054654598236084, "v1": 0.27399852871894836, "v7": 0.32021802663803101 }, "geometry": { "type": "Point", "coordinates": [ 196.875, -35.226385169 ] } },
{ "type": "Feature", "properties": { "id": 2168, "u1": 1.4399979114532471, "u7": 2.4979827404022217, "v1": -0.82366740703582764, "v7": 0.47248443961143494 }, "geometry": { "type": "Point", "coordinates": [ 196.875, -40.938772168999982 ] } },
{ "type": "Feature", "properties": { "id": 2169, "u1": 4.7126641273498535, "u7": 4.1946568489074707, "v1": -1.4640014171600342, "v7": 0.40849736332893372 }, "geometry": { "type": "Point", "coordinates": [ 196.875, -46.651159168999989 ] } },
{ "type": "Feature", "properties": { "id": 2170, "u1": 6.8376646041870117, "u7": 6.2029767036437988, "v1": -1.750001072883606, "v7": -0.13985846936702728 }, "geometry": { "type": "Point", "coordinates": [ 196.875, -52.363546169 ] } },
{ "type": "Feature", "properties": { "id": 2171, "u1": 6.5406641960144043, "u7": 7.6976957321166992, "v1": -2.0233352184295654, "v7": -1.5163508653640747 }, "geometry": { "type": "Point", "coordinates": [ 196.875, -58.075933169 ] } },
{ "type": "Feature", "properties": { "id": 2172, "u1": 4.6026639938354492, "u7": 4.1574153900146484, "v1": -1.7153335809707642, "v7": -1.1400495767593384 }, "geometry": { "type": "Point", "coordinates": [ 196.875, -63.788320168999981 ] } },
{ "type": "Feature", "properties": { "id": 2173, "u1": 1.1139973402023315, "u7": 2.4206058979034424, "v1": -0.54933524131774902, "v7": -0.56044763326644897 }, "geometry": { "type": "Point", "coordinates": [ 196.875, -69.50070716899998 ] } },
{ "type": "Feature", "properties": { "id": 2174, "u1": -1.0903351306915283, "u7": 0.013549693860113621, "v1": 1.9436650276184082, "v7": 1.2630609273910522 }, "geometry": { "type": "Point", "coordinates": [ 196.875, -75.213094168999987 ] } },
{ "type": "Feature", "properties": { "id": 2175, "u1": -1.4566681385040283, "u7": -2.4126317501068115, "v1": 1.7669987678527832, "v7": 2.1819379329681396 }, "geometry": { "type": "Point", "coordinates": [ 196.875, -80.925481168999966 ] } },
{ "type": "Feature", "properties": { "id": 2176, "u1": -5.1050014495849609, "u7": -10.824517250061035, "v1": 5.0899982452392578, "v7": 12.790679931640625 }, "geometry": { "type": "Point", "coordinates": [ 196.875, -86.637868168999972 ] } },
{ "type": "Feature", "properties": { "id": 2178, "u1": 2.2299978733062744, "u7": 0.19782625138759613, "v1": -0.1696675568819046, "v7": 0.98528468608856201 }, "geometry": { "type": "Point", "coordinates": [ 202.5, 84.733741831 ] } },
{ "type": "Feature", "properties": { "id": 2179, "u1": 1.2489980459213257, "u7": 0.97703111171722412, "v1": -0.26033478975296021, "v7": 1.3064097166061401 }, "geometry": { "type": "Point", "coordinates": [ 202.5, 79.021354831000011 ] } },
{ "type": "Feature", "properties": { "id": 2180, "u1": -1.5536671876907349, "u7": -0.28548604249954224, "v1": -1.3290008306503296, "v7": 1.1607661247253418 }, "geometry": { "type": "Point", "coordinates": [ 202.5, 73.308967831000018 ] } },
{ "type": "Feature", "properties": { "id": 2181, "u1": -3.1813349723815918, "u7": 0.81284862756729126, "v1": -0.78433531522750854, "v7": -0.1386968195438385 }, "geometry": { "type": "Point", "coordinates": [ 202.5, 67.596580831000011 ] } },
{ "type": "Feature", "properties": { "id": 2182, "u1": -3.0099999904632568, "u7": 0.78838419914245605, "v1": -1.7063344717025757, "v7": 1.0575908422470093 }, "geometry": { "type": "Point", "coordinates": [ 202.5, 61.884193831 ] } },
{ "type": "Feature", "properties": { "id": 2183, "u1": -2.1503336429595947, "u7": 1.738502025604248, "v1": -1.9830012321472168, "v7": 0.64355677366256714 }, "geometry": { "type": "Point", "coordinates": [ 202.5, 56.171806831 ] } },
{ "type": "Feature", "properties": { "id": 2184, "u1": 0.91133171319961548, "u7": 3.7925925254821777, "v1": 1.0789992809295654, "v7": 1.8747059106826782 }, "geometry": { "type": "Point", "coordinates": [ 202.5, 50.459419831 ] } },
{ "type": "Feature", "properties": { "id": 2185, "u1": 2.7319991588592529, "u7": 3.6014494895935059, "v1": 2.3629984855651855, "v7": 1.9917043447494507 }, "geometry": { "type": "Point", "coordinates": [ 202.5, 44.747032831 ] } },
{ "type": "Feature", "properties": { "id": 2186, "u1": 4.9226655960083008, "u7": 0.67951077222824097, "v1": 3.1023321151733398, "v7": 0.95424044132232666 }, "geometry": { "type": "Point", "coordinates": [ 202.5, 39.034645831 ] } },
{ "type": "Feature", "properties": { "id": 2187, "u1": 4.7353310585021973, "u7": -3.7994945049285889, "v1": 2.3123321533203125, "v7": -0.48562699556350708 }, "geometry": { "type": "Point", "coordinates": [ 202.5, 33.322258831 ] } },
{ "type": "Feature", "properties": { "id": 2188, "u1": 1.4863332509994507, "u7": -6.3815517425537109, "v1": 1.0706650018692017, "v7": -1.0568701028823853 }, "geometry": { "type": "Point", "coordinates": [ 202.5, 27.609871831 ] } },
{ "type": "Feature", "properties": { "id": 2189, "u1": -2.4556677341461182, "u7": -6.4834561347961426, "v1": -0.45833536982536316, "v7": -1.448677659034729 }, "geometry": { "type": "Point", "coordinates": [ 202.5, 21.897484831 ] } },
{ "type": "Feature", "properties": { "id": 2190, "u1": -7.1200008392333984, "u7": -7.791353702545166, "v1": -2.7710027694702148, "v7": -3.2523210048675537 }, "geometry": { "type": "Point", "coordinates": [ 202.5, 16.185097831 ] } },
{ "type": "Feature", "properties": { "id": 2191, "u1": -8.1470022201538086, "u7": -6.9478116035461426, "v1": -3.5283341407775879, "v7": -2.9960331916809082 }, "geometry": { "type": "Point", "coordinates": [ 202.5, 10.472710831 ] } },
{ "type": "Feature", "properties": { "id": 2192, "u1": -6.331000804901123, "u7": -4.1809453964233398, "v1": -0.06566823273897171, "v7": 0.76255089044570923 }, "geometry": { "type": "Point", "coordinates": [ 202.5, 4.760323831000016 ] } },
{ "type": "Feature", "properties": { "id": 2193, "u1": -5.910667896270752, "u7": -5.5961065292358398, "v1": -0.62099915742874146, "v7": 0.44411164522171021 }, "geometry": { "type": "Point", "coordinates": [ 202.5, -0.952063169 ] } },
{ "type": "Feature", "properties": { "id": 2194, "u1": -4.1273331642150879, "u7": -5.9243874549865723, "v1": -2.5303339958190918, "v7": 0.37028509378433228 }, "geometry": { "type": "Point", "coordinates": [ 202.5, -6.664450169 ] } },
{ "type": "Feature", "properties": { "id": 2195, "u1": -2.7619996070861816, "u7": -6.4632577896118164, "v1": -2.1226675510406494, "v7": 1.3990145921707153 }, "geometry": { "type": "Point", "coordinates": [ 202.5, -12.376837168999989 ] } },
{ "type": "Feature", "properties": { "id": 2196, "u1": -2.7726678848266602, "u7": -4.9303302764892578, "v1": -0.55533546209335327, "v7": 2.4846484661102295 }, "geometry": { "type": "Point", "coordinates": [ 202.5, -18.089224168999984 ] } },
{ "type": "Feature", "properties": { "id": 2197, "u1": -4.1810016632080078, "u7": -2.1219875812530518, "v1": 0.40233203768730164, "v7": 1.3297704458236694 }, "geometry": { "type": "Point", "coordinates": [ 202.5, -23.801611169 ] } },
{ "type": "Feature", "properties": { "id": 2198, "u1": -3.8046681880950928, "u7": 1.0243620872497559, "v1": 0.43599852919578552, "v7": 0.12720474600791931 }, "geometry": { "type": "Point", "coordinates": [ 202.5, -29.513998169 ] } },
{ "type": "Feature", "properties": { "id": 2199, "u1": -1.6600011587142944, "u7": 2.4278502464294434, "v1": -0.061668906360864639, "v7": 0.092449277639389038 }, "geometry": { "type": "Point", "coordinates": [ 202.5, -35.226385169 ] } },
{ "type": "Feature", "properties": { "id": 2200, "u1": 1.5156646966934204, "u7": 2.8466036319732666, "v1": -0.66833549737930298, "v7": 0.27156466245651245 }, "geometry": { "type": "Point", "coordinates": [ 202.5, -40.938772168999982 ] } },
{ "type": "Feature", "properties": { "id": 2201, "u1": 5.0246658325195312, "u7": 4.4493484497070312, "v1": -1.6043339967727661, "v7": -0.068014048039913177 }, "geometry": { "type": "Point", "coordinates": [ 202.5, -46.651159168999989 ] } },
{ "type": "Feature", "properties": { "id": 2202, "u1": 6.9286651611328125, "u7": 6.0121970176696777, "v1": -1.6096689701080322, "v7": -0.11311186105012894 }, "geometry": { "type": "Point", "coordinates": [ 202.5, -52.363546169 ] } },
{ "type": "Feature", "properties": { "id": 2203, "u1": 6.3123302459716797, "u7": 7.107877254486084, "v1": -1.8940002918243408, "v7": -1.6409691572189331 }, "geometry": { "type": "Point", "coordinates": [ 202.5, -58.075933169 ] } },
{ "type": "Feature", "properties": { "id": 2204, "u1": 4.6666650772094727, "u7": 4.3111953735351562, "v1": -1.6210001707077026, "v7": -1.310699462890625 }, "geometry": { "type": "Point", "coordinates": [ 202.5, -63.788320168999981 ] } },
{ "type": "Feature", "properties": { "id": 2205, "u1": 1.4216644763946533, "u7": 2.6576921939849854, "v1": -0.63600212335586548, "v7": -0.62069380283355713 }, "geometry": { "type": "Point", "coordinates": [ 202.5, -69.50070716899998 ] } },
{ "type": "Feature", "properties": { "id": 2206, "u1": -1.1030008792877197, "u7": -0.90904349088668823, "v1": 1.1749985218048096, "v7": 0.49054494500160217 }, "geometry": { "type": "Point", "coordinates": [ 202.5, -75.213094168999987 ] } },
{ "type": "Feature", "properties": { "id": 2207, "u1": -1.6300013065338135, "u7": -2.3915045261383057, "v1": 1.0743316411972046, "v7": 0.2971167266368866 }, "geometry": { "type": "Point", "coordinates": [ 202.5, -80.925481168999966 ] } },
{ "type": "Feature", "properties": { "id": 2208, "u1": -5.6340017318725586, "u7": -11.934931755065918, "v1": 4.7609982490539551, "v7": 11.896195411682129 }, "geometry": { "type": "Point", "coordinates": [ 202.5, -86.637868168999972 ] } },
{ "type": "Feature", "properties": { "id": 2210, "u1": 2.2316651344299316, "u7": 0.27068570256233215, "v1": -0.427001953125, "v7": 0.93519461154937744 }, "geometry": { "type": "Point", "coordinates": [ 208.125, 84.733741831 ] } },
{ "type": "Feature", "properties": { "id": 2211, "u1": 1.3266657590866089, "u7": 1.0776239633560181, "v1": -0.51333361864089966, "v7": 1.2880605459213257 }, "geometry": { "type": "Point", "coordinates": [ 208.125, 79.021354831000011 ] } },
{ "type": "Feature", "properties": { "id": 2212, "u1": -1.1946685314178467, "u7": -0.031249245628714561, "v1": -0.92166745662689209, "v7": 1.2145260572433472 }, "geometry": { "type": "Point", "coordinates": [ 208.125, 73.308967831000018 ] } },
{ "type": "Feature", "properties": { "id": 2213, "u1": -2.7146687507629395, "u7": 0.53083139657974243, "v1": 0.01766509935259819, "v7": 0.18092457950115204 }, "geometry": { "type": "Point", "coordinates": [ 208.125, 67.596580831000011 ] } },
{ "type": "Feature", "properties": { "id": 2214, "u1": -3.8750014305114746, "u7": -0.15781967341899872, "v1": -2.5050013065338135, "v7": 1.892632007598877 }, "geometry": { "type": "Point", "coordinates": [ 208.125, 61.884193831 ] } },
{ "type": "Feature", "properties": { "id": 2215, "u1": -0.19200184941291809, "u7": 1.8172740936279297, "v1": -0.17733509838581085, "v7": 1.173872709274292 }, "geometry": { "type": "Point", "coordinates": [ 208.125, 56.171806831 ] } },
{ "type": "Feature", "properties": { "id": 2216, "u1": 1.3106658458709717, "u7": 3.9587957859039307, "v1": 2.4919993877410889, "v7": 2.0267879962921143 }, "geometry": { "type": "Point", "coordinates": [ 208.125, 50.459419831 ] } },
{ "type": "Feature", "properties": { "id": 2217, "u1": 2.8773314952850342, "u7": 3.6318693161010742, "v1": 3.1906652450561523, "v7": 1.5667303800582886 }, "geometry": { "type": "Point", "coordinates": [ 208.125, 44.747032831 ] } },
{ "type": "Feature", "properties": { "id": 2218, "u1": 4.4736647605895996, "u7": 0.44768813252449036, "v1": 3.7246668338775635, "v7": 0.093613810837268829 }, "geometry": { "type": "Point", "coordinates": [ 208.125, 39.034645831 ] } },
{ "type": "Feature", "properties": { "id": 2219, "u1": 3.6459982395172119, "u7": -3.7355947494506836, "v1": 2.8233323097229004, "v7": -0.8751976490020752 }, "geometry": { "type": "Point", "coordinates": [ 208.125, 33.322258831 ] } },
{ "type": "Feature", "properties": { "id": 2220, "u1": 0.56999814510345459, "u7": -6.2523188591003418, "v1": 1.7049993276596069, "v7": -1.3394595384597778 }, "geometry": { "type": "Point", "coordinates": [ 208.125, 27.609871831 ] } },
{ "type": "Feature", "properties": { "id": 2221, "u1": -3.3790013790130615, "u7": -6.7027192115783691, "v1": 0.23899790644645691, "v7": -1.2296885251998901 }, "geometry": { "type": "Point", "coordinates": [ 208.125, 21.897484831 ] } },
{ "type": "Feature", "properties": { "id": 2222, "u1": -6.8793349266052246, "u7": -7.3552875518798828, "v1": -2.7246694564819336, "v7": -3.9470725059509277 }, "geometry": { "type": "Point", "coordinates": [ 208.125, 16.185097831 ] } },
{ "type": "Feature", "properties": { "id": 2223, "u1": -8.0243358612060547, "u7": -6.5297060012817383, "v1": -3.5636672973632812, "v7": -3.2702913284301758 }, "geometry": { "type": "Point", "coordinates": [ 208.125, 10.472710831 ] } },
{ "type": "Feature", "properties": { "id": 2224, "u1": -6.0640020370483398, "u7": -4.1638002395629883, "v1": -0.066668704152107239, "v7": 0.42499595880508423 }, "geometry": { "type": "Point", "coordinates": [ 208.125, 4.760323831000016 ] } },
{ "type": "Feature", "properties": { "id": 2225, "u1": -5.7986674308776855, "u7": -5.5515875816345215, "v1": -0.35633391141891479, "v7": 0.5729631781578064 }, "geometry": { "type": "Point", "coordinates": [ 208.125, -0.952063169 ] } },
{ "type": "Feature", "properties": { "id": 2226, "u1": -4.5270013809204102, "u7": -6.2944455146789551, "v1": -1.5840007066726685, "v7": 0.97542601823806763 }, "geometry": { "type": "Point", "coordinates": [ 208.125, -6.664450169 ] } },
{ "type": "Feature", "properties": { "id": 2227, "u1": -3.4060018062591553, "u7": -6.7686376571655273, "v1": -1.7473353147506714, "v7": 1.3850494623184204 }, "geometry": { "type": "Point", "coordinates": [ 208.125, -12.376837168999989 ] } },
{ "type": "Feature", "properties": { "id": 2228, "u1": -3.0823323726654053, "u7": -4.5334606170654297, "v1": -0.77466684579849243, "v7": 1.8527867794036865 }, "geometry": { "type": "Point", "coordinates": [ 208.125, -18.089224168999984 ] } },
{ "type": "Feature", "properties": { "id": 2229, "u1": -4.3106679916381836, "u7": -2.5916197299957275, "v1": 0.17799936234951019, "v7": 1.2490280866622925 }, "geometry": { "type": "Point", "coordinates": [ 208.125, -23.801611169 ] } },
{ "type": "Feature", "properties": { "id": 2230, "u1": -3.7083337306976318, "u7": 1.0438023805618286, "v1": 0.51333111524581909, "v7": -0.0312635637819767 }, "geometry": { "type": "Point", "coordinates": [ 208.125, -29.513998169 ] } },
{ "type": "Feature", "properties": { "id": 2231, "u1": -1.472999095916748, "u7": 2.8215951919555664, "v1": -0.10133565217256546, "v7": -0.2158370316028595 }, "geometry": { "type": "Point", "coordinates": [ 208.125, -35.226385169 ] } },
{ "type": "Feature", "properties": { "id": 2232, "u1": 1.720000147819519, "u7": 3.1516916751861572, "v1": -0.58566844463348389, "v7": 0.10915829241275787 }, "geometry": { "type": "Point", "coordinates": [ 208.125, -40.938772168999982 ] } },
{ "type": "Feature", "properties": { "id": 2233, "u1": 5.326331615447998, "u7": 4.4483399391174316, "v1": -1.5026682615280151, "v7": -0.32878169417381287 }, "geometry": { "type": "Point", "coordinates": [ 208.125, -46.651159168999989 ] } },
{ "type": "Feature", "properties": { "id": 2234, "u1": 7.0193314552307129, "u7": 5.6173229217529297, "v1": -1.532001256942749, "v7": -0.27779361605644226 }, "geometry": { "type": "Point", "coordinates": [ 208.125, -52.363546169 ] } },
{ "type": "Feature", "properties": { "id": 2235, "u1": 6.2439975738525391, "u7": 6.3968477249145508, "v1": -1.608000636100769, "v7": -1.9948322772979736 }, "geometry": { "type": "Point", "coordinates": [ 208.125, -58.075933169 ] } },
{ "type": "Feature", "properties": { "id": 2236, "u1": 4.7323312759399414, "u7": 4.519923210144043, "v1": -1.3056681156158447, "v7": -1.6909099817276001 }, "geometry": { "type": "Point", "coordinates": [ 208.125, -63.788320168999981 ] } },
{ "type": "Feature", "properties": { "id": 2237, "u1": 1.6033320426940918, "u7": 2.8904578685760498, "v1": -0.61533612012863159, "v7": -0.88099020719528198 }, "geometry": { "type": "Point", "coordinates": [ 208.125, -69.50070716899998 ] } },
{ "type": "Feature", "properties": { "id": 2238, "u1": -1.1646667718887329, "u7": -2.2095894813537598, "v1": 0.45733338594436646, "v7": -0.56023597717285156 }, "geometry": { "type": "Point", "coordinates": [ 208.125, -75.213094168999987 ] } },
{ "type": "Feature", "properties": { "id": 2239, "u1": -1.7426670789718628, "u7": -2.2588217258453369, "v1": 0.20366464555263519, "v7": -1.6415159702301025 }, "geometry": { "type": "Point", "coordinates": [ 208.125, -80.925481168999966 ] } },
{ "type": "Feature", "properties": { "id": 2240, "u1": -6.0696687698364258, "u7": -12.863872528076172, "v1": 4.3103327751159668, "v7": 10.829195976257324 }, "geometry": { "type": "Point", "coordinates": [ 208.125, -86.637868168999972 ] } },
{ "type": "Feature", "properties": { "id": 2242, "u1": 2.1873321533203125, "u7": 0.32218614220619202, "v1": -0.67500102519989014, "v7": 0.87904411554336548 }, "geometry": { "type": "Point", "coordinates": [ 213.75, 84.733741831 ] } },
{ "type": "Feature", "properties": { "id": 2243, "u1": 1.4263310432434082, "u7": 1.2230840921401978, "v1": -0.75566762685775757, "v7": 1.2214906215667725 }, "geometry": { "type": "Point", "coordinates": [ 213.75, 79.021354831000011 ] } },
{ "type": "Feature", "properties": { "id": 2244, "u1": -0.79700165987014771, "u7": 0.26263859868049622, "v1": -0.71133369207382202, "v7": 1.0286926031112671 }, "geometry": { "type": "Point", "coordinates": [ 213.75, 73.308967831000018 ] } },
{ "type": "Feature", "properties": { "id": 2245, "u1": -1.4106674194335938, "u7": -0.032557219266891479, "v1": 0.21999917924404144, "v7": 0.086449064314365387 }, "geometry": { "type": "Point", "coordinates": [ 213.75, 67.596580831000011 ] } },
{ "type": "Feature", "properties": { "id": 2246, "u1": -4.495002269744873, "u7": 0.68764710426330566, "v1": -0.20033468306064606, "v7": 1.5124872922897339 }, "geometry": { "type": "Point", "coordinates": [ 213.75, 61.884193831 ] } },
{ "type": "Feature", "properties": { "id": 2247, "u1": 0.66933137178421021, "u7": 1.7007430791854858, "v1": 2.6009984016418457, "v7": 1.7099443674087524 }, "geometry": { "type": "Point", "coordinates": [ 213.75, 56.171806831 ] } },
{ "type": "Feature", "properties": { "id": 2248, "u1": 1.6329991817474365, "u7": 3.8564391136169434, "v1": 2.954998254776001, "v7": 1.8364129066467285 }, "geometry": { "type": "Point", "coordinates": [ 213.75, 50.459419831 ] } },
{ "type": "Feature", "properties": { "id": 2249, "u1": 3.0353317260742188, "u7": 3.2017405033111572, "v1": 3.6879990100860596, "v7": 0.82050448656082153 }, "geometry": { "type": "Point", "coordinates": [ 213.75, 44.747032831 ] } },
{ "type": "Feature", "properties": { "id": 2250, "u1": 3.8396646976470947, "u7": 0.2539609968662262, "v1": 3.8586640357971191, "v7": -0.73651421070098877 }, "geometry": { "type": "Point", "coordinates": [ 213.75, 39.034645831 ] } },
{ "type": "Feature", "properties": { "id": 2251, "u1": 2.6999990940093994, "u7": -3.4801230430603027, "v1": 3.4069976806640625, "v7": -1.5185662508010864 }, "geometry": { "type": "Point", "coordinates": [ 213.75, 33.322258831 ] } },
{ "type": "Feature", "properties": { "id": 2252, "u1": -0.4190012514591217, "u7": -5.8167567253112793, "v1": 2.1189987659454346, "v7": -1.872132420539856 }, "geometry": { "type": "Point", "coordinates": [ 213.75, 27.609871831 ] } },
{ "type": "Feature", "properties": { "id": 2253, "u1": -4.6373348236083984, "u7": -6.721369743347168, "v1": -0.01566619798541069, "v7": -2.3916091918945312 }, "geometry": { "type": "Point", "coordinates": [ 213.75, 21.897484831 ] } },
{ "type": "Feature", "properties": { "id": 2254, "u1": -7.4973354339599609, "u7": -7.0998067855834961, "v1": -2.5726668834686279, "v7": -3.8744351863861084 }, "geometry": { "type": "Point", "coordinates": [ 213.75, 16.185097831 ] } },
{ "type": "Feature", "properties": { "id": 2255, "u1": -7.9080028533935547, "u7": -5.8058285713195801, "v1": -3.7643334865570068, "v7": -3.2231051921844482 }, "geometry": { "type": "Point", "coordinates": [ 213.75, 10.472710831 ] } },
{ "type": "Feature", "properties": { "id": 2256, "u1": -5.8463344573974609, "u7": -3.9441952705383301, "v1": 0.13166402280330658, "v7": 1.3194414377212524 }, "geometry": { "type": "Point", "coordinates": [ 213.75, 4.760323831000016 ] } },
{ "type": "Feature", "properties": { "id": 2257, "u1": -5.6996665000915527, "u7": -5.6465620994567871, "v1": 0.037666831165552139, "v7": 0.81160068511962891 }, "geometry": { "type": "Point", "coordinates": [ 213.75, -0.952063169 ] } },
{ "type": "Feature", "properties": { "id": 2258, "u1": -5.0363368988037109, "u7": -6.5190014839172363, "v1": -1.1560018062591553, "v7": 1.1582401990890503 }, "geometry": { "type": "Point", "coordinates": [ 213.75, -6.664450169 ] } },
{ "type": "Feature", "properties": { "id": 2259, "u1": -4.2130022048950195, "u7": -6.8777546882629395, "v1": -1.0940017700195312, "v7": 1.8047444820404053 }, "geometry": { "type": "Point", "coordinates": [ 213.75, -12.376837168999989 ] } },
{ "type": "Feature", "properties": { "id": 2260, "u1": -3.9970006942749023, "u7": -4.961207389831543, "v1": -1.8030014038085938, "v7": 0.77431797981262207 }, "geometry": { "type": "Point", "coordinates": [ 213.75, -18.089224168999984 ] } },
{ "type": "Feature", "properties": { "id": 2261, "u1": -4.0260019302368164, "u7": -2.3208439350128174, "v1": -0.65833437442779541, "v7": 0.91807937622070312 }, "geometry": { "type": "Point", "coordinates": [ 213.75, -23.801611169 ] } },
{ "type": "Feature", "properties": { "id": 2262, "u1": -3.5126678943634033, "u7": 1.1826900243759155, "v1": 0.32566529512405396, "v7": -0.12156619876623154 }, "geometry": { "type": "Point", "coordinates": [ 213.75, -29.513998169 ] } },
{ "type": "Feature", "properties": { "id": 2263, "u1": -1.2960032224655151, "u7": 2.9578297138214111, "v1": 0.01466471329331398, "v7": -0.47843164205551147 }, "geometry": { "type": "Point", "coordinates": [ 213.75, -35.226385169 ] } },
{ "type": "Feature", "properties": { "id": 2264, "u1": 2.0653326511383057, "u7": 3.2097609043121338, "v1": -0.65233409404754639, "v7": -0.24630197882652283 }, "geometry": { "type": "Point", "coordinates": [ 213.75, -40.938772168999982 ] } },
{ "type": "Feature", "properties": { "id": 2265, "u1": 5.653998851776123, "u7": 4.4093799591064453, "v1": -1.4196670055389404, "v7": -0.57349735498428345 }, "geometry": { "type": "Point", "coordinates": [ 213.75, -46.651159168999989 ] } },
{ "type": "Feature", "properties": { "id": 2266, "u1": 7.2046656608581543, "u7": 5.3288025856018066, "v1": -1.2006683349609375, "v7": -0.39474707841873169 }, "geometry": { "type": "Point", "coordinates": [ 213.75, -52.363546169 ] } },
{ "type": "Feature", "properties": { "id": 2267, "u1": 6.627997875213623, "u7": 6.3764948844909668, "v1": -1.0816686153411865, "v7": -1.7833586931228638 }, "geometry": { "type": "Point", "coordinates": [ 213.75, -58.075933169 ] } },
{ "type": "Feature", "properties": { "id": 2268, "u1": 4.5959992408752441, "u7": 5.0710482597351074, "v1": -0.85733592510223389, "v7": -1.6804344654083252 }, "geometry": { "type": "Point", "coordinates": [ 213.75, -63.788320168999981 ] } },
{ "type": "Feature", "properties": { "id": 2269, "u1": 1.6209970712661743, "u7": 3.0357902050018311, "v1": -0.45366820693016052, "v7": -1.1924312114715576 }, "geometry": { "type": "Point", "coordinates": [ 213.75, -69.50070716899998 ] } },
{ "type": "Feature", "properties": { "id": 2270, "u1": -1.4090001583099365, "u7": -3.7384312152862549, "v1": -0.3996683657169342, "v7": -1.7991225719451904 }, "geometry": { "type": "Point", "coordinates": [ 213.75, -75.213094168999987 ] } },
{ "type": "Feature", "properties": { "id": 2271, "u1": -1.8023351430892944, "u7": -2.096827507019043, "v1": -0.80533498525619507, "v7": -3.5342140197753906 }, "geometry": { "type": "Point", "coordinates": [ 213.75, -80.925481168999966 ] } },
{ "type": "Feature", "properties": { "id": 2272, "u1": -6.3146677017211914, "u7": -13.564169883728027, "v1": 3.7033324241638184, "v7": 9.6340370178222656 }, "geometry": { "type": "Point", "coordinates": [ 213.75, -86.637868168999972 ] } },
{ "type": "Feature", "properties": { "id": 2274, "u1": 2.0959992408752441, "u7": 0.36046695709228516, "v1": -0.90833485126495361, "v7": 0.82941806316375732 }, "geometry": { "type": "Point", "coordinates": [ 219.375, 84.733741831 ] } },
{ "type": "Feature", "properties": { "id": 2275, "u1": 1.545997142791748, "u7": 1.3925716876983643, "v1": -0.99300181865692139, "v7": 1.0790945291519165 }, "geometry": { "type": "Point", "coordinates": [ 219.375, 79.021354831000011 ] } },
{ "type": "Feature", "properties": { "id": 2276, "u1": -0.55800122022628784, "u7": 0.52166765928268433, "v1": -0.71133476495742798, "v7": 0.47813579440116882 }, "geometry": { "type": "Point", "coordinates": [ 219.375, 73.308967831000018 ] } },
{ "type": "Feature", "properties": { "id": 2277, "u1": -0.48200175166130066, "u7": -0.62881076335906982, "v1": 0.17899933457374573, "v7": -0.31874793767929077 }, "geometry": { "type": "Point", "coordinates": [ 219.375, 67.596580831000011 ] } },
{ "type": "Feature", "properties": { "id": 2278, "u1": -4.0973348617553711, "u7": 2.1169898509979248, "v1": 2.2209980487823486, "v7": 1.1309367418289185 }, "geometry": { "type": "Point", "coordinates": [ 219.375, 61.884193831 ] } },
{ "type": "Feature", "properties": { "id": 2279, "u1": -0.87000274658203125, "u7": 1.3996710777282715, "v1": 3.6593327522277832, "v7": 1.4738756418228149 }, "geometry": { "type": "Point", "coordinates": [ 219.375, 56.171806831 ] } },
{ "type": "Feature", "properties": { "id": 2280, "u1": 1.522331714630127, "u7": 3.8488333225250244, "v1": 3.2923305034637451, "v7": 1.0562094449996948 }, "geometry": { "type": "Point", "coordinates": [ 219.375, 50.459419831 ] } },
{ "type": "Feature", "properties": { "id": 2281, "u1": 3.2546651363372803, "u7": 2.7872278690338135, "v1": 3.7583317756652832, "v7": -0.26693984866142273 }, "geometry": { "type": "Point", "coordinates": [ 219.375, 44.747032831 ] } },
{ "type": "Feature", "properties": { "id": 2282, "u1": 3.6023316383361816, "u7": 0.39290532469749451, "v1": 4.1696667671203613, "v7": -1.835437536239624 }, "geometry": { "type": "Point", "coordinates": [ 219.375, 39.034645831 ] } },
{ "type": "Feature", "properties": { "id": 2283, "u1": 1.7739975452423096, "u7": -3.1166207790374756, "v1": 3.5106654167175293, "v7": -2.4793474674224854 }, "geometry": { "type": "Point", "coordinates": [ 219.375, 33.322258831 ] } },
{ "type": "Feature", "properties": { "id": 2284, "u1": -1.7643351554870605, "u7": -5.182039737701416, "v1": 1.8099970817565918, "v7": -2.5633771419525146 }, "geometry": { "type": "Point", "coordinates": [ 219.375, 27.609871831 ] } },
{ "type": "Feature", "properties": { "id": 2285, "u1": -5.6460018157958984, "u7": -6.3591718673706055, "v1": -0.69333493709564209, "v7": -3.1223182678222656 }, "geometry": { "type": "Point", "coordinates": [ 219.375, 21.897484831 ] } },
{ "type": "Feature", "properties": { "id": 2286, "u1": -7.7780017852783203, "u7": -6.577329158782959, "v1": -3.1056680679321289, "v7": -4.3540921211242676 }, "geometry": { "type": "Point", "coordinates": [ 219.375, 16.185097831 ] } },
{ "type": "Feature", "properties": { "id": 2287, "u1": -7.771000862121582, "u7": -4.4979953765869141, "v1": -3.7243356704711914, "v7": -2.5223350524902344 }, "geometry": { "type": "Point", "coordinates": [ 219.375, 10.472710831 ] } },
{ "type": "Feature", "properties": { "id": 2288, "u1": -5.315335750579834, "u7": -3.9288558959960938, "v1": 0.28999939560890198, "v7": 2.3003585338592529 }, "geometry": { "type": "Point", "coordinates": [ 219.375, 4.760323831000016 ] } },
{ "type": "Feature", "properties": { "id": 2289, "u1": -5.9423327445983887, "u7": -5.9933748245239258, "v1": 0.58666586875915527, "v7": 1.2041432857513428 }, "geometry": { "type": "Point", "coordinates": [ 219.375, -0.952063169 ] } },
{ "type": "Feature", "properties": { "id": 2290, "u1": -5.5933356285095215, "u7": -6.5621709823608398, "v1": -0.17633463442325592, "v7": 1.7311046123504639 }, "geometry": { "type": "Point", "coordinates": [ 219.375, -6.664450169 ] } },
{ "type": "Feature", "properties": { "id": 2291, "u1": -5.0713343620300293, "u7": -6.8891668319702148, "v1": -0.88866782188415527, "v7": 1.6745432615280151 }, "geometry": { "type": "Point", "coordinates": [ 219.375, -12.376837168999989 ] } },
{ "type": "Feature", "properties": { "id": 2292, "u1": -4.8733348846435547, "u7": -5.507972240447998, "v1": -1.2410004138946533, "v7": 0.96844303607940674 }, "geometry": { "type": "Point", "coordinates": [ 219.375, -18.089224168999984 ] } },
{ "type": "Feature", "properties": { "id": 2293, "u1": -3.6740009784698486, "u7": -2.0722811222076416, "v1": -0.85333508253097534, "v7": 0.43421843647956848 }, "geometry": { "type": "Point", "coordinates": [ 219.375, -23.801611169 ] } },
{ "type": "Feature", "properties": { "id": 2294, "u1": -2.8566687107086182, "u7": 1.1560192108154297, "v1": 0.19499868154525757, "v7": -0.1818193644285202 }, "geometry": { "type": "Point", "coordinates": [ 219.375, -29.513998169 ] } },
{ "type": "Feature", "properties": { "id": 2295, "u1": -1.099334716796875, "u7": 2.9197268486022949, "v1": 0.13199920952320099, "v7": -0.80383771657943726 }, "geometry": { "type": "Point", "coordinates": [ 219.375, -35.226385169 ] } },
{ "type": "Feature", "properties": { "id": 2296, "u1": 2.322333812713623, "u7": 3.3900463581085205, "v1": -0.78866779804229736, "v7": -0.68610954284667969 }, "geometry": { "type": "Point", "coordinates": [ 219.375, -40.938772168999982 ] } },
{ "type": "Feature", "properties": { "id": 2297, "u1": 6.0489983558654785, "u7": 4.4435501098632812, "v1": -1.4826685190200806, "v7": -0.81506818532943726 }, "geometry": { "type": "Point", "coordinates": [ 219.375, -46.651159168999989 ] } },
{ "type": "Feature", "properties": { "id": 2298, "u1": 7.4606637954711914, "u7": 5.2996716499328613, "v1": -1.083000659942627, "v7": -0.54258149862289429 }, "geometry": { "type": "Point", "coordinates": [ 219.375, -52.363546169 ] } },
{ "type": "Feature", "properties": { "id": 2299, "u1": 6.927330493927002, "u7": 6.482302188873291, "v1": -0.66500037908554077, "v7": -1.3545655012130737 }, "geometry": { "type": "Point", "coordinates": [ 219.375, -58.075933169 ] } },
{ "type": "Feature", "properties": { "id": 2300, "u1": 4.3503313064575195, "u7": 5.572418212890625, "v1": -0.4600016176700592, "v7": -1.2702429294586182 }, "geometry": { "type": "Point", "coordinates": [ 219.375, -63.788320168999981 ] } },
{ "type": "Feature", "properties": { "id": 2301, "u1": 1.5096639394760132, "u7": 3.0069310665130615, "v1": -0.20133514702320099, "v7": -1.4116170406341553 }, "geometry": { "type": "Point", "coordinates": [ 219.375, -69.50070716899998 ] } },
{ "type": "Feature", "properties": { "id": 2302, "u1": -1.814667820930481, "u7": -5.1514248847961426, "v1": -1.175335168838501, "v7": -2.5836923122406006 }, "geometry": { "type": "Point", "coordinates": [ 219.375, -75.213094168999987 ] } },
{ "type": "Feature", "properties": { "id": 2303, "u1": -1.8776671886444092, "u7": -1.9660171270370483, "v1": -1.9270014762878418, "v7": -5.3626995086669922 }, "geometry": { "type": "Point", "coordinates": [ 219.375, -80.925481168999966 ] } },
{ "type": "Feature", "properties": { "id": 2304, "u1": -6.3776669502258301, "u7": -14.003291130065918, "v1": 3.0389988422393799, "v7": 8.3663215637207031 }, "geometry": { "type": "Point", "coordinates": [ 219.375, -86.637868168999972 ] } },
{ "type": "Feature", "properties": { "id": 2306, "u1": 1.952332615852356, "u7": 0.39367052912712097, "v1": -1.1110000610351562, "v7": 0.79654222726821899 }, "geometry": { "type": "Point", "coordinates": [ 225.0, 84.733741831 ] } },
{ "type": "Feature", "properties": { "id": 2307, "u1": 1.685332179069519, "u7": 1.5554372072219849, "v1": -1.2366673946380615, "v7": 0.83099639415740967 }, "geometry": { "type": "Point", "coordinates": [ 225.0, 79.021354831000011 ] } },
{ "type": "Feature", "properties": { "id": 2308, "u1": -0.41000062227249146, "u7": 0.71604758501052856, "v1": -0.65366667509078979, "v7": -0.18221645057201385 }, "geometry": { "type": "Point", "coordinates": [ 225.0, 73.308967831000018 ] } },
{ "type": "Feature", "properties": { "id": 2309, "u1": -0.0200017299503088, "u7": -0.98548471927642822, "v1": 0.27099913358688354, "v7": -0.73430192470550537 }, "geometry": { "type": "Point", "coordinates": [ 225.0, 67.596580831000011 ] } },
{ "type": "Feature", "properties": { "id": 2310, "u1": -1.1473337411880493, "u7": 2.3858349323272705, "v1": 2.0906655788421631, "v7": 1.030808687210083 }, "geometry": { "type": "Point", "coordinates": [ 225.0, 61.884193831 ] } },
{ "type": "Feature", "properties": { "id": 2311, "u1": -4.2623353004455566, "u7": 1.1877882480621338, "v1": 3.4936649799346924, "v7": 1.2928780317306519 }, "geometry": { "type": "Point", "coordinates": [ 225.0, 56.171806831 ] } },
{ "type": "Feature", "properties": { "id": 2312, "u1": 1.7833312749862671, "u7": 3.6177201271057129, "v1": 3.4783315658569336, "v7": -0.13517624139785767 }, "geometry": { "type": "Point", "coordinates": [ 225.0, 50.459419831 ] } },
{ "type": "Feature", "properties": { "id": 2313, "u1": 3.0039992332458496, "u7": 2.5335426330566406, "v1": 3.998333215713501, "v7": -1.7275168895721436 }, "geometry": { "type": "Point", "coordinates": [ 225.0, 44.747032831 ] } },
{ "type": "Feature", "properties": { "id": 2314, "u1": 3.4773309230804443, "u7": 0.67002898454666138, "v1": 3.3756659030914307, "v7": -3.580585241317749 }, "geometry": { "type": "Point", "coordinates": [ 225.0, 39.034645831 ] } },
{ "type": "Feature", "properties": { "id": 2315, "u1": 1.4179987907409668, "u7": -2.1139686107635498, "v1": 2.2336640357971191, "v7": -3.899848461151123 }, "geometry": { "type": "Point", "coordinates": [ 225.0, 33.322258831 ] } },
{ "type": "Feature", "properties": { "id": 2316, "u1": -2.4076681137084961, "u7": -4.2317180633544922, "v1": 0.75266522169113159, "v7": -3.43145751953125 }, "geometry": { "type": "Point", "coordinates": [ 225.0, 27.609871831 ] } },
{ "type": "Feature", "properties": { "id": 2317, "u1": -6.0303363800048828, "u7": -5.746729850769043, "v1": -1.4366663694381714, "v7": -3.7674641609191895 }, "geometry": { "type": "Point", "coordinates": [ 225.0, 21.897484831 ] } },
{ "type": "Feature", "properties": { "id": 2318, "u1": -7.910334587097168, "u7": -5.9050698280334473, "v1": -3.6386692523956299, "v7": -4.5170845985412598 }, "geometry": { "type": "Point", "coordinates": [ 225.0, 16.185097831 ] } },
{ "type": "Feature", "properties": { "id": 2319, "u1": -7.6010007858276367, "u7": -3.2869608402252197, "v1": -3.9413349628448486, "v7": -2.0550768375396729 }, "geometry": { "type": "Point", "coordinates": [ 225.0, 10.472710831 ] } },
{ "type": "Feature", "properties": { "id": 2320, "u1": -5.0043344497680664, "u7": -3.5271921157836914, "v1": 0.24333395063877106, "v7": 2.3843743801116943 }, "geometry": { "type": "Point", "coordinates": [ 225.0, 4.760323831000016 ] } },
{ "type": "Feature", "properties": { "id": 2321, "u1": -5.6736679077148438, "u7": -5.7799320220947266, "v1": 1.0476659536361694, "v7": 1.7166601419448853 }, "geometry": { "type": "Point", "coordinates": [ 225.0, -0.952063169 ] } },
{ "type": "Feature", "properties": { "id": 2322, "u1": -6.2033343315124512, "u7": -6.8600397109985352, "v1": 0.69899904727935791, "v7": 2.0770883560180664 }, "geometry": { "type": "Point", "coordinates": [ 225.0, -6.664450169 ] } },
{ "type": "Feature", "properties": { "id": 2323, "u1": -6.1510004997253418, "u7": -7.1081094741821289, "v1": -0.61499887704849243, "v7": 1.5688403844833374 }, "geometry": { "type": "Point", "coordinates": [ 225.0, -12.376837168999989 ] } },
{ "type": "Feature", "properties": { "id": 2324, "u1": -5.2713336944580078, "u7": -5.5896177291870117, "v1": -1.2406681776046753, "v7": 0.98686134815216064 }, "geometry": { "type": "Point", "coordinates": [ 225.0, -18.089224168999984 ] } },
{ "type": "Feature", "properties": { "id": 2325, "u1": -3.4330017566680908, "u7": -2.0570337772369385, "v1": -0.85866701602935791, "v7": 0.30994036793708801 }, "geometry": { "type": "Point", "coordinates": [ 225.0, -23.801611169 ] } },
{ "type": "Feature", "properties": { "id": 2326, "u1": -2.7970016002655029, "u7": 1.0120385885238647, "v1": -0.44800212979316711, "v7": -0.35146254301071167 }, "geometry": { "type": "Point", "coordinates": [ 225.0, -29.513998169 ] } },
{ "type": "Feature", "properties": { "id": 2327, "u1": -0.87533515691757202, "u7": 2.864945650100708, "v1": -0.23566843569278717, "v7": -0.8215630054473877 }, "geometry": { "type": "Point", "coordinates": [ 225.0, -35.226385169 ] } },
{ "type": "Feature", "properties": { "id": 2328, "u1": 2.5713322162628174, "u7": 3.6869516372680664, "v1": -0.70200192928314209, "v7": -0.89123660326004028 }, "geometry": { "type": "Point", "coordinates": [ 225.0, -40.938772168999982 ] } },
{ "type": "Feature", "properties": { "id": 2329, "u1": 6.3959980010986328, "u7": 4.4762625694274902, "v1": -1.5186666250228882, "v7": -1.0764743089675903 }, "geometry": { "type": "Point", "coordinates": [ 225.0, -46.651159168999989 ] } },
{ "type": "Feature", "properties": { "id": 2330, "u1": 7.6766648292541504, "u7": 5.149437427520752, "v1": -1.1490036249160767, "v7": -0.63707888126373291 }, "geometry": { "type": "Point", "coordinates": [ 225.0, -52.363546169 ] } },
{ "type": "Feature", "properties": { "id": 2331, "u1": 6.9196648597717285, "u7": 6.3025217056274414, "v1": -0.60966849327087402, "v7": -1.3011276721954346 }, "geometry": { "type": "Point", "coordinates": [ 225.0, -58.075933169 ] } },
{ "type": "Feature", "properties": { "id": 2332, "u1": 4.0706658363342285, "u7": 5.7281293869018555, "v1": -0.15000000596046448, "v7": -0.91072672605514526 }, "geometry": { "type": "Point", "coordinates": [ 225.0, -63.788320168999981 ] } },
{ "type": "Feature", "properties": { "id": 2333, "u1": 1.3166651725769043, "u7": 2.8080282211303711, "v1": -0.04600067064166069, "v7": -1.5907477140426636 }, "geometry": { "type": "Point", "coordinates": [ 225.0, -69.50070716899998 ] } },
{ "type": "Feature", "properties": { "id": 2334, "u1": -2.3493342399597168, "u7": -6.0959386825561523, "v1": -1.461334228515625, "v7": -2.2785849571228027 }, "geometry": { "type": "Point", "coordinates": [ 225.0, -75.213094168999987 ] } },
{ "type": "Feature", "properties": { "id": 2335, "u1": -1.8580012321472168, "u7": -1.7882990837097168, "v1": -2.9786677360534668, "v7": -6.8690791130065918 }, "geometry": { "type": "Point", "coordinates": [ 225.0, -80.925481168999966 ] } },
{ "type": "Feature", "properties": { "id": 2336, "u1": -6.4473352432250977, "u7": -14.160266876220703, "v1": 2.4583327770233154, "v7": 7.0982904434204102 }, "geometry": { "type": "Point", "coordinates": [ 225.0, -86.637868168999972 ] } },
{ "type": "Feature", "properties": { "id": 2338, "u1": 1.7599985599517822, "u7": 0.42610010504722595, "v1": -1.2693349123001099, "v7": 0.77388292551040649 }, "geometry": { "type": "Point", "coordinates": [ 230.625, 84.733741831 ] } },
{ "type": "Feature", "properties": { "id": 2339, "u1": 1.8363311290740967, "u7": 1.653924822807312, "v1": -1.5233347415924072, "v7": 0.4481205940246582 }, "geometry": { "type": "Point", "coordinates": [ 230.625, 79.021354831000011 ] } },
{ "type": "Feature", "properties": { "id": 2340, "u1": -0.077668257057666779, "u7": 0.79385024309158325, "v1": -0.51600289344787598, "v7": -0.60386484861373901 }, "geometry": { "type": "Point", "coordinates": [ 230.625, 73.308967831000018 ] } },
{ "type": "Feature", "properties": { "id": 2341, "u1": 0.23033192753791809, "u7": -1.1181331872940063, "v1": 0.34633025527000427, "v7": -0.75964128971099854 }, "geometry": { "type": "Point", "coordinates": [ 230.625, 67.596580831000011 ] } },
{ "type": "Feature", "properties": { "id": 2342, "u1": 1.7453323602676392, "u7": 2.6290402412414551, "v1": 2.0043320655822754, "v7": 0.44585451483726501 }, "geometry": { "type": "Point", "coordinates": [ 230.625, 61.884193831 ] } },
{ "type": "Feature", "properties": { "id": 2343, "u1": -2.7980015277862549, "u7": 1.5710926055908203, "v1": 2.6389973163604736, "v7": 0.74211215972900391 }, "geometry": { "type": "Point", "coordinates": [ 230.625, 56.171806831 ] } },
{ "type": "Feature", "properties": { "id": 2344, "u1": -1.036334753036499, "u7": 3.0347802639007568, "v1": 4.9896650314331055, "v7": -1.307598352432251 }, "geometry": { "type": "Point", "coordinates": [ 230.625, 50.459419831 ] } },
{ "type": "Feature", "properties": { "id": 2345, "u1": 2.7596654891967773, "u7": 1.7883003950119019, "v1": 3.4829986095428467, "v7": -4.2520275115966797 }, "geometry": { "type": "Point", "coordinates": [ 230.625, 44.747032831 ] } },
{ "type": "Feature", "properties": { "id": 2346, "u1": 2.7309978008270264, "u7": 1.1328837871551514, "v1": 1.459331750869751, "v7": -7.7969026565551758 }, "geometry": { "type": "Point", "coordinates": [ 230.625, 39.034645831 ] } },
{ "type": "Feature", "properties": { "id": 2347, "u1": 1.4813319444656372, "u7": 0.46189135313034058, "v1": 0.1389973908662796, "v7": -5.5620570182800293 }, "geometry": { "type": "Point", "coordinates": [ 230.625, 33.322258831 ] } },
{ "type": "Feature", "properties": { "id": 2348, "u1": -2.4976685047149658, "u7": -2.6565980911254883, "v1": -1.1470011472702026, "v7": -4.4410724639892578 }, "geometry": { "type": "Point", "coordinates": [ 230.625, 27.609871831 ] } },
{ "type": "Feature", "properties": { "id": 2349, "u1": -5.8850021362304688, "u7": -4.6590604782104492, "v1": -2.5883345603942871, "v7": -4.3663058280944824 }, "geometry": { "type": "Point", "coordinates": [ 230.625, 21.897484831 ] } },
{ "type": "Feature", "properties": { "id": 2350, "u1": -7.7023348808288574, "u7": -5.1390604972839355, "v1": -4.5216684341430664, "v7": -4.4564175605773926 }, "geometry": { "type": "Point", "coordinates": [ 230.625, 16.185097831 ] } },
{ "type": "Feature", "properties": { "id": 2351, "u1": -7.207334041595459, "u7": -1.9639518260955811, "v1": -4.1450023651123047, "v7": -0.98463612794876099 }, "geometry": { "type": "Point", "coordinates": [ 230.625, 10.472710831 ] } },
{ "type": "Feature", "properties": { "id": 2352, "u1": -4.3546690940856934, "u7": -3.1272940635681152, "v1": 1.2036646604537964, "v7": 3.4329841136932373 }, "geometry": { "type": "Point", "coordinates": [ 230.625, 4.760323831000016 ] } },
{ "type": "Feature", "properties": { "id": 2353, "u1": -5.2636675834655762, "u7": -5.4715228080749512, "v1": 1.6329981088638306, "v7": 2.1073977947235107 }, "geometry": { "type": "Point", "coordinates": [ 230.625, -0.952063169 ] } },
{ "type": "Feature", "properties": { "id": 2354, "u1": -6.6080012321472168, "u7": -7.128023624420166, "v1": 1.3366647958755493, "v7": 2.120675802230835 }, "geometry": { "type": "Point", "coordinates": [ 230.625, -6.664450169 ] } },
{ "type": "Feature", "properties": { "id": 2355, "u1": -6.8433327674865723, "u7": -7.3076634407043457, "v1": 0.16266632080078125, "v7": 1.9003489017486572 }, "geometry": { "type": "Point", "coordinates": [ 230.625, -12.376837168999989 ] } },
{ "type": "Feature", "properties": { "id": 2356, "u1": -5.4503335952758789, "u7": -5.5613236427307129, "v1": -1.0933349132537842, "v7": 0.62374109029769897 }, "geometry": { "type": "Point", "coordinates": [ 230.625, -18.089224168999984 ] } },
{ "type": "Feature", "properties": { "id": 2357, "u1": -3.778667688369751, "u7": -2.2222335338592529, "v1": -1.2593338489532471, "v7": 0.065463528037071228 }, "geometry": { "type": "Point", "coordinates": [ 230.625, -23.801611169 ] } },
{ "type": "Feature", "properties": { "id": 2358, "u1": -2.6883351802825928, "u7": 0.79112696647644043, "v1": -0.64166766405105591, "v7": -0.38152658939361572 }, "geometry": { "type": "Point", "coordinates": [ 230.625, -29.513998169 ] } },
{ "type": "Feature", "properties": { "id": 2359, "u1": -0.552001953125, "u7": 2.9056479930877686, "v1": -0.49133402109146118, "v7": -0.98064500093460083 }, "geometry": { "type": "Point", "coordinates": [ 230.625, -35.226385169 ] } },
{ "type": "Feature", "properties": { "id": 2360, "u1": 2.8883321285247803, "u7": 3.6565489768981934, "v1": -0.88433378934860229, "v7": -1.034532904624939 }, "geometry": { "type": "Point", "coordinates": [ 230.625, -40.938772168999982 ] } },
{ "type": "Feature", "properties": { "id": 2361, "u1": 6.6936650276184082, "u7": 4.4693546295166016, "v1": -1.6276682615280151, "v7": -1.3945387601852417 }, "geometry": { "type": "Point", "coordinates": [ 230.625, -46.651159168999989 ] } },
{ "type": "Feature", "properties": { "id": 2362, "u1": 8.0659990310668945, "u7": 5.4943723678588867, "v1": -1.0286672115325928, "v7": -0.77028077840805054 }, "geometry": { "type": "Point", "coordinates": [ 230.625, -52.363546169 ] } },
{ "type": "Feature", "properties": { "id": 2363, "u1": 7.0456652641296387, "u7": 6.4713625907897949, "v1": -0.38033396005630493, "v7": -0.92595326900482178 }, "geometry": { "type": "Point", "coordinates": [ 230.625, -58.075933169 ] } },
{ "type": "Feature", "properties": { "id": 2364, "u1": 3.8659977912902832, "u7": 5.587334156036377, "v1": 0.11666463315486908, "v7": -0.57097142934799194 }, "geometry": { "type": "Point", "coordinates": [ 230.625, -63.788320168999981 ] } },
{ "type": "Feature", "properties": { "id": 2365, "u1": 1.120330810546875, "u7": 2.5834131240844727, "v1": 0.057665508240461349, "v7": -1.6415950059890747 }, "geometry": { "type": "Point", "coordinates": [ 230.625, -69.50070716899998 ] } },
{ "type": "Feature", "properties": { "id": 2366, "u1": -3.0393340587615967, "u7": -6.6086173057556152, "v1": -1.092334508895874, "v7": -0.9297834038734436 }, "geometry": { "type": "Point", "coordinates": [ 230.625, -75.213094168999987 ] } },
{ "type": "Feature", "properties": { "id": 2367, "u1": -1.6763341426849365, "u7": -1.5343825817108154, "v1": -3.7366678714752197, "v7": -7.7845582962036133 }, "geometry": { "type": "Point", "coordinates": [ 230.625, -80.925481168999966 ] } },
{ "type": "Feature", "properties": { "id": 2368, "u1": -6.2880020141601562, "u7": -14.033586502075195, "v1": 1.877331018447876, "v7": 5.9066834449768066 }, "geometry": { "type": "Point", "coordinates": [ 230.625, -86.637868168999972 ] } },
{ "type": "Feature", "properties": { "id": 2370, "u1": 1.5316665172576904, "u7": 0.4678916335105896, "v1": -1.3706669807434082, "v7": 0.75525444746017456 }, "geometry": { "type": "Point", "coordinates": [ 236.25, 84.733741831 ] } },
{ "type": "Feature", "properties": { "id": 2371, "u1": 1.9366648197174072, "u7": 1.6171565055847168, "v1": -1.8963348865509033, "v7": -0.012366789393126965 }, "geometry": { "type": "Point", "coordinates": [ 236.25, 79.021354831000011 ] } },
{ "type": "Feature", "properties": { "id": 2372, "u1": 0.52566426992416382, "u7": 0.76885139942169189, "v1": -0.57599943876266479, "v7": -0.82601422071456909 }, "geometry": { "type": "Point", "coordinates": [ 236.25, 73.308967831000018 ] } },
{ "type": "Feature", "properties": { "id": 2373, "u1": 0.42899882793426514, "u7": -0.88627803325653076, "v1": 0.20566406846046448, "v7": -0.62523537874221802 }, "geometry": { "type": "Point", "coordinates": [ 236.25, 67.596580831000011 ] } },
{ "type": "Feature", "properties": { "id": 2374, "u1": 1.5596654415130615, "u7": 1.0541414022445679, "v1": 0.46966704726219177, "v7": -0.46147283911705017 }, "geometry": { "type": "Point", "coordinates": [ 236.25, 61.884193831 ] } },
{ "type": "Feature", "properties": { "id": 2375, "u1": 0.71866405010223389, "u7": 2.8602778911590576, "v1": 2.2150003910064697, "v7": -0.043300829827785492 }, "geometry": { "type": "Point", "coordinates": [ 236.25, 56.171806831 ] } },
{ "type": "Feature", "properties": { "id": 2376, "u1": -2.3686680793762207, "u7": 1.8728792667388916, "v1": 3.0799987316131592, "v7": 0.040195420384407043 }, "geometry": { "type": "Point", "coordinates": [ 236.25, 50.459419831 ] } },
{ "type": "Feature", "properties": { "id": 2377, "u1": -1.0073349475860596, "u7": 2.3420522212982178, "v1": 4.3126649856567383, "v7": -3.7594497203826904 }, "geometry": { "type": "Point", "coordinates": [ 236.25, 44.747032831 ] } },
{ "type": "Feature", "properties": { "id": 2378, "u1": -2.1653339862823486, "u7": 3.0933291912078857, "v1": 1.8203318119049072, "v7": -4.34844970703125 }, "geometry": { "type": "Point", "coordinates": [ 236.25, 39.034645831 ] } },
{ "type": "Feature", "properties": { "id": 2379, "u1": 2.2109994888305664, "u7": 4.0597963333129883, "v1": -3.3233351707458496, "v7": -6.0044093132019043 }, "geometry": { "type": "Point", "coordinates": [ 236.25, 33.322258831 ] } },
{ "type": "Feature", "properties": { "id": 2380, "u1": -1.0600006580352783, "u7": -0.2083585262298584, "v1": -3.3493356704711914, "v7": -5.1985230445861816 }, "geometry": { "type": "Point", "coordinates": [ 236.25, 27.609871831 ] } },
{ "type": "Feature", "properties": { "id": 2381, "u1": -5.0013351440429688, "u7": -3.3228476047515869, "v1": -3.7913334369659424, "v7": -4.4867029190063477 }, "geometry": { "type": "Point", "coordinates": [ 236.25, 21.897484831 ] } },
{ "type": "Feature", "properties": { "id": 2382, "u1": -6.9543352127075195, "u7": -4.0629973411560059, "v1": -5.2073335647583008, "v7": -4.2342109680175781 }, "geometry": { "type": "Point", "coordinates": [ 236.25, 16.185097831 ] } },
{ "type": "Feature", "properties": { "id": 2383, "u1": -6.7870020866394043, "u7": -0.1828281581401825, "v1": -3.7720000743865967, "v7": 0.088592015206813812 }, "geometry": { "type": "Point", "coordinates": [ 236.25, 10.472710831 ] } },
{ "type": "Feature", "properties": { "id": 2384, "u1": -3.6833343505859375, "u7": -2.8780293464660645, "v1": 1.743999719619751, "v7": 4.4194121360778809 }, "geometry": { "type": "Point", "coordinates": [ 236.25, 4.760323831000016 ] } },
{ "type": "Feature", "properties": { "id": 2385, "u1": -5.0966663360595703, "u7": -5.4646854400634766, "v1": 2.2589976787567139, "v7": 2.7826502323150635 }, "geometry": { "type": "Point", "coordinates": [ 236.25, -0.952063169 ] } },
{ "type": "Feature", "properties": { "id": 2386, "u1": -6.6993350982666016, "u7": -7.2297306060791016, "v1": 2.4679982662200928, "v7": 2.6128802299499512 }, "geometry": { "type": "Point", "coordinates": [ 236.25, -6.664450169 ] } },
{ "type": "Feature", "properties": { "id": 2387, "u1": -7.0633339881896973, "u7": -7.3636221885681152, "v1": 0.86699932813644409, "v7": 2.0481531620025635 }, "geometry": { "type": "Point", "coordinates": [ 236.25, -12.376837168999989 ] } },
{ "type": "Feature", "properties": { "id": 2388, "u1": -5.9063353538513184, "u7": -5.6929707527160645, "v1": -0.69333291053771973, "v7": 0.5826600193977356 }, "geometry": { "type": "Point", "coordinates": [ 236.25, -18.089224168999984 ] } },
{ "type": "Feature", "properties": { "id": 2389, "u1": -4.3813338279724121, "u7": -2.5756869316101074, "v1": -1.1280008554458618, "v7": -0.20792423188686371 }, "geometry": { "type": "Point", "coordinates": [ 236.25, -23.801611169 ] } },
{ "type": "Feature", "properties": { "id": 2390, "u1": -2.4190008640289307, "u7": 0.7407492995262146, "v1": -1.0816686153411865, "v7": -0.7315133810043335 }, "geometry": { "type": "Point", "coordinates": [ 236.25, -29.513998169 ] } },
{ "type": "Feature", "properties": { "id": 2391, "u1": -0.13500061631202698, "u7": 2.910153865814209, "v1": -0.53000080585479736, "v7": -1.0503946542739868 }, "geometry": { "type": "Point", "coordinates": [ 236.25, -35.226385169 ] } },
{ "type": "Feature", "properties": { "id": 2392, "u1": 3.3973312377929688, "u7": 3.6912672519683838, "v1": -1.0350016355514526, "v7": -1.1955710649490356 }, "geometry": { "type": "Point", "coordinates": [ 236.25, -40.938772168999982 ] } },
{ "type": "Feature", "properties": { "id": 2393, "u1": 7.1639971733093262, "u7": 4.5748124122619629, "v1": -1.5150014162063599, "v7": -1.3981280326843262 }, "geometry": { "type": "Point", "coordinates": [ 236.25, -46.651159168999989 ] } },
{ "type": "Feature", "properties": { "id": 2394, "u1": 8.3833322525024414, "u7": 5.5098376274108887, "v1": -1.1266688108444214, "v7": -1.3403106927871704 }, "geometry": { "type": "Point", "coordinates": [ 236.25, -52.363546169 ] } },
{ "type": "Feature", "properties": { "id": 2395, "u1": 6.978999137878418, "u7": 6.2374954223632812, "v1": -0.01233520545065403, "v7": -0.9799535870552063 }, "geometry": { "type": "Point", "coordinates": [ 236.25, -58.075933169 ] } },
{ "type": "Feature", "properties": { "id": 2396, "u1": 3.6029989719390869, "u7": 5.3609957695007324, "v1": 0.26599782705307007, "v7": -0.62482738494873047 }, "geometry": { "type": "Point", "coordinates": [ 236.25, -63.788320168999981 ] } },
{ "type": "Feature", "properties": { "id": 2397, "u1": 0.97999930381774902, "u7": 2.4280281066894531, "v1": 0.27366587519645691, "v7": -1.4815311431884766 }, "geometry": { "type": "Point", "coordinates": [ 236.25, -69.50070716899998 ] } },
{ "type": "Feature", "properties": { "id": 2398, "u1": -3.7080028057098389, "u7": -6.6842584609985352, "v1": -0.15700124204158783, "v7": 0.90691840648651123 }, "geometry": { "type": "Point", "coordinates": [ 236.25, -75.213094168999987 ] } },
{ "type": "Feature", "properties": { "id": 2399, "u1": -1.3166676759719849, "u7": -1.1907038688659668, "v1": -4.0126681327819824, "v7": -7.9759616851806641 }, "geometry": { "type": "Point", "coordinates": [ 236.25, -80.925481168999966 ] } },
{ "type": "Feature", "properties": { "id": 2400, "u1": -6.0433335304260254, "u7": -13.64569091796875, "v1": 1.4009989500045776, "v7": 4.8658261299133301 }, "geometry": { "type": "Point", "coordinates": [ 236.25, -86.637868168999972 ] } },
{ "type": "Feature", "properties": { "id": 2402, "u1": 1.2959980964660645, "u7": 0.51463025808334351, "v1": -1.4030014276504517, "v7": 0.73056662082672119 }, "geometry": { "type": "Point", "coordinates": [ 241.875, 84.733741831 ] } },
{ "type": "Feature", "properties": { "id": 2403, "u1": 1.8356653451919556, "u7": 1.4240715503692627, "v1": -2.3310017585754395, "v7": -0.41990277171134949 }, "geometry": { "type": "Point", "coordinates": [ 241.875, 79.021354831000011 ] } },
{ "type": "Feature", "properties": { "id": 2404, "u1": 1.332664966583252, "u7": 0.83235633373260498, "v1": -1.0439997911453247, "v7": -0.99894267320632935 }, "geometry": { "type": "Point", "coordinates": [ 241.875, 73.308967831000018 ] } },
{ "type": "Feature", "properties": { "id": 2405, "u1": 0.77066600322723389, "u7": -0.42664095759391785, "v1": 0.05566507950425148, "v7": -0.75611531734466553 }, "geometry": { "type": "Point", "coordinates": [ 241.875, 67.596580831000011 ] } },
{ "type": "Feature", "properties": { "id": 2406, "u1": 0.49799856543540955, "u7": 0.064345270395278931, "v1": 0.032998658716678619, "v7": -0.48675888776779175 }, "geometry": { "type": "Point", "coordinates": [ 241.875, 61.884193831 ] } },
{ "type": "Feature", "properties": { "id": 2407, "u1": 2.5536656379699707, "u7": 2.4135432243347168, "v1": 1.2403320074081421, "v7": 0.13297116756439209 }, "geometry": { "type": "Point", "coordinates": [ 241.875, 56.171806831 ] } },
{ "type": "Feature", "properties": { "id": 2408, "u1": 1.7276656627655029, "u7": 2.1827406883239746, "v1": 2.6483311653137207, "v7": 0.17059154808521271 }, "geometry": { "type": "Point", "coordinates": [ 241.875, 50.459419831 ] } },
{ "type": "Feature", "properties": { "id": 2409, "u1": 0.58499908447265625, "u7": 0.60335320234298706, "v1": 3.9436640739440918, "v7": -1.8663883209228516 }, "geometry": { "type": "Point", "coordinates": [ 241.875, 44.747032831 ] } },
{ "type": "Feature", "properties": { "id": 2410, "u1": -1.4126673936843872, "u7": 2.3990628719329834, "v1": 1.6053314208984375, "v7": 0.099138259887695312 }, "geometry": { "type": "Point", "coordinates": [ 241.875, 39.034645831 ] } },
{ "type": "Feature", "properties": { "id": 2411, "u1": -0.46866911649703979, "u7": 3.9667577743530273, "v1": -2.0096690654754639, "v7": -1.3042992353439331 }, "geometry": { "type": "Point", "coordinates": [ 241.875, 33.322258831 ] } },
{ "type": "Feature", "properties": { "id": 2412, "u1": 1.6433329582214355, "u7": 3.3692324161529541, "v1": -4.5920014381408691, "v7": -5.4492883682250977 }, "geometry": { "type": "Point", "coordinates": [ 241.875, 27.609871831 ] } },
{ "type": "Feature", "properties": { "id": 2413, "u1": -3.147667407989502, "u7": -1.3183314800262451, "v1": -5.0423336029052734, "v7": -4.3730230331420898 }, "geometry": { "type": "Point", "coordinates": [ 241.875, 21.897484831 ] } },
{ "type": "Feature", "properties": { "id": 2414, "u1": -6.0266671180725098, "u7": -2.9768247604370117, "v1": -5.4063363075256348, "v7": -3.2078509330749512 }, "geometry": { "type": "Point", "coordinates": [ 241.875, 16.185097831 ] } },
{ "type": "Feature", "properties": { "id": 2415, "u1": -6.3700008392333984, "u7": 0.82855725288391113, "v1": -3.2440028190612793, "v7": 0.67222195863723755 }, "geometry": { "type": "Point", "coordinates": [ 241.875, 10.472710831 ] } },
{ "type": "Feature", "properties": { "id": 2416, "u1": -3.0230004787445068, "u7": -2.3104195594787598, "v1": 2.1216659545898438, "v7": 4.9129123687744141 }, "geometry": { "type": "Point", "coordinates": [ 241.875, 4.760323831000016 ] } },
{ "type": "Feature", "properties": { "id": 2417, "u1": -4.422001838684082, "u7": -5.3478388786315918, "v1": 2.9609990119934082, "v7": 3.4646179676055908 }, "geometry": { "type": "Point", "coordinates": [ 241.875, -0.952063169 ] } },
{ "type": "Feature", "properties": { "id": 2418, "u1": -6.7503342628479004, "u7": -7.3696331977844238, "v1": 3.5716660022735596, "v7": 3.1549315452575684 }, "geometry": { "type": "Point", "coordinates": [ 241.875, -6.664450169 ] } },
{ "type": "Feature", "properties": { "id": 2419, "u1": -7.1663341522216797, "u7": -7.6705770492553711, "v1": 1.5959975719451904, "v7": 2.248288631439209 }, "geometry": { "type": "Point", "coordinates": [ 241.875, -12.376837168999989 ] } },
{ "type": "Feature", "properties": { "id": 2420, "u1": -6.1473331451416016, "u7": -5.971806526184082, "v1": -0.07933400571346283, "v7": 0.27050736546516418 }, "geometry": { "type": "Point", "coordinates": [ 241.875, -18.089224168999984 ] } },
{ "type": "Feature", "properties": { "id": 2421, "u1": -4.7160015106201172, "u7": -2.9580559730529785, "v1": -0.737335205078125, "v7": -0.55936402082443237 }, "geometry": { "type": "Point", "coordinates": [ 241.875, -23.801611169 ] } },
{ "type": "Feature", "properties": { "id": 2422, "u1": -2.3073344230651855, "u7": 0.66149437427520752, "v1": -1.0913350582122803, "v7": -1.0119678974151611 }, "geometry": { "type": "Point", "coordinates": [ 241.875, -29.513998169 ] } },
{ "type": "Feature", "properties": { "id": 2423, "u1": 0.21999816596508026, "u7": 3.0045840740203857, "v1": -0.80766856670379639, "v7": -1.0737099647521973 }, "geometry": { "type": "Point", "coordinates": [ 241.875, -35.226385169 ] } },
{ "type": "Feature", "properties": { "id": 2424, "u1": 4.0103311538696289, "u7": 3.9623770713806152, "v1": -1.0110011100769043, "v7": -1.1685409545898438 }, "geometry": { "type": "Point", "coordinates": [ 241.875, -40.938772168999982 ] } },
{ "type": "Feature", "properties": { "id": 2425, "u1": 7.552330493927002, "u7": 4.5636153221130371, "v1": -1.5620005130767822, "v7": -1.3449394702911377 }, "geometry": { "type": "Point", "coordinates": [ 241.875, -46.651159168999989 ] } },
{ "type": "Feature", "properties": { "id": 2426, "u1": 8.727665901184082, "u7": 5.4616398811340332, "v1": -1.1710021495819092, "v7": -1.6581790447235107 }, "geometry": { "type": "Point", "coordinates": [ 241.875, -52.363546169 ] } },
{ "type": "Feature", "properties": { "id": 2427, "u1": 6.7709975242614746, "u7": 6.0228915214538574, "v1": -0.03066813200712204, "v7": -1.258544921875 }, "geometry": { "type": "Point", "coordinates": [ 241.875, -58.075933169 ] } },
{ "type": "Feature", "properties": { "id": 2428, "u1": 3.3639962673187256, "u7": 5.2209701538085938, "v1": 0.50666505098342896, "v7": -0.67635327577590942 }, "geometry": { "type": "Point", "coordinates": [ 241.875, -63.788320168999981 ] } },
{ "type": "Feature", "properties": { "id": 2429, "u1": 0.93033295869827271, "u7": 2.2481157779693604, "v1": 0.58999991416931152, "v7": -1.2824691534042358 }, "geometry": { "type": "Point", "coordinates": [ 241.875, -69.50070716899998 ] } },
{ "type": "Feature", "properties": { "id": 2430, "u1": -4.2306680679321289, "u7": -6.6398482322692871, "v1": 0.9199981689453125, "v7": 2.3714447021484375 }, "geometry": { "type": "Point", "coordinates": [ 241.875, -75.213094168999987 ] } },
{ "type": "Feature", "properties": { "id": 2431, "u1": -0.83000236749649048, "u7": -0.77170830965042114, "v1": -3.7020008563995361, "v7": -7.4115219116210938 }, "geometry": { "type": "Point", "coordinates": [ 241.875, -80.925481168999966 ] } },
{ "type": "Feature", "properties": { "id": 2432, "u1": -5.7053346633911133, "u7": -13.037158012390137, "v1": 1.0483317375183105, "v7": 4.0399928092956543 }, "geometry": { "type": "Point", "coordinates": [ 241.875, -86.637868168999972 ] } },
{ "type": "Feature", "properties": { "id": 2434, "u1": 1.0826644897460938, "u7": 0.5596889853477478, "v1": -1.3756688833236694, "v7": 0.69506466388702393 }, "geometry": { "type": "Point", "coordinates": [ 247.5, 84.733741831 ] } },
{ "type": "Feature", "properties": { "id": 2435, "u1": 1.4196640253067017, "u7": 1.1116021871566772, "v1": -2.6953344345092773, "v7": -0.65349471569061279 }, "geometry": { "type": "Point", "coordinates": [ 247.5, 79.021354831000011 ] } },
{ "type": "Feature", "properties": { "id": 2436, "u1": 2.2349979877471924, "u7": 0.90495830774307251, "v1": -1.9296671152114868, "v7": -1.1906144618988037 }, "geometry": { "type": "Point", "coordinates": [ 247.5, 73.308967831000018 ] } },
{ "type": "Feature", "properties": { "id": 2437, "u1": 1.6449966430664062, "u7": -0.22548243403434753, "v1": -0.27700042724609375, "v7": -0.88989001512527466 }, "geometry": { "type": "Point", "coordinates": [ 247.5, 67.596580831000011 ] } },
{ "type": "Feature", "properties": { "id": 2438, "u1": 0.4386647641658783, "u7": -0.35599690675735474, "v1": 0.40333202481269836, "v7": -0.028442259877920151 }, "geometry": { "type": "Point", "coordinates": [ 247.5, 61.884193831 ] } },
{ "type": "Feature", "properties": { "id": 2439, "u1": 1.5923329591751099, "u7": 1.0388327836990356, "v1": 0.49433186650276184, "v7": 0.2877483069896698 }, "geometry": { "type": "Point", "coordinates": [ 247.5, 56.171806831 ] } },
{ "type": "Feature", "properties": { "id": 2440, "u1": 5.2613315582275391, "u7": 2.277254581451416, "v1": 0.41233113408088684, "v7": -0.06982874870300293 }, "geometry": { "type": "Point", "coordinates": [ 247.5, 50.459419831 ] } },
{ "type": "Feature", "properties": { "id": 2441, "u1": 3.2886648178100586, "u7": 0.70224910974502563, "v1": 2.7416660785675049, "v7": -0.23867382109165192 }, "geometry": { "type": "Point", "coordinates": [ 247.5, 44.747032831 ] } },
{ "type": "Feature", "properties": { "id": 2442, "u1": 0.64733225107192993, "u7": 1.3449585437774658, "v1": 0.58866477012634277, "v7": 1.4562532901763916 }, "geometry": { "type": "Point", "coordinates": [ 247.5, 39.034645831 ] } },
{ "type": "Feature", "properties": { "id": 2443, "u1": -1.804999828338623, "u7": 2.728412389755249, "v1": -0.93800097703933716, "v7": 0.072665221989154816 }, "geometry": { "type": "Point", "coordinates": [ 247.5, 33.322258831 ] } },
{ "type": "Feature", "properties": { "id": 2444, "u1": 0.87533211708068848, "u7": 4.4494142532348633, "v1": -1.7856694459915161, "v7": 0.77973741292953491 }, "geometry": { "type": "Point", "coordinates": [ 247.5, 27.609871831 ] } },
{ "type": "Feature", "properties": { "id": 2445, "u1": -0.02033386193215847, "u7": 0.43721598386764526, "v1": -5.9756669998168945, "v7": -2.81490159034729 }, "geometry": { "type": "Point", "coordinates": [ 247.5, 21.897484831 ] } },
{ "type": "Feature", "properties": { "id": 2446, "u1": -4.2840008735656738, "u7": -1.9997222423553467, "v1": -5.5343341827392578, "v7": -2.2518091201782227 }, "geometry": { "type": "Point", "coordinates": [ 247.5, 16.185097831 ] } },
{ "type": "Feature", "properties": { "id": 2447, "u1": -6.3056669235229492, "u7": 1.3525103330612183, "v1": -2.5013341903686523, "v7": 1.1035935878753662 }, "geometry": { "type": "Point", "coordinates": [ 247.5, 10.472710831 ] } },
{ "type": "Feature", "properties": { "id": 2448, "u1": -2.4110016822814941, "u7": -1.5774966478347778, "v1": 2.3486647605895996, "v7": 5.6020894050598145 }, "geometry": { "type": "Point", "coordinates": [ 247.5, 4.760323831000016 ] } },
{ "type": "Feature", "properties": { "id": 2449, "u1": -3.8803343772888184, "u7": -4.9730944633483887, "v1": 3.409332275390625, "v7": 3.6177477836608887 }, "geometry": { "type": "Point", "coordinates": [ 247.5, -0.952063169 ] } },
{ "type": "Feature", "properties": { "id": 2450, "u1": -6.3546686172485352, "u7": -7.2384366989135742, "v1": 4.0596647262573242, "v7": 3.5443074703216553 }, "geometry": { "type": "Point", "coordinates": [ 247.5, -6.664450169 ] } },
{ "type": "Feature", "properties": { "id": 2451, "u1": -7.0773358345031738, "u7": -7.9787659645080566, "v1": 2.1719980239868164, "v7": 2.730736255645752 }, "geometry": { "type": "Point", "coordinates": [ 247.5, -12.376837168999989 ] } },
{ "type": "Feature", "properties": { "id": 2452, "u1": -6.341001033782959, "u7": -6.3086462020874023, "v1": 0.59033203125, "v7": 0.4979814887046814 }, "geometry": { "type": "Point", "coordinates": [ 247.5, -18.089224168999984 ] } },
{ "type": "Feature", "properties": { "id": 2453, "u1": -5.0773324966430664, "u7": -3.2921788692474365, "v1": -0.2573343813419342, "v7": -0.61413401365280151 }, "geometry": { "type": "Point", "coordinates": [ 247.5, -23.801611169 ] } },
{ "type": "Feature", "properties": { "id": 2454, "u1": -2.2560017108917236, "u7": 0.57771819829940796, "v1": -0.67800140380859375, "v7": -1.2619365453720093 }, "geometry": { "type": "Point", "coordinates": [ 247.5, -29.513998169 ] } },
{ "type": "Feature", "properties": { "id": 2455, "u1": 0.7066650390625, "u7": 3.2548327445983887, "v1": -0.70166778564453125, "v7": -1.4733809232711792 }, "geometry": { "type": "Point", "coordinates": [ 247.5, -35.226385169 ] } },
{ "type": "Feature", "properties": { "id": 2456, "u1": 4.5699977874755859, "u7": 4.2325992584228516, "v1": -1.1046671867370605, "v7": -1.3075538873672485 }, "geometry": { "type": "Point", "coordinates": [ 247.5, -40.938772168999982 ] } },
{ "type": "Feature", "properties": { "id": 2457, "u1": 7.9549984931945801, "u7": 4.7109169960021973, "v1": -1.781334400177002, "v7": -1.2117283344268799 }, "geometry": { "type": "Point", "coordinates": [ 247.5, -46.651159168999989 ] } },
{ "type": "Feature", "properties": { "id": 2458, "u1": 9.1896638870239258, "u7": 5.6605620384216309, "v1": -1.1803334951400757, "v7": -1.523101806640625 }, "geometry": { "type": "Point", "coordinates": [ 247.5, -52.363546169 ] } },
{ "type": "Feature", "properties": { "id": 2459, "u1": 6.7299990653991699, "u7": 6.077031135559082, "v1": 0.16899973154067993, "v7": -1.3942160606384277 }, "geometry": { "type": "Point", "coordinates": [ 247.5, -58.075933169 ] } },
{ "type": "Feature", "properties": { "id": 2460, "u1": 3.0723316669464111, "u7": 5.0744309425354004, "v1": 0.80066627264022827, "v7": -0.73184192180633545 }, "geometry": { "type": "Point", "coordinates": [ 247.5, -63.788320168999981 ] } },
{ "type": "Feature", "properties": { "id": 2461, "u1": 0.80566507577896118, "u7": 2.0095641613006592, "v1": 0.77233278751373291, "v7": -1.2491509914398193 }, "geometry": { "type": "Point", "coordinates": [ 247.5, -69.50070716899998 ] } },
{ "type": "Feature", "properties": { "id": 2462, "u1": -4.6923341751098633, "u7": -6.7881245613098145, "v1": 1.6359995603561401, "v7": 2.804621696472168 }, "geometry": { "type": "Point", "coordinates": [ 247.5, -75.213094168999987 ] } },
{ "type": "Feature", "properties": { "id": 2463, "u1": -0.30766651034355164, "u7": -0.30759242177009583, "v1": -2.9140019416809082, "v7": -6.1592888832092285 }, "geometry": { "type": "Point", "coordinates": [ 247.5, -80.925481168999966 ] } },
{ "type": "Feature", "properties": { "id": 2464, "u1": -5.3139996528625488, "u7": -12.277043342590332, "v1": 0.84233146905899048, "v7": 3.4753832817077637 }, "geometry": { "type": "Point", "coordinates": [ 247.5, -86.637868168999972 ] } },
{ "type": "Feature", "properties": { "id": 2466, "u1": 0.91466575860977173, "u7": 0.59837651252746582, "v1": -1.3026677370071411, "v7": 0.64952933788299561 }, "geometry": { "type": "Point", "coordinates": [ 253.125, 84.733741831 ] } },
{ "type": "Feature", "properties": { "id": 2467, "u1": 0.71999967098236084, "u7": 0.74704718589782715, "v1": -2.7960007190704346, "v7": -0.64986830949783325 }, "geometry": { "type": "Point", "coordinates": [ 253.125, 79.021354831000011 ] } },
{ "type": "Feature", "properties": { "id": 2468, "u1": 2.3589985370635986, "u7": 0.94931060075759888, "v1": -2.4943349361419678, "v7": -1.4047608375549316 }, "geometry": { "type": "Point", "coordinates": [ 253.125, 73.308967831000018 ] } },
{ "type": "Feature", "properties": { "id": 2469, "u1": 2.6639983654022217, "u7": -0.20093615353107452, "v1": -0.94666796922683716, "v7": -0.95831590890884399 }, "geometry": { "type": "Point", "coordinates": [ 253.125, 67.596580831000011 ] } },
{ "type": "Feature", "properties": { "id": 2470, "u1": 1.3376662731170654, "u7": -0.28599575161933899, "v1": 0.049664814025163651, "v7": 0.054239723831415176 }, "geometry": { "type": "Point", "coordinates": [ 253.125, 61.884193831 ] } },
{ "type": "Feature", "properties": { "id": 2471, "u1": 1.1646667718887329, "u7": 0.57175904512405396, "v1": 0.22033284604549408, "v7": 0.13768205046653748 }, "geometry": { "type": "Point", "coordinates": [ 253.125, 56.171806831 ] } },
{ "type": "Feature", "properties": { "id": 2472, "u1": 3.1276640892028809, "u7": 0.59981638193130493, "v1": -0.1266682893037796, "v7": 0.34054994583129883 }, "geometry": { "type": "Point", "coordinates": [ 253.125, 50.459419831 ] } },
{ "type": "Feature", "properties": { "id": 2473, "u1": 6.0309996604919434, "u7": 0.12591336667537689, "v1": 0.88133186101913452, "v7": 0.080216996371746063 }, "geometry": { "type": "Point", "coordinates": [ 253.125, 44.747032831 ] } },
{ "type": "Feature", "properties": { "id": 2474, "u1": 3.9576666355133057, "u7": 0.86006176471710205, "v1": 0.35866495966911316, "v7": 0.39594238996505737 }, "geometry": { "type": "Point", "coordinates": [ 253.125, 39.034645831 ] } },
{ "type": "Feature", "properties": { "id": 2475, "u1": 1.4336659908294678, "u7": 0.011028268374502659, "v1": 0.047332253307104111, "v7": 0.97662276029586792 }, "geometry": { "type": "Point", "coordinates": [ 253.125, 33.322258831 ] } },
{ "type": "Feature", "properties": { "id": 2476, "u1": -0.52033436298370361, "u7": 1.2466676235198975, "v1": 0.64599967002868652, "v7": 0.21717479825019836 }, "geometry": { "type": "Point", "coordinates": [ 253.125, 27.609871831 ] } },
{ "type": "Feature", "properties": { "id": 2477, "u1": -0.63333386182785034, "u7": 2.6559498310089111, "v1": -1.9920008182525635, "v7": -1.2802437543869019 }, "geometry": { "type": "Point", "coordinates": [ 253.125, 21.897484831 ] } },
{ "type": "Feature", "properties": { "id": 2478, "u1": -1.1573344469070435, "u7": -1.0789511203765869, "v1": -3.7486679553985596, "v7": -1.0494638681411743 }, "geometry": { "type": "Point", "coordinates": [ 253.125, 16.185097831 ] } },
{ "type": "Feature", "properties": { "id": 2479, "u1": -6.0296683311462402, "u7": 1.1869807243347168, "v1": -1.8176681995391846, "v7": 1.405661940574646 }, "geometry": { "type": "Point", "coordinates": [ 253.125, 10.472710831 ] } },
{ "type": "Feature", "properties": { "id": 2480, "u1": -2.0240015983581543, "u7": -1.0544641017913818, "v1": 2.0903315544128418, "v7": 6.2345929145812988 }, "geometry": { "type": "Point", "coordinates": [ 253.125, 4.760323831000016 ] } },
{ "type": "Feature", "properties": { "id": 2481, "u1": -3.5280008316040039, "u7": -4.504673957824707, "v1": 4.0089969635009766, "v7": 4.4654326438903809 }, "geometry": { "type": "Point", "coordinates": [ 253.125, -0.952063169 ] } },
{ "type": "Feature", "properties": { "id": 2482, "u1": -5.7956676483154297, "u7": -7.1177592277526855, "v1": 5.0493316650390625, "v7": 4.271914005279541 }, "geometry": { "type": "Point", "coordinates": [ 253.125, -6.664450169 ] } },
{ "type": "Feature", "properties": { "id": 2483, "u1": -6.9183344841003418, "u7": -8.1083345413208008, "v1": 2.8109984397888184, "v7": 3.1481204032897949 }, "geometry": { "type": "Point", "coordinates": [ 253.125, -12.376837168999989 ] } },
{ "type": "Feature", "properties": { "id": 2484, "u1": -6.3090009689331055, "u7": -6.5628342628479004, "v1": 1.0446649789810181, "v7": 0.88036847114562988 }, "geometry": { "type": "Point", "coordinates": [ 253.125, -18.089224168999984 ] } },
{ "type": "Feature", "properties": { "id": 2485, "u1": -5.0660028457641602, "u7": -3.2573599815368652, "v1": 0.4623311460018158, "v7": -0.40592601895332336 }, "geometry": { "type": "Point", "coordinates": [ 253.125, -23.801611169 ] } },
{ "type": "Feature", "properties": { "id": 2486, "u1": -2.1913349628448486, "u7": 0.62220686674118042, "v1": -0.19266662001609802, "v7": -1.2297643423080444 }, "geometry": { "type": "Point", "coordinates": [ 253.125, -29.513998169 ] } },
{ "type": "Feature", "properties": { "id": 2487, "u1": 1.0029988288879395, "u7": 3.2155299186706543, "v1": -0.51366728544235229, "v7": -1.750267505645752 }, "geometry": { "type": "Point", "coordinates": [ 253.125, -35.226385169 ] } },
{ "type": "Feature", "properties": { "id": 2488, "u1": 4.8513321876525879, "u7": 4.2559676170349121, "v1": -1.263335108757019, "v7": -1.7953394651412964 }, "geometry": { "type": "Point", "coordinates": [ 253.125, -40.938772168999982 ] } },
{ "type": "Feature", "properties": { "id": 2489, "u1": 8.3169984817504883, "u7": 4.7017664909362793, "v1": -2.0180003643035889, "v7": -1.4678747653961182 }, "geometry": { "type": "Point", "coordinates": [ 253.125, -46.651159168999989 ] } },
{ "type": "Feature", "properties": { "id": 2490, "u1": 9.4379987716674805, "u7": 5.4985246658325195, "v1": -1.5543340444564819, "v7": -1.5578988790512085 }, "geometry": { "type": "Point", "coordinates": [ 253.125, -52.363546169 ] } },
{ "type": "Feature", "properties": { "id": 2491, "u1": 6.5366635322570801, "u7": 6.0191249847412109, "v1": 0.1213328018784523, "v7": -1.5026007890701294 }, "geometry": { "type": "Point", "coordinates": [ 253.125, -58.075933169 ] } },
{ "type": "Feature", "properties": { "id": 2492, "u1": 2.7679972648620605, "u7": 4.8736433982849121, "v1": 0.8143310546875, "v7": -1.0490512847900391 }, "geometry": { "type": "Point", "coordinates": [ 253.125, -63.788320168999981 ] } },
{ "type": "Feature", "properties": { "id": 2493, "u1": 0.49566549062728882, "u7": 1.6583476066589355, "v1": 0.81666463613510132, "v7": -1.3954621553421021 }, "geometry": { "type": "Point", "coordinates": [ 253.125, -69.50070716899998 ] } },
{ "type": "Feature", "properties": { "id": 2494, "u1": -5.0653347969055176, "u7": -7.0369782447814941, "v1": 1.7163330316543579, "v7": 2.2382850646972656 }, "geometry": { "type": "Point", "coordinates": [ 253.125, -75.213094168999987 ] } },
{ "type": "Feature", "properties": { "id": 2495, "u1": 0.1879984587430954, "u7": 0.20999574661254883, "v1": -1.7876678705215454, "v7": -4.3211655616760254 }, "geometry": { "type": "Point", "coordinates": [ 253.125, -80.925481168999966 ] } },
{ "type": "Feature", "properties": { "id": 2496, "u1": -4.9220027923583984, "u7": -11.449216842651367, "v1": 0.78766375780105591, "v7": 3.1927387714385986 }, "geometry": { "type": "Point", "coordinates": [ 253.125, -86.637868168999972 ] } },
{ "type": "Feature", "properties": { "id": 2498, "u1": 0.81433409452438354, "u7": 0.61854648590087891, "v1": -1.2230011224746704, "v7": 0.59758269786834717 }, "geometry": { "type": "Point", "coordinates": [ 258.75, 84.733741831 ] } },
{ "type": "Feature", "properties": { "id": 2499, "u1": -0.06733500212430954, "u7": 0.39076530933380127, "v1": -2.6966674327850342, "v7": -0.46428641676902771 }, "geometry": { "type": "Point", "coordinates": [ 258.75, 79.021354831000011 ] } },
{ "type": "Feature", "properties": { "id": 2500, "u1": 2.1266653537750244, "u7": 1.0945572853088379, "v1": -2.7163350582122803, "v7": -1.4116146564483643 }, "geometry": { "type": "Point", "coordinates": [ 258.75, 73.308967831000018 ] } },
{ "type": "Feature", "properties": { "id": 2501, "u1": 3.126331090927124, "u7": 0.23610283434391022, "v1": -1.5050017833709717, "v7": -1.3439894914627075 }, "geometry": { "type": "Point", "coordinates": [ 258.75, 67.596580831000011 ] } },
{ "type": "Feature", "properties": { "id": 2502, "u1": 2.624664306640625, "u7": -0.069727882742881775, "v1": -0.87100166082382202, "v7": -0.22969165444374084 }, "geometry": { "type": "Point", "coordinates": [ 258.75, 61.884193831 ] } },
{ "type": "Feature", "properties": { "id": 2503, "u1": 1.8013300895690918, "u7": 0.4355451762676239, "v1": -0.40166777372360229, "v7": -0.07052304595708847 }, "geometry": { "type": "Point", "coordinates": [ 258.75, 56.171806831 ] } },
{ "type": "Feature", "properties": { "id": 2504, "u1": 2.0683319568634033, "u7": 0.71928256750106812, "v1": -0.11800079047679901, "v7": 0.45902994275093079 }, "geometry": { "type": "Point", "coordinates": [ 258.75, 50.459419831 ] } },
{ "type": "Feature", "properties": { "id": 2505, "u1": 3.6303315162658691, "u7": -1.3261300325393677, "v1": -0.85866904258728027, "v7": 0.84635657072067261 }, "geometry": { "type": "Point", "coordinates": [ 258.75, 44.747032831 ] } },
{ "type": "Feature", "properties": { "id": 2506, "u1": 3.1346654891967773, "u7": -1.6812518835067749, "v1": -1.573333740234375, "v7": 2.4057354927062988 }, "geometry": { "type": "Point", "coordinates": [ 258.75, 39.034645831 ] } },
{ "type": "Feature", "properties": { "id": 2507, "u1": 1.4903320074081421, "u7": -1.4076112508773804, "v1": 0.1686655730009079, "v7": 4.508336067199707 }, "geometry": { "type": "Point", "coordinates": [ 258.75, 33.322258831 ] } },
{ "type": "Feature", "properties": { "id": 2508, "u1": -0.28033548593521118, "u7": -4.3043408393859863, "v1": 0.18399912118911743, "v7": 2.5144188404083252 }, "geometry": { "type": "Point", "coordinates": [ 258.75, 27.609871831 ] } },
{ "type": "Feature", "properties": { "id": 2509, "u1": -1.5263346433639526, "u7": -2.1151115894317627, "v1": 0.66199952363967896, "v7": 0.64167827367782593 }, "geometry": { "type": "Point", "coordinates": [ 258.75, 21.897484831 ] } },
{ "type": "Feature", "properties": { "id": 2510, "u1": -1.6150014400482178, "u7": 0.060982037335634232, "v1": -0.84533536434173584, "v7": -0.010637744329869747 }, "geometry": { "type": "Point", "coordinates": [ 258.75, 16.185097831 ] } },
{ "type": "Feature", "properties": { "id": 2511, "u1": -6.4060015678405762, "u7": 0.1843981146812439, "v1": -2.6196684837341309, "v7": 0.95974326133728027 }, "geometry": { "type": "Point", "coordinates": [ 258.75, 10.472710831 ] } },
{ "type": "Feature", "properties": { "id": 2512, "u1": -1.7843353748321533, "u7": 0.0051916581578552723, "v1": 1.3720000982284546, "v7": 6.7272553443908691 }, "geometry": { "type": "Point", "coordinates": [ 258.75, 4.760323831000016 ] } },
{ "type": "Feature", "properties": { "id": 2513, "u1": -2.7163345813751221, "u7": -3.8473014831542969, "v1": 3.8470010757446289, "v7": 4.4654617309570312 }, "geometry": { "type": "Point", "coordinates": [ 258.75, -0.952063169 ] } },
{ "type": "Feature", "properties": { "id": 2514, "u1": -5.128666877746582, "u7": -6.8958406448364258, "v1": 5.650665283203125, "v7": 4.818629264831543 }, "geometry": { "type": "Point", "coordinates": [ 258.75, -6.664450169 ] } },
{ "type": "Feature", "properties": { "id": 2515, "u1": -6.5636672973632812, "u7": -8.1433143615722656, "v1": 3.6849989891052246, "v7": 3.7541730403900146 }, "geometry": { "type": "Point", "coordinates": [ 258.75, -12.376837168999989 ] } },
{ "type": "Feature", "properties": { "id": 2516, "u1": -6.1123342514038086, "u7": -6.7387056350708008, "v1": 1.8273330926895142, "v7": 1.6049717664718628 }, "geometry": { "type": "Point", "coordinates": [ 258.75, -18.089224168999984 ] } },
{ "type": "Feature", "properties": { "id": 2517, "u1": -5.1470022201538086, "u7": -3.5541620254516602, "v1": 1.2796661853790283, "v7": 0.1458314061164856 }, "geometry": { "type": "Point", "coordinates": [ 258.75, -23.801611169 ] } },
{ "type": "Feature", "properties": { "id": 2518, "u1": -2.4876668453216553, "u7": 0.38623684644699097, "v1": 0.4323323667049408, "v7": -0.99466127157211304 }, "geometry": { "type": "Point", "coordinates": [ 258.75, -29.513998169 ] } },
{ "type": "Feature", "properties": { "id": 2519, "u1": 1.1526652574539185, "u7": 3.1975469589233398, "v1": -0.39366862177848816, "v7": -1.5532289743423462 }, "geometry": { "type": "Point", "coordinates": [ 258.75, -35.226385169 ] } },
{ "type": "Feature", "properties": { "id": 2520, "u1": 5.2599973678588867, "u7": 4.6089839935302734, "v1": -1.1766678094863892, "v7": -1.8511465787887573 }, "geometry": { "type": "Point", "coordinates": [ 258.75, -40.938772168999982 ] } },
{ "type": "Feature", "properties": { "id": 2521, "u1": 8.4363317489624023, "u7": 4.6758317947387695, "v1": -2.1640009880065918, "v7": -1.7390505075454712 }, "geometry": { "type": "Point", "coordinates": [ 258.75, -46.651159168999989 ] } },
{ "type": "Feature", "properties": { "id": 2522, "u1": 9.4543304443359375, "u7": 5.4126677513122559, "v1": -1.9326674938201904, "v7": -1.6173893213272095 }, "geometry": { "type": "Point", "coordinates": [ 258.75, -52.363546169 ] } },
{ "type": "Feature", "properties": { "id": 2523, "u1": 6.4149980545043945, "u7": 6.0050745010375977, "v1": -0.15500029921531677, "v7": -1.535645604133606 }, "geometry": { "type": "Point", "coordinates": [ 258.75, -58.075933169 ] } },
{ "type": "Feature", "properties": { "id": 2524, "u1": 2.7423324584960938, "u7": 4.649113655090332, "v1": 0.95766502618789673, "v7": -1.175279974937439 }, "geometry": { "type": "Point", "coordinates": [ 258.75, -63.788320168999981 ] } },
{ "type": "Feature", "properties": { "id": 2525, "u1": -0.052667237818241119, "u7": 1.0657298564910889, "v1": 0.84966480731964111, "v7": -1.4903775453567505 }, "geometry": { "type": "Point", "coordinates": [ 258.75, -69.50070716899998 ] } },
{ "type": "Feature", "properties": { "id": 2526, "u1": -5.2670016288757324, "u7": -6.9102644920349121, "v1": 1.46099853515625, "v7": 1.5042026042938232 }, "geometry": { "type": "Point", "coordinates": [ 258.75, -75.213094168999987 ] } },
{ "type": "Feature", "properties": { "id": 2527, "u1": 0.61599832773208618, "u7": 0.77756297588348389, "v1": -0.47166901826858521, "v7": -2.0149815082550049 }, "geometry": { "type": "Point", "coordinates": [ 258.75, -80.925481168999966 ] } },
{ "type": "Feature", "properties": { "id": 2528, "u1": -4.5796675682067871, "u7": -10.641947746276855, "v1": 0.86666566133499146, "v7": 3.1813874244689941 }, "geometry": { "type": "Point", "coordinates": [ 258.75, -86.637868168999972 ] } },
{ "type": "Feature", "properties": { "id": 2530, "u1": 0.77533215284347534, "u7": 0.62431997060775757, "v1": -1.1476680040359497, "v7": 0.55763751268386841 }, "geometry": { "type": "Point", "coordinates": [ 264.375, 84.733741831 ] } },
{ "type": "Feature", "properties": { "id": 2531, "u1": -0.69266813993453979, "u7": 0.0863037109375, "v1": -2.4906678199768066, "v7": -0.18607302010059357 }, "geometry": { "type": "Point", "coordinates": [ 264.375, 79.021354831000011 ] } },
{ "type": "Feature", "properties": { "id": 2532, "u1": 1.6476653814315796, "u7": 0.97182351350784302, "v1": -2.1673333644866943, "v7": -1.3281967639923096 }, "geometry": { "type": "Point", "coordinates": [ 264.375, 73.308967831000018 ] } },
{ "type": "Feature", "properties": { "id": 2533, "u1": 3.1326653957366943, "u7": 0.90299183130264282, "v1": -1.8270003795623779, "v7": -1.6462843418121338 }, "geometry": { "type": "Point", "coordinates": [ 264.375, 67.596580831000011 ] } },
{ "type": "Feature", "properties": { "id": 2534, "u1": 3.0139973163604736, "u7": -0.0489475317299366, "v1": -2.4030008316040039, "v7": -0.17785009741783142 }, "geometry": { "type": "Point", "coordinates": [ 264.375, 61.884193831 ] } },
{ "type": "Feature", "properties": { "id": 2535, "u1": 2.0526652336120605, "u7": -0.091455265879631042, "v1": -0.35833385586738586, "v7": -0.29428771138191223 }, "geometry": { "type": "Point", "coordinates": [ 264.375, 56.171806831 ] } },
{ "type": "Feature", "properties": { "id": 2536, "u1": 1.6623321771621704, "u7": 0.97968506813049316, "v1": 0.045332334935665131, "v7": 0.45688292384147644 }, "geometry": { "type": "Point", "coordinates": [ 264.375, 50.459419831 ] } },
{ "type": "Feature", "properties": { "id": 2537, "u1": 2.2263314723968506, "u7": 0.22453968226909637, "v1": -0.74033510684967041, "v7": 0.84494972229003906 }, "geometry": { "type": "Point", "coordinates": [ 264.375, 44.747032831 ] } },
{ "type": "Feature", "properties": { "id": 2538, "u1": 1.1303324699401855, "u7": -1.1235233545303345, "v1": -0.31733450293540955, "v7": 2.1326186656951904 }, "geometry": { "type": "Point", "coordinates": [ 264.375, 39.034645831 ] } },
{ "type": "Feature", "properties": { "id": 2539, "u1": 0.10366567224264145, "u7": -0.3619447648525238, "v1": 0.31799876689910889, "v7": 2.4987921714782715 }, "geometry": { "type": "Point", "coordinates": [ 264.375, 33.322258831 ] } },
{ "type": "Feature", "properties": { "id": 2540, "u1": -1.2783340215682983, "u7": -2.1453754901885986, "v1": -2.0193343162536621, "v7": 3.814626932144165 }, "geometry": { "type": "Point", "coordinates": [ 264.375, 27.609871831 ] } },
{ "type": "Feature", "properties": { "id": 2541, "u1": -3.6160023212432861, "u7": -5.8625292778015137, "v1": -1.7756683826446533, "v7": 1.3409355878829956 }, "geometry": { "type": "Point", "coordinates": [ 264.375, 21.897484831 ] } },
{ "type": "Feature", "properties": { "id": 2542, "u1": -1.5026687383651733, "u7": -0.78916651010513306, "v1": -2.1173346042633057, "v7": -1.0171048641204834 }, "geometry": { "type": "Point", "coordinates": [ 264.375, 16.185097831 ] } },
{ "type": "Feature", "properties": { "id": 2543, "u1": -5.9373345375061035, "u7": -1.0134826898574829, "v1": -3.6723349094390869, "v7": 0.73058503866195679 }, "geometry": { "type": "Point", "coordinates": [ 264.375, 10.472710831 ] } },
{ "type": "Feature", "properties": { "id": 2544, "u1": -1.0330002307891846, "u7": 0.73392093181610107, "v1": 1.0706654787063599, "v7": 6.9923849105834961 }, "geometry": { "type": "Point", "coordinates": [ 264.375, 4.760323831000016 ] } },
{ "type": "Feature", "properties": { "id": 2545, "u1": -2.2853353023529053, "u7": -3.4827964305877686, "v1": 3.6726653575897217, "v7": 4.8603224754333496 }, "geometry": { "type": "Point", "coordinates": [ 264.375, -0.952063169 ] } },
{ "type": "Feature", "properties": { "id": 2546, "u1": -4.5529994964599609, "u7": -6.5666904449462891, "v1": 5.6273322105407715, "v7": 5.4848661422729492 }, "geometry": { "type": "Point", "coordinates": [ 264.375, -6.664450169 ] } },
{ "type": "Feature", "properties": { "id": 2547, "u1": -5.9273347854614258, "u7": -7.9869632720947266, "v1": 4.3999981880187988, "v7": 4.4491415023803711 }, "geometry": { "type": "Point", "coordinates": [ 264.375, -12.376837168999989 ] } },
{ "type": "Feature", "properties": { "id": 2548, "u1": -5.7213344573974609, "u7": -6.6097092628479004, "v1": 2.6716659069061279, "v7": 2.4254858493804932 }, "geometry": { "type": "Point", "coordinates": [ 264.375, -18.089224168999984 ] } },
{ "type": "Feature", "properties": { "id": 2549, "u1": -4.9033346176147461, "u7": -3.5131704807281494, "v1": 2.0503332614898682, "v7": 0.9310753345489502 }, "geometry": { "type": "Point", "coordinates": [ 264.375, -23.801611169 ] } },
{ "type": "Feature", "properties": { "id": 2550, "u1": -2.5570027828216553, "u7": 0.24459651112556458, "v1": 1.4053329229354858, "v7": -0.20645962655544281 }, "geometry": { "type": "Point", "coordinates": [ 264.375, -29.513998169 ] } },
{ "type": "Feature", "properties": { "id": 2551, "u1": 1.1726659536361694, "u7": 3.3298478126525879, "v1": 0.36533203721046448, "v7": -0.95217061042785645 }, "geometry": { "type": "Point", "coordinates": [ 264.375, -35.226385169 ] } },
{ "type": "Feature", "properties": { "id": 2552, "u1": 5.3586649894714355, "u7": 4.7753262519836426, "v1": -1.0816670656204224, "v7": -1.3783258199691772 }, "geometry": { "type": "Point", "coordinates": [ 264.375, -40.938772168999982 ] } },
{ "type": "Feature", "properties": { "id": 2553, "u1": 8.7479991912841797, "u7": 4.9460916519165039, "v1": -2.3396673202514648, "v7": -1.5633343458175659 }, "geometry": { "type": "Point", "coordinates": [ 264.375, -46.651159168999989 ] } },
{ "type": "Feature", "properties": { "id": 2554, "u1": 9.4489965438842773, "u7": 5.5135674476623535, "v1": -2.2566676139831543, "v7": -1.6212201118469238 }, "geometry": { "type": "Point", "coordinates": [ 264.375, -52.363546169 ] } },
{ "type": "Feature", "properties": { "id": 2555, "u1": 6.4843311309814453, "u7": 5.8894448280334473, "v1": -0.67966866493225098, "v7": -1.4212034940719604 }, "geometry": { "type": "Point", "coordinates": [ 264.375, -58.075933169 ] } },
{ "type": "Feature", "properties": { "id": 2556, "u1": 2.6503310203552246, "u7": 4.4888291358947754, "v1": 0.85866445302963257, "v7": -0.98142868280410767 }, "geometry": { "type": "Point", "coordinates": [ 264.375, -63.788320168999981 ] } },
{ "type": "Feature", "properties": { "id": 2557, "u1": -0.73133343458175659, "u7": 0.62959712743759155, "v1": 0.86833244562149048, "v7": -1.2240040302276611 }, "geometry": { "type": "Point", "coordinates": [ 264.375, -69.50070716899998 ] } },
{ "type": "Feature", "properties": { "id": 2558, "u1": -5.1486697196960449, "u7": -6.0658717155456543, "v1": 1.4346649646759033, "v7": 1.4954013824462891 }, "geometry": { "type": "Point", "coordinates": [ 264.375, -75.213094168999987 ] } },
{ "type": "Feature", "properties": { "id": 2559, "u1": 0.93733161687850952, "u7": 1.3253186941146851, "v1": 0.90533447265625, "v7": 0.60883063077926636 }, "geometry": { "type": "Point", "coordinates": [ 264.375, -80.925481168999966 ] } },
{ "type": "Feature", "properties": { "id": 2560, "u1": -4.3286685943603516, "u7": -9.9504432678222656, "v1": 1.0513325929641724, "v7": 3.3948080539703369 }, "geometry": { "type": "Point", "coordinates": [ 264.375, -86.637868168999972 ] } },
{ "type": "Feature", "properties": { "id": 2562, "u1": 0.77899777889251709, "u7": 0.62420773506164551, "v1": -1.0960017442703247, "v7": 0.54466497898101807 }, "geometry": { "type": "Point", "coordinates": [ 270.0, 84.733741831 ] } },
{ "type": "Feature", "properties": { "id": 2563, "u1": -1.1190012693405151, "u7": -0.14017005264759064, "v1": -2.41400146484375, "v7": 0.11512033641338348 }, "geometry": { "type": "Point", "coordinates": [ 270.0, 79.021354831000011 ] } },
{ "type": "Feature", "properties": { "id": 2564, "u1": 1.6099975109100342, "u7": 0.42802789807319641, "v1": -1.7113347053527832, "v7": -1.0374536514282227 }, "geometry": { "type": "Point", "coordinates": [ 270.0, 73.308967831000018 ] } },
{ "type": "Feature", "properties": { "id": 2565, "u1": 2.8636641502380371, "u7": 0.88035029172897339, "v1": -2.4740021228790283, "v7": -1.3742402791976929 }, "geometry": { "type": "Point", "coordinates": [ 270.0, 67.596580831000011 ] } },
{ "type": "Feature", "properties": { "id": 2566, "u1": 2.9766643047332764, "u7": 0.63833713531494141, "v1": -3.5073344707489014, "v7": -0.39755308628082275 }, "geometry": { "type": "Point", "coordinates": [ 270.0, 61.884193831 ] } },
{ "type": "Feature", "properties": { "id": 2567, "u1": 3.0253326892852783, "u7": -0.10851194709539413, "v1": -0.53533327579498291, "v7": -0.6022149920463562 }, "geometry": { "type": "Point", "coordinates": [ 270.0, 56.171806831 ] } },
{ "type": "Feature", "properties": { "id": 2568, "u1": 1.9869979619979858, "u7": 1.2296260595321655, "v1": -0.71133369207382202, "v7": 0.40808439254760742 }, "geometry": { "type": "Point", "coordinates": [ 270.0, 50.459419831 ] } },
{ "type": "Feature", "properties": { "id": 2569, "u1": 3.3386657238006592, "u7": 1.1756691932678223, "v1": -0.5453338623046875, "v7": 0.71163362264633179 }, "geometry": { "type": "Point", "coordinates": [ 270.0, 44.747032831 ] } },
{ "type": "Feature", "properties": { "id": 2570, "u1": 1.8183319568634033, "u7": 0.33655244112014771, "v1": 0.091665647923946381, "v7": 0.93415170907974243 }, "geometry": { "type": "Point", "coordinates": [ 270.0, 39.034645831 ] } },
{ "type": "Feature", "properties": { "id": 2571, "u1": 0.52333170175552368, "u7": 0.36039340496063232, "v1": 0.12733204662799835, "v7": 0.94030511379241943 }, "geometry": { "type": "Point", "coordinates": [ 270.0, 33.322258831 ] } },
{ "type": "Feature", "properties": { "id": 2572, "u1": -1.9246689081192017, "u7": 0.21569424867630005, "v1": -2.2730016708374023, "v7": 0.96189218759536743 }, "geometry": { "type": "Point", "coordinates": [ 270.0, 27.609871831 ] } },
{ "type": "Feature", "properties": { "id": 2573, "u1": -3.6873326301574707, "u7": -4.7375626564025879, "v1": -1.6590021848678589, "v7": 0.021118076518177986 }, "geometry": { "type": "Point", "coordinates": [ 270.0, 21.897484831 ] } },
{ "type": "Feature", "properties": { "id": 2574, "u1": -2.1506667137145996, "u7": -2.8988516330718994, "v1": -2.3916680812835693, "v7": -1.3430311679840088 }, "geometry": { "type": "Point", "coordinates": [ 270.0, 16.185097831 ] } },
{ "type": "Feature", "properties": { "id": 2575, "u1": -6.0950002670288086, "u7": -2.6961815357208252, "v1": -3.1460015773773193, "v7": 1.2093615531921387 }, "geometry": { "type": "Point", "coordinates": [ 270.0, 10.472710831 ] } },
{ "type": "Feature", "properties": { "id": 2576, "u1": -0.008335367776453495, "u7": 1.4875781536102295, "v1": 1.1816655397415161, "v7": 6.7828426361083984 }, "geometry": { "type": "Point", "coordinates": [ 270.0, 4.760323831000016 ] } },
{ "type": "Feature", "properties": { "id": 2577, "u1": -2.139000415802002, "u7": -2.0874614715576172, "v1": 4.0763306617736816, "v7": 5.8538012504577637 }, "geometry": { "type": "Point", "coordinates": [ 270.0, -0.952063169 ] } },
{ "type": "Feature", "properties": { "id": 2578, "u1": -3.5540022850036621, "u7": -5.4574642181396484, "v1": 5.8473315238952637, "v7": 6.8592824935913086 }, "geometry": { "type": "Point", "coordinates": [ 270.0, -6.664450169 ] } },
{ "type": "Feature", "properties": { "id": 2579, "u1": -4.7196688652038574, "u7": -7.2550048828125, "v1": 4.909998893737793, "v7": 5.6033635139465332 }, "geometry": { "type": "Point", "coordinates": [ 270.0, -12.376837168999989 ] } },
{ "type": "Feature", "properties": { "id": 2580, "u1": -5.3360013961791992, "u7": -6.5221939086914062, "v1": 3.5976643562316895, "v7": 3.4580738544464111 }, "geometry": { "type": "Point", "coordinates": [ 270.0, -18.089224168999984 ] } },
{ "type": "Feature", "properties": { "id": 2581, "u1": -4.4466691017150879, "u7": -3.5940158367156982, "v1": 2.807330846786499, "v7": 1.7209614515304565 }, "geometry": { "type": "Point", "coordinates": [ 270.0, -23.801611169 ] } },
{ "type": "Feature", "properties": { "id": 2582, "u1": -2.8103346824645996, "u7": 0.36684754490852356, "v1": 2.3639988899230957, "v7": 0.60120189189910889 }, "geometry": { "type": "Point", "coordinates": [ 270.0, -29.513998169 ] } },
{ "type": "Feature", "properties": { "id": 2583, "u1": 1.0743316411972046, "u7": 3.6286401748657227, "v1": 1.0826660394668579, "v7": -0.2897057831287384 }, "geometry": { "type": "Point", "coordinates": [ 270.0, -35.226385169 ] } },
{ "type": "Feature", "properties": { "id": 2584, "u1": 5.3256649971008301, "u7": 4.9269967079162598, "v1": -0.76066845655441284, "v7": -0.90599900484085083 }, "geometry": { "type": "Point", "coordinates": [ 270.0, -40.938772168999982 ] } },
{ "type": "Feature", "properties": { "id": 2585, "u1": 8.7686662673950195, "u7": 4.9090185165405273, "v1": -2.4273340702056885, "v7": -1.2491708993911743 }, "geometry": { "type": "Point", "coordinates": [ 270.0, -46.651159168999989 ] } },
{ "type": "Feature", "properties": { "id": 2586, "u1": 9.4776649475097656, "u7": 5.5769758224487305, "v1": -2.4630014896392822, "v7": -1.4887878894805908 }, "geometry": { "type": "Point", "coordinates": [ 270.0, -52.363546169 ] } },
{ "type": "Feature", "properties": { "id": 2587, "u1": 6.6276669502258301, "u7": 5.9507222175598145, "v1": -0.96400195360183716, "v7": -1.1179080009460449 }, "geometry": { "type": "Point", "coordinates": [ 270.0, -58.075933169 ] } },
{ "type": "Feature", "properties": { "id": 2588, "u1": 2.5379974842071533, "u7": 4.2036128044128418, "v1": 0.53566539287567139, "v7": -0.65143150091171265 }, "geometry": { "type": "Point", "coordinates": [ 270.0, -63.788320168999981 ] } },
{ "type": "Feature", "properties": { "id": 2589, "u1": -1.2953354120254517, "u7": 0.66339969635009766, "v1": 0.74066567420959473, "v7": -0.74522870779037476 }, "geometry": { "type": "Point", "coordinates": [ 270.0, -69.50070716899998 ] } },
{ "type": "Feature", "properties": { "id": 2590, "u1": -4.7163357734680176, "u7": -4.7553853988647461, "v1": 1.8553309440612793, "v7": 2.2632856369018555 }, "geometry": { "type": "Point", "coordinates": [ 270.0, -75.213094168999987 ] } },
{ "type": "Feature", "properties": { "id": 2591, "u1": 1.1073328256607056, "u7": 1.6832760572433472, "v1": 2.218665599822998, "v7": 3.2999796867370605 }, "geometry": { "type": "Point", "coordinates": [ 270.0, -80.925481168999966 ] } },
{ "type": "Feature", "properties": { "id": 2592, "u1": -4.1996679306030273, "u7": -9.4476432800292969, "v1": 1.292664647102356, "v7": 3.7546753883361816 }, "geometry": { "type": "Point", "coordinates": [ 270.0, -86.637868168999972 ] } },
{ "type": "Feature", "properties": { "id": 2594, "u1": 0.80466562509536743, "u7": 0.63817393779754639, "v1": -1.0506672859191895, "v7": 0.56608349084854126 }, "geometry": { "type": "Point", "coordinates": [ 275.625, 84.733741831 ] } },
{ "type": "Feature", "properties": { "id": 2595, "u1": -1.6066681146621704, "u7": -0.44181844592094421, "v1": -2.5576670169830322, "v7": 0.45345041155815125 }, "geometry": { "type": "Point", "coordinates": [ 275.625, 79.021354831000011 ] } },
{ "type": "Feature", "properties": { "id": 2596, "u1": 1.8619990348815918, "u7": -0.22560720145702362, "v1": -1.6483331918716431, "v7": -0.54573178291320801 }, "geometry": { "type": "Point", "coordinates": [ 275.625, 73.308967831000018 ] } },
{ "type": "Feature", "properties": { "id": 2597, "u1": 1.614666223526001, "u7": 0.24985736608505249, "v1": -2.8193337917327881, "v7": -0.52831828594207764 }, "geometry": { "type": "Point", "coordinates": [ 275.625, 67.596580831000011 ] } },
{ "type": "Feature", "properties": { "id": 2598, "u1": 2.1076650619506836, "u7": 0.76307147741317749, "v1": -1.97833251953125, "v7": -0.92400377988815308 }, "geometry": { "type": "Point", "coordinates": [ 275.625, 61.884193831 ] } },
{ "type": "Feature", "properties": { "id": 2599, "u1": 4.3743314743041992, "u7": 0.173082634806633, "v1": -0.75766807794570923, "v7": -1.0741380453109741 }, "geometry": { "type": "Point", "coordinates": [ 275.625, 56.171806831 ] } },
{ "type": "Feature", "properties": { "id": 2600, "u1": 1.2229995727539062, "u7": 1.351189136505127, "v1": -0.59600120782852173, "v7": 0.55479258298873901 }, "geometry": { "type": "Point", "coordinates": [ 275.625, 50.459419831 ] } },
{ "type": "Feature", "properties": { "id": 2601, "u1": 2.3496654033660889, "u7": 1.6541060209274292, "v1": 0.68099772930145264, "v7": 0.35723495483398438 }, "geometry": { "type": "Point", "coordinates": [ 275.625, 44.747032831 ] } },
{ "type": "Feature", "properties": { "id": 2602, "u1": 2.6593317985534668, "u7": 1.0752164125442505, "v1": 1.5049992799758911, "v7": 0.81848770380020142 }, "geometry": { "type": "Point", "coordinates": [ 275.625, 39.034645831 ] } },
{ "type": "Feature", "properties": { "id": 2603, "u1": 0.90699869394302368, "u7": 0.72173815965652466, "v1": -0.02100118063390255, "v7": 0.62035673856735229 }, "geometry": { "type": "Point", "coordinates": [ 275.625, 33.322258831 ] } },
{ "type": "Feature", "properties": { "id": 2604, "u1": -1.8210006952285767, "u7": 0.35905668139457703, "v1": -2.0583338737487793, "v7": 0.6308550238609314 }, "geometry": { "type": "Point", "coordinates": [ 275.625, 27.609871831 ] } },
{ "type": "Feature", "properties": { "id": 2605, "u1": -4.9026660919189453, "u7": -4.1637077331542969, "v1": -2.2860009670257568, "v7": -0.25622338056564331 }, "geometry": { "type": "Point", "coordinates": [ 275.625, 21.897484831 ] } },
{ "type": "Feature", "properties": { "id": 2606, "u1": -5.5923352241516113, "u7": -6.294224739074707, "v1": -3.2506668567657471, "v7": -1.4772642850875854 }, "geometry": { "type": "Point", "coordinates": [ 275.625, 16.185097831 ] } },
{ "type": "Feature", "properties": { "id": 2607, "u1": -4.0560016632080078, "u7": -1.6105121374130249, "v1": -4.0426669120788574, "v7": -1.7325842380523682 }, "geometry": { "type": "Point", "coordinates": [ 275.625, 10.472710831 ] } },
{ "type": "Feature", "properties": { "id": 2608, "u1": -0.2646687924861908, "u7": 1.979473352432251, "v1": 0.1836649626493454, "v7": 5.8882169723510742 }, "geometry": { "type": "Point", "coordinates": [ 275.625, 4.760323831000016 ] } },
{ "type": "Feature", "properties": { "id": 2609, "u1": -0.29133453965187073, "u7": 1.1298809051513672, "v1": 4.4633312225341797, "v7": 6.5135388374328613 }, "geometry": { "type": "Point", "coordinates": [ 275.625, -0.952063169 ] } },
{ "type": "Feature", "properties": { "id": 2610, "u1": -1.9093343019485474, "u7": -2.5811476707458496, "v1": 6.7393307685852051, "v7": 8.4800987243652344 }, "geometry": { "type": "Point", "coordinates": [ 275.625, -6.664450169 ] } },
{ "type": "Feature", "properties": { "id": 2611, "u1": -4.0680012702941895, "u7": -6.3235931396484375, "v1": 5.7219982147216797, "v7": 7.6808333396911621 }, "geometry": { "type": "Point", "coordinates": [ 275.625, -12.376837168999989 ] } },
{ "type": "Feature", "properties": { "id": 2612, "u1": -4.4200010299682617, "u7": -6.2488231658935547, "v1": 4.6169991493225098, "v7": 5.0011801719665527 }, "geometry": { "type": "Point", "coordinates": [ 275.625, -18.089224168999984 ] } },
{ "type": "Feature", "properties": { "id": 2613, "u1": -3.7320013046264648, "u7": -3.3575692176818848, "v1": 4.3289976119995117, "v7": 3.3193562030792236 }, "geometry": { "type": "Point", "coordinates": [ 275.625, -23.801611169 ] } },
{ "type": "Feature", "properties": { "id": 2614, "u1": -2.2163341045379639, "u7": 0.65582907199859619, "v1": 4.09466552734375, "v7": 1.7560650110244751 }, "geometry": { "type": "Point", "coordinates": [ 275.625, -29.513998169 ] } },
{ "type": "Feature", "properties": { "id": 2615, "u1": 0.80633187294006348, "u7": 3.5571873188018799, "v1": 2.8406646251678467, "v7": 0.43401765823364258 }, "geometry": { "type": "Point", "coordinates": [ 275.625, -35.226385169 ] } },
{ "type": "Feature", "properties": { "id": 2616, "u1": 5.2849984169006348, "u7": 4.7694568634033203, "v1": 0.33466440439224243, "v7": -0.61207997798919678 }, "geometry": { "type": "Point", "coordinates": [ 275.625, -40.938772168999982 ] } },
{ "type": "Feature", "properties": { "id": 2617, "u1": 8.4643325805664062, "u7": 4.8513317108154297, "v1": -2.2830021381378174, "v7": -0.97380942106246948 }, "geometry": { "type": "Point", "coordinates": [ 275.625, -46.651159168999989 ] } },
{ "type": "Feature", "properties": { "id": 2618, "u1": 9.2576637268066406, "u7": 5.4053044319152832, "v1": -3.0173335075378418, "v7": -1.4569398164749146 }, "geometry": { "type": "Point", "coordinates": [ 275.625, -52.363546169 ] } },
{ "type": "Feature", "properties": { "id": 2619, "u1": 6.766664981842041, "u7": 6.0468544960021973, "v1": -1.3010009527206421, "v7": -1.0034977197647095 }, "geometry": { "type": "Point", "coordinates": [ 275.625, -58.075933169 ] } },
{ "type": "Feature", "properties": { "id": 2620, "u1": 2.3749995231628418, "u7": 3.7938129901885986, "v1": 0.04566599428653717, "v7": -0.27586060762405396 }, "geometry": { "type": "Point", "coordinates": [ 275.625, -63.788320168999981 ] } },
{ "type": "Feature", "properties": { "id": 2621, "u1": -1.6713337898254395, "u7": 0.49076586961746216, "v1": 0.30299937725067139, "v7": -0.74877995252609253 }, "geometry": { "type": "Point", "coordinates": [ 275.625, -69.50070716899998 ] } },
{ "type": "Feature", "properties": { "id": 2622, "u1": -4.0190014839172363, "u7": -3.5197374820709229, "v1": 2.3246634006500244, "v7": 2.8777706623077393 }, "geometry": { "type": "Point", "coordinates": [ 275.625, -75.213094168999987 ] } },
{ "type": "Feature", "properties": { "id": 2623, "u1": 1.0499989986419678, "u7": 1.7436058521270752, "v1": 3.2769989967346191, "v7": 5.7408251762390137 }, "geometry": { "type": "Point", "coordinates": [ 275.625, -80.925481168999966 ] } },
{ "type": "Feature", "properties": { "id": 2624, "u1": -4.3016676902770996, "u7": -9.186152458190918, "v1": 1.5763310194015503, "v7": 4.1619853973388672 }, "geometry": { "type": "Point", "coordinates": [ 275.625, -86.637868168999972 ] } },
{ "type": "Feature", "properties": { "id": 2626, "u1": 0.82633107900619507, "u7": 0.68446594476699829, "v1": -1.0010005235671997, "v7": 0.62155115604400635 }, "geometry": { "type": "Point", "coordinates": [ 281.25, 84.733741831 ] } },
{ "type": "Feature", "properties": { "id": 2627, "u1": -2.2970011234283447, "u7": -0.64134508371353149, "v1": -2.2983348369598389, "v7": 0.8607177734375 }, "geometry": { "type": "Point", "coordinates": [ 281.25, 79.021354831000011 ] } },
{ "type": "Feature", "properties": { "id": 2628, "u1": 2.5286650657653809, "u7": -0.52449029684066772, "v1": -1.9706674814224243, "v7": 0.0065356176346540451 }, "geometry": { "type": "Point", "coordinates": [ 281.25, 73.308967831000018 ] } },
{ "type": "Feature", "properties": { "id": 2629, "u1": 0.14366455376148224, "u7": -0.17684443295001984, "v1": -1.7586665153503418, "v7": 0.17619071900844574 }, "geometry": { "type": "Point", "coordinates": [ 281.25, 67.596580831000011 ] } },
{ "type": "Feature", "properties": { "id": 2630, "u1": 2.0916650295257568, "u7": 0.26303893327713013, "v1": 0.20166574418544769, "v7": -0.89442670345306396 }, "geometry": { "type": "Point", "coordinates": [ 281.25, 61.884193831 ] } },
{ "type": "Feature", "properties": { "id": 2631, "u1": 3.0536630153656006, "u7": 1.185584545135498, "v1": 1.278331995010376, "v7": -0.78516286611557007 }, "geometry": { "type": "Point", "coordinates": [ 281.25, 56.171806831 ] } },
{ "type": "Feature", "properties": { "id": 2632, "u1": 1.4103332757949829, "u7": 1.6238037347793579, "v1": 0.32866466045379639, "v7": 0.38700243830680847 }, "geometry": { "type": "Point", "coordinates": [ 281.25, 50.459419831 ] } },
{ "type": "Feature", "properties": { "id": 2633, "u1": 2.1663310527801514, "u7": 1.6453382968902588, "v1": 1.2079981565475464, "v7": 0.43357697129249573 }, "geometry": { "type": "Point", "coordinates": [ 281.25, 44.747032831 ] } },
{ "type": "Feature", "properties": { "id": 2634, "u1": 2.7856647968292236, "u7": 0.9718700647354126, "v1": 0.88566333055496216, "v7": 0.72011643648147583 }, "geometry": { "type": "Point", "coordinates": [ 281.25, 39.034645831 ] } },
{ "type": "Feature", "properties": { "id": 2635, "u1": 2.6863317489624023, "u7": 2.0236968994140625, "v1": -3.0280003547668457, "v7": 2.5564577579498291 }, "geometry": { "type": "Point", "coordinates": [ 281.25, 33.322258831 ] } },
{ "type": "Feature", "properties": { "id": 2636, "u1": 0.75533241033554077, "u7": -0.77357417345046997, "v1": -0.71266782283782959, "v7": 3.3081369400024414 }, "geometry": { "type": "Point", "coordinates": [ 281.25, 27.609871831 ] } },
{ "type": "Feature", "properties": { "id": 2637, "u1": -5.2740011215209961, "u7": -5.806943416595459, "v1": -2.5960001945495605, "v7": 0.42781025171279907 }, "geometry": { "type": "Point", "coordinates": [ 281.25, 21.897484831 ] } },
{ "type": "Feature", "properties": { "id": 2638, "u1": -7.2860012054443359, "u7": -7.8965697288513184, "v1": -2.6946671009063721, "v7": -1.2563184499740601 }, "geometry": { "type": "Point", "coordinates": [ 281.25, 16.185097831 ] } },
{ "type": "Feature", "properties": { "id": 2639, "u1": -5.906334400177002, "u7": -4.7820196151733398, "v1": -6.2630014419555664, "v7": -1.5465730428695679 }, "geometry": { "type": "Point", "coordinates": [ 281.25, 10.472710831 ] } },
{ "type": "Feature", "properties": { "id": 2640, "u1": 1.7516652345657349, "u7": 3.0578200817108154, "v1": -3.1083343029022217, "v7": 0.85549110174179077 }, "geometry": { "type": "Point", "coordinates": [ 281.25, 4.760323831000016 ] } },
{ "type": "Feature", "properties": { "id": 2641, "u1": 0.60066580772399902, "u7": -1.0974099636077881, "v1": 0.29866638779640198, "v7": 0.82317125797271729 }, "geometry": { "type": "Point", "coordinates": [ 281.25, -0.952063169 ] } },
{ "type": "Feature", "properties": { "id": 2642, "u1": 0.26966449618339539, "u7": -1.8831952810287476, "v1": 0.352996826171875, "v7": -0.52030807733535767 }, "geometry": { "type": "Point", "coordinates": [ 281.25, -6.664450169 ] } },
{ "type": "Feature", "properties": { "id": 2643, "u1": -1.4706685543060303, "u7": -2.2642173767089844, "v1": 4.7449994087219238, "v7": 3.9999697208404541 }, "geometry": { "type": "Point", "coordinates": [ 281.25, -12.376837168999989 ] } },
{ "type": "Feature", "properties": { "id": 2644, "u1": -2.7480006217956543, "u7": -5.5668549537658691, "v1": 5.3136649131774902, "v7": 7.4199342727661133 }, "geometry": { "type": "Point", "coordinates": [ 281.25, -18.089224168999984 ] } },
{ "type": "Feature", "properties": { "id": 2645, "u1": -2.5690016746520996, "u7": -2.9193742275238037, "v1": 6.5783319473266602, "v7": 6.8767304420471191 }, "geometry": { "type": "Point", "coordinates": [ 281.25, -23.801611169 ] } },
{ "type": "Feature", "properties": { "id": 2646, "u1": -1.0873347520828247, "u7": 0.65951085090637207, "v1": 7.1189980506896973, "v7": 4.4363255500793457 }, "geometry": { "type": "Point", "coordinates": [ 281.25, -29.513998169 ] } },
{ "type": "Feature", "properties": { "id": 2647, "u1": 0.61499840021133423, "u7": 2.653947114944458, "v1": 6.0263299942016602, "v7": 1.8331125974655151 }, "geometry": { "type": "Point", "coordinates": [ 281.25, -35.226385169 ] } },
{ "type": "Feature", "properties": { "id": 2648, "u1": 4.1133317947387695, "u7": 4.2116074562072754, "v1": 1.9569971561431885, "v7": -0.7709500789642334 }, "geometry": { "type": "Point", "coordinates": [ 281.25, -40.938772168999982 ] } },
{ "type": "Feature", "properties": { "id": 2649, "u1": 7.4780001640319824, "u7": 4.625058650970459, "v1": -2.0433344841003418, "v7": -1.4914489984512329 }, "geometry": { "type": "Point", "coordinates": [ 281.25, -46.651159168999989 ] } },
{ "type": "Feature", "properties": { "id": 2650, "u1": 9.6093320846557617, "u7": 6.2258429527282715, "v1": -3.7723343372344971, "v7": -1.3911803960800171 }, "geometry": { "type": "Point", "coordinates": [ 281.25, -52.363546169 ] } },
{ "type": "Feature", "properties": { "id": 2651, "u1": 6.7436652183532715, "u7": 6.0554661750793457, "v1": -1.9210021495819092, "v7": -0.84713464975357056 }, "geometry": { "type": "Point", "coordinates": [ 281.25, -58.075933169 ] } },
{ "type": "Feature", "properties": { "id": 2652, "u1": 2.0306651592254639, "u7": 3.2687668800354004, "v1": -0.72200167179107666, "v7": -0.17119152843952179 }, "geometry": { "type": "Point", "coordinates": [ 281.25, -63.788320168999981 ] } },
{ "type": "Feature", "properties": { "id": 2653, "u1": -1.9230000972747803, "u7": -0.30016463994979858, "v1": -0.73166912794113159, "v7": -1.8379256725311279 }, "geometry": { "type": "Point", "coordinates": [ 281.25, -69.50070716899998 ] } },
{ "type": "Feature", "properties": { "id": 2654, "u1": -3.1470017433166504, "u7": -2.3904640674591064, "v1": 2.3479981422424316, "v7": 2.5250470638275146 }, "geometry": { "type": "Point", "coordinates": [ 281.25, -75.213094168999987 ] } },
{ "type": "Feature", "properties": { "id": 2655, "u1": 0.72166496515274048, "u7": 1.4214575290679932, "v1": 3.8849995136260986, "v7": 7.4858245849609375 }, "geometry": { "type": "Point", "coordinates": [ 281.25, -80.925481168999966 ] } },
{ "type": "Feature", "properties": { "id": 2656, "u1": -4.5070018768310547, "u7": -9.1863603591918945, "v1": 1.7969995737075806, "v7": 4.5095138549804688 }, "geometry": { "type": "Point", "coordinates": [ 281.25, -86.637868168999972 ] } },
{ "type": "Feature", "properties": { "id": 2658, "u1": 0.84633332490921021, "u7": 0.78343123197555542, "v1": -0.91833442449569702, "v7": 0.69374543428421021 }, "geometry": { "type": "Point", "coordinates": [ 286.875, 84.733741831 ] } },
{ "type": "Feature", "properties": { "id": 2659, "u1": -3.1626672744750977, "u7": -0.94111192226409912, "v1": -1.1303354501724243, "v7": 1.4586009979248047 }, "geometry": { "type": "Point", "coordinates": [ 286.875, 79.021354831000011 ] } },
{ "type": "Feature", "properties": { "id": 2660, "u1": 2.4249980449676514, "u7": -0.64533764123916626, "v1": -1.8783355951309204, "v7": 0.34594929218292236 }, "geometry": { "type": "Point", "coordinates": [ 286.875, 73.308967831000018 ] } },
{ "type": "Feature", "properties": { "id": 2661, "u1": -0.26766815781593323, "u7": -0.45077911019325256, "v1": -0.36633402109146118, "v7": 0.5190960168838501 }, "geometry": { "type": "Point", "coordinates": [ 286.875, 67.596580831000011 ] } },
{ "type": "Feature", "properties": { "id": 2662, "u1": 2.8269984722137451, "u7": -0.45837783813476562, "v1": 0.36799925565719604, "v7": 0.068564377725124359 }, "geometry": { "type": "Point", "coordinates": [ 286.875, 61.884193831 ] } },
{ "type": "Feature", "properties": { "id": 2663, "u1": 2.3089981079101562, "u7": 0.9810141921043396, "v1": 1.7226659059524536, "v7": 0.030776489526033401 }, "geometry": { "type": "Point", "coordinates": [ 286.875, 56.171806831 ] } },
{ "type": "Feature", "properties": { "id": 2664, "u1": 1.938331127166748, "u7": 1.8328671455383301, "v1": 0.25133311748504639, "v7": 0.82799828052520752 }, "geometry": { "type": "Point", "coordinates": [ 286.875, 50.459419831 ] } },
{ "type": "Feature", "properties": { "id": 2665, "u1": 2.5976653099060059, "u7": 1.788654088973999, "v1": 0.3433329164981842, "v7": 0.9483533501625061 }, "geometry": { "type": "Point", "coordinates": [ 286.875, 44.747032831 ] } },
{ "type": "Feature", "properties": { "id": 2666, "u1": 4.9513320922851562, "u7": 1.4412028789520264, "v1": -3.3630015850067139, "v7": 1.8592758178710938 }, "geometry": { "type": "Point", "coordinates": [ 286.875, 39.034645831 ] } },
{ "type": "Feature", "properties": { "id": 2667, "u1": 3.8353302478790283, "u7": 2.7052204608917236, "v1": -1.457001805305481, "v7": 4.1740584373474121 }, "geometry": { "type": "Point", "coordinates": [ 286.875, 33.322258831 ] } },
{ "type": "Feature", "properties": { "id": 2668, "u1": -0.56066840887069702, "u7": -1.7153682708740234, "v1": -0.28466695547103882, "v7": 2.8681819438934326 }, "geometry": { "type": "Point", "coordinates": [ 286.875, 27.609871831 ] } },
{ "type": "Feature", "properties": { "id": 2669, "u1": -5.3753352165222168, "u7": -6.5144715309143066, "v1": -1.4413350820541382, "v7": 0.78536802530288696 }, "geometry": { "type": "Point", "coordinates": [ 286.875, 21.897484831 ] } },
{ "type": "Feature", "properties": { "id": 2670, "u1": -8.3846673965454102, "u7": -8.5690555572509766, "v1": -1.798999547958374, "v7": -0.31939524412155151 }, "geometry": { "type": "Point", "coordinates": [ 286.875, 16.185097831 ] } },
{ "type": "Feature", "properties": { "id": 2671, "u1": -3.4180006980895996, "u7": -3.2042915821075439, "v1": -1.5393346548080444, "v7": -0.747749924659729 }, "geometry": { "type": "Point", "coordinates": [ 286.875, 10.472710831 ] } },
{ "type": "Feature", "properties": { "id": 2672, "u1": -1.6216679811477661, "u7": -0.90154796838760376, "v1": -0.82600098848342896, "v7": 0.81166481971740723 }, "geometry": { "type": "Point", "coordinates": [ 286.875, 4.760323831000016 ] } },
{ "type": "Feature", "properties": { "id": 2673, "u1": -0.37000173330307007, "u7": 0.30827531218528748, "v1": -0.20633392035961151, "v7": 0.52499967813491821 }, "geometry": { "type": "Point", "coordinates": [ 286.875, -0.952063169 ] } },
{ "type": "Feature", "properties": { "id": 2674, "u1": 0.21033121645450592, "u7": 0.22587800025939941, "v1": -0.77300107479095459, "v7": 0.87171405553817749 }, "geometry": { "type": "Point", "coordinates": [ 286.875, -6.664450169 ] } },
{ "type": "Feature", "properties": { "id": 2675, "u1": 0.97933351993560791, "u7": -0.60625565052032471, "v1": -1.4620025157928467, "v7": -2.3143167495727539 }, "geometry": { "type": "Point", "coordinates": [ 286.875, -12.376837168999989 ] } },
{ "type": "Feature", "properties": { "id": 2676, "u1": -1.0466669797897339, "u7": -0.98396748304367065, "v1": 3.4929983615875244, "v7": 1.2279846668243408 }, "geometry": { "type": "Point", "coordinates": [ 286.875, -18.089224168999984 ] } },
{ "type": "Feature", "properties": { "id": 2677, "u1": 0.59099835157394409, "u7": -1.4021443128585815, "v1": 2.5846643447875977, "v7": 3.204087495803833 }, "geometry": { "type": "Point", "coordinates": [ 286.875, -23.801611169 ] } },
{ "type": "Feature", "properties": { "id": 2678, "u1": 1.142332911491394, "u7": -2.4335920810699463, "v1": 4.5236654281616211, "v7": 0.23339907824993134 }, "geometry": { "type": "Point", "coordinates": [ 286.875, -29.513998169 ] } },
{ "type": "Feature", "properties": { "id": 2679, "u1": 2.166999340057373, "u7": -0.78446280956268311, "v1": 5.0279994010925293, "v7": -1.8463183641433716 }, "geometry": { "type": "Point", "coordinates": [ 286.875, -35.226385169 ] } },
{ "type": "Feature", "properties": { "id": 2680, "u1": 3.5976643562316895, "u7": 1.2288167476654053, "v1": 1.6063319444656372, "v7": -3.1816658973693848 }, "geometry": { "type": "Point", "coordinates": [ 286.875, -40.938772168999982 ] } },
{ "type": "Feature", "properties": { "id": 2681, "u1": 5.5826668739318848, "u7": 2.6171846389770508, "v1": -2.1110022068023682, "v7": -3.2904016971588135 }, "geometry": { "type": "Point", "coordinates": [ 286.875, -46.651159168999989 ] } },
{ "type": "Feature", "properties": { "id": 2682, "u1": 7.3889970779418945, "u7": 4.5490550994873047, "v1": -2.9010004997253418, "v7": -2.6055750846862793 }, "geometry": { "type": "Point", "coordinates": [ 286.875, -52.363546169 ] } },
{ "type": "Feature", "properties": { "id": 2683, "u1": 7.0413312911987305, "u7": 6.1203713417053223, "v1": -2.2990009784698486, "v7": -0.51907670497894287 }, "geometry": { "type": "Point", "coordinates": [ 286.875, -58.075933169 ] } },
{ "type": "Feature", "properties": { "id": 2684, "u1": 1.5019999742507935, "u7": 2.8162457942962646, "v1": -1.5196670293807983, "v7": -0.61445873975753784 }, "geometry": { "type": "Point", "coordinates": [ 286.875, -63.788320168999981 ] } },
{ "type": "Feature", "properties": { "id": 2685, "u1": -2.0116684436798096, "u7": -0.68156784772872925, "v1": -1.6606684923171997, "v7": -3.0108139514923096 }, "geometry": { "type": "Point", "coordinates": [ 286.875, -69.50070716899998 ] } },
{ "type": "Feature", "properties": { "id": 2686, "u1": -2.2236683368682861, "u7": -0.88180667161941528, "v1": 1.9769994020462036, "v7": 1.6869899034500122 }, "geometry": { "type": "Point", "coordinates": [ 286.875, -75.213094168999987 ] } },
{ "type": "Feature", "properties": { "id": 2687, "u1": 0.17899779975414276, "u7": 0.73670130968093872, "v1": 3.864330530166626, "v7": 8.1192407608032227 }, "geometry": { "type": "Point", "coordinates": [ 286.875, -80.925481168999966 ] } },
{ "type": "Feature", "properties": { "id": 2688, "u1": -4.6463346481323242, "u7": -9.4325428009033203, "v1": 1.8536657094955444, "v7": 4.6956615447998047 }, "geometry": { "type": "Point", "coordinates": [ 286.875, -86.637868168999972 ] } },
{ "type": "Feature", "properties": { "id": 2690, "u1": 0.86799925565719604, "u7": 0.93668204545974731, "v1": -0.79200184345245361, "v7": 0.76193815469741821 }, "geometry": { "type": "Point", "coordinates": [ 292.5, 84.733741831 ] } },
{ "type": "Feature", "properties": { "id": 2691, "u1": -3.4373342990875244, "u7": -1.1300795078277588, "v1": 1.051331639289856, "v7": 2.1897408962249756 }, "geometry": { "type": "Point", "coordinates": [ 292.5, 79.021354831000011 ] } },
{ "type": "Feature", "properties": { "id": 2692, "u1": 1.3373316526412964, "u7": -1.1339873075485229, "v1": -1.5236694812774658, "v7": 0.78363722562789917 }, "geometry": { "type": "Point", "coordinates": [ 292.5, 73.308967831000018 ] } },
{ "type": "Feature", "properties": { "id": 2693, "u1": 1.1929987668991089, "u7": -0.34329220652580261, "v1": -1.8290008306503296, "v7": 0.43449097871780396 }, "geometry": { "type": "Point", "coordinates": [ 292.5, 67.596580831000011 ] } },
{ "type": "Feature", "properties": { "id": 2694, "u1": 3.6859979629516602, "u7": -0.87990379333496094, "v1": -1.3843327760696411, "v7": 0.47443792223930359 }, "geometry": { "type": "Point", "coordinates": [ 292.5, 61.884193831 ] } },
{ "type": "Feature", "properties": { "id": 2695, "u1": 3.0259995460510254, "u7": 0.49309369921684265, "v1": 0.69866538047790527, "v7": 0.13803963363170624 }, "geometry": { "type": "Point", "coordinates": [ 292.5, 56.171806831 ] } },
{ "type": "Feature", "properties": { "id": 2696, "u1": 2.7853312492370605, "u7": 1.5516501665115356, "v1": -0.61900073289871216, "v7": 0.99328440427780151 }, "geometry": { "type": "Point", "coordinates": [ 292.5, 50.459419831 ] } },
{ "type": "Feature", "properties": { "id": 2697, "u1": 2.9099986553192139, "u7": 2.1373274326324463, "v1": -1.2593343257904053, "v7": 2.4238207340240479 }, "geometry": { "type": "Point", "coordinates": [ 292.5, 44.747032831 ] } },
{ "type": "Feature", "properties": { "id": 2698, "u1": 4.9543309211730957, "u7": 2.7741005420684814, "v1": -3.2736685276031494, "v7": 1.7685539722442627 }, "geometry": { "type": "Point", "coordinates": [ 292.5, 39.034645831 ] } },
{ "type": "Feature", "properties": { "id": 2699, "u1": 4.369997501373291, "u7": 2.427025318145752, "v1": 1.3023300170898438, "v7": 4.3287301063537598 }, "geometry": { "type": "Point", "coordinates": [ 292.5, 33.322258831 ] } },
{ "type": "Feature", "properties": { "id": 2700, "u1": -0.87066805362701416, "u7": -2.300947904586792, "v1": -0.18966725468635559, "v7": 2.050156831741333 }, "geometry": { "type": "Point", "coordinates": [ 292.5, 27.609871831 ] } },
{ "type": "Feature", "properties": { "id": 2701, "u1": -5.643000602722168, "u7": -7.0361757278442383, "v1": -0.79066771268844604, "v7": 0.57473540306091309 }, "geometry": { "type": "Point", "coordinates": [ 292.5, 21.897484831 ] } },
{ "type": "Feature", "properties": { "id": 2702, "u1": -7.3370013236999512, "u7": -7.3025288581848145, "v1": -1.9586679935455322, "v7": -0.56188321113586426 }, "geometry": { "type": "Point", "coordinates": [ 292.5, 16.185097831 ] } },
{ "type": "Feature", "properties": { "id": 2703, "u1": -3.2626693248748779, "u7": -3.228665828704834, "v1": -1.7953358888626099, "v7": -1.0987213850021362 }, "geometry": { "type": "Point", "coordinates": [ 292.5, 10.472710831 ] } },
{ "type": "Feature", "properties": { "id": 2704, "u1": -0.73800253868103027, "u7": -0.093612469732761383, "v1": -1.4536682367324829, "v7": 0.03973136842250824 }, "geometry": { "type": "Point", "coordinates": [ 292.5, 4.760323831000016 ] } },
{ "type": "Feature", "properties": { "id": 2705, "u1": -0.33866983652114868, "u7": -0.50969469547271729, "v1": -0.039334613829851151, "v7": 0.52156466245651245 }, "geometry": { "type": "Point", "coordinates": [ 292.5, -0.952063169 ] } },
{ "type": "Feature", "properties": { "id": 2706, "u1": -0.20733438432216644, "u7": -0.31898832321166992, "v1": -0.43200021982192993, "v7": 0.72970658540725708 }, "geometry": { "type": "Point", "coordinates": [ 292.5, -6.664450169 ] } },
{ "type": "Feature", "properties": { "id": 2707, "u1": 0.21633198857307434, "u7": -0.18274597823619843, "v1": -1.977001428604126, "v7": 0.34310626983642578 }, "geometry": { "type": "Point", "coordinates": [ 292.5, -12.376837168999989 ] } },
{ "type": "Feature", "properties": { "id": 2708, "u1": -0.19400125741958618, "u7": 0.81676739454269409, "v1": -0.61966860294342041, "v7": -1.7434135675430298 }, "geometry": { "type": "Point", "coordinates": [ 292.5, -18.089224168999984 ] } },
{ "type": "Feature", "properties": { "id": 2709, "u1": -0.39300078153610229, "u7": 1.6170766353607178, "v1": 0.64199775457382202, "v7": -3.2248189449310303 }, "geometry": { "type": "Point", "coordinates": [ 292.5, -23.801611169 ] } },
{ "type": "Feature", "properties": { "id": 2710, "u1": -0.54766947031021118, "u7": 2.0946452617645264, "v1": -0.42166900634765625, "v7": -2.1386454105377197 }, "geometry": { "type": "Point", "coordinates": [ 292.5, -29.513998169 ] } },
{ "type": "Feature", "properties": { "id": 2711, "u1": -0.56100106239318848, "u7": 1.2347109317779541, "v1": 0.78066509962081909, "v7": -0.57885843515396118 }, "geometry": { "type": "Point", "coordinates": [ 292.5, -35.226385169 ] } },
{ "type": "Feature", "properties": { "id": 2712, "u1": 4.6776652336120605, "u7": 4.7186751365661621, "v1": 1.8073323965072632, "v7": -1.0528825521469116 }, "geometry": { "type": "Point", "coordinates": [ 292.5, -40.938772168999982 ] } },
{ "type": "Feature", "properties": { "id": 2713, "u1": 6.314664363861084, "u7": 6.114778995513916, "v1": 0.27566477656364441, "v7": -0.89723312854766846 }, "geometry": { "type": "Point", "coordinates": [ 292.5, -46.651159168999989 ] } },
{ "type": "Feature", "properties": { "id": 2714, "u1": 9.1556663513183594, "u7": 8.0802555084228516, "v1": -1.4523346424102783, "v7": -1.5234286785125732 }, "geometry": { "type": "Point", "coordinates": [ 292.5, -52.363546169 ] } },
{ "type": "Feature", "properties": { "id": 2715, "u1": 6.0656657218933105, "u7": 5.2676577568054199, "v1": -1.5806680917739868, "v7": -0.5521654486656189 }, "geometry": { "type": "Point", "coordinates": [ 292.5, -58.075933169 ] } },
{ "type": "Feature", "properties": { "id": 2716, "u1": 0.98166555166244507, "u7": 2.3308665752410889, "v1": -2.0940022468566895, "v7": -1.4170850515365601 }, "geometry": { "type": "Point", "coordinates": [ 292.5, -63.788320168999981 ] } },
{ "type": "Feature", "properties": { "id": 2717, "u1": -1.8126678466796875, "u7": 0.26439982652664185, "v1": -1.4420002698898315, "v7": -2.2191457748413086 }, "geometry": { "type": "Point", "coordinates": [ 292.5, -69.50070716899998 ] } },
{ "type": "Feature", "properties": { "id": 2718, "u1": -1.3403351306915283, "u7": 0.99720853567123413, "v1": 1.6373326778411865, "v7": 1.6256741285324097 }, "geometry": { "type": "Point", "coordinates": [ 292.5, -75.213094168999987 ] } },
{ "type": "Feature", "properties": { "id": 2719, "u1": -0.4639994204044342, "u7": -0.20649413764476776, "v1": 3.3263330459594727, "v7": 7.6590423583984375 }, "geometry": { "type": "Point", "coordinates": [ 292.5, -80.925481168999966 ] } },
{ "type": "Feature", "properties": { "id": 2720, "u1": -4.904667854309082, "u7": -9.8750295639038086, "v1": 1.8046661615371704, "v7": 4.6406335830688477 }, "geometry": { "type": "Point", "coordinates": [ 292.5, -86.637868168999972 ] } },
{ "type": "Feature", "properties": { "id": 2722, "u1": 0.90933126211166382, "u7": 1.1325815916061401, "v1": -0.64800161123275757, "v7": 0.80152809619903564 }, "geometry": { "type": "Point", "coordinates": [ 298.125, 84.733741831 ] } },
{ "type": "Feature", "properties": { "id": 2723, "u1": -3.2456691265106201, "u7": -0.77193671464920044, "v1": 3.6953318119049072, "v7": 2.7987430095672607 }, "geometry": { "type": "Point", "coordinates": [ 298.125, 79.021354831000011 ] } },
{ "type": "Feature", "properties": { "id": 2724, "u1": -1.2393341064453125, "u7": -2.2446866035461426, "v1": -0.07366739958524704, "v7": 1.7753230333328247 }, "geometry": { "type": "Point", "coordinates": [ 298.125, 73.308967831000018 ] } },
{ "type": "Feature", "properties": { "id": 2725, "u1": 2.9113311767578125, "u7": -0.09108695387840271, "v1": -5.1193346977233887, "v7": 0.26057568192481995 }, "geometry": { "type": "Point", "coordinates": [ 298.125, 67.596580831000011 ] } },
{ "type": "Feature", "properties": { "id": 2726, "u1": 6.1879982948303223, "u7": -0.11669681966304779, "v1": -5.6633334159851074, "v7": -0.26565635204315186 }, "geometry": { "type": "Point", "coordinates": [ 298.125, 61.884193831 ] } },
{ "type": "Feature", "properties": { "id": 2727, "u1": 5.3186640739440918, "u7": -0.22722433507442474, "v1": -0.95600074529647827, "v7": 0.25838384032249451 }, "geometry": { "type": "Point", "coordinates": [ 298.125, 56.171806831 ] } },
{ "type": "Feature", "properties": { "id": 2728, "u1": 2.7716653347015381, "u7": 1.461761474609375, "v1": -1.7490020990371704, "v7": 2.0912554264068604 }, "geometry": { "type": "Point", "coordinates": [ 298.125, 50.459419831 ] } },
{ "type": "Feature", "properties": { "id": 2729, "u1": 5.072331428527832, "u7": 2.3296542167663574, "v1": -1.5193339586257935, "v7": 3.5083839893341064 }, "geometry": { "type": "Point", "coordinates": [ 298.125, 44.747032831 ] } },
{ "type": "Feature", "properties": { "id": 2730, "u1": 5.9556655883789062, "u7": 3.823991060256958, "v1": -1.6980020999908447, "v7": 3.0732183456420898 }, "geometry": { "type": "Point", "coordinates": [ 298.125, 39.034645831 ] } },
{ "type": "Feature", "properties": { "id": 2731, "u1": 4.3819994926452637, "u7": 1.8477038145065308, "v1": 1.6693313121795654, "v7": 3.1452744007110596 }, "geometry": { "type": "Point", "coordinates": [ 298.125, 33.322258831 ] } },
{ "type": "Feature", "properties": { "id": 2732, "u1": -1.2990010976791382, "u7": -2.9553930759429932, "v1": 0.0039983112365007401, "v7": 1.4074851274490356 }, "geometry": { "type": "Point", "coordinates": [ 298.125, 27.609871831 ] } },
{ "type": "Feature", "properties": { "id": 2733, "u1": -5.6006674766540527, "u7": -6.8216257095336914, "v1": -0.70533496141433716, "v7": 0.099615104496479034 }, "geometry": { "type": "Point", "coordinates": [ 298.125, 21.897484831 ] } },
{ "type": "Feature", "properties": { "id": 2734, "u1": -7.3633346557617188, "u7": -7.6092023849487305, "v1": -2.3346679210662842, "v7": -1.2149028778076172 }, "geometry": { "type": "Point", "coordinates": [ 298.125, 16.185097831 ] } },
{ "type": "Feature", "properties": { "id": 2735, "u1": -6.6103343963623047, "u7": -6.4994826316833496, "v1": -2.7700011730194092, "v7": -1.3874830007553101 }, "geometry": { "type": "Point", "coordinates": [ 298.125, 10.472710831 ] } },
{ "type": "Feature", "properties": { "id": 2736, "u1": -1.513335108757019, "u7": -1.2645280361175537, "v1": -1.8453333377838135, "v7": -0.69375145435333252 }, "geometry": { "type": "Point", "coordinates": [ 298.125, 4.760323831000016 ] } },
{ "type": "Feature", "properties": { "id": 2737, "u1": -0.86633247137069702, "u7": -0.72281020879745483, "v1": -0.47600096464157104, "v7": 0.13052549958229065 }, "geometry": { "type": "Point", "coordinates": [ 298.125, -0.952063169 ] } },
{ "type": "Feature", "properties": { "id": 2738, "u1": -0.23400065302848816, "u7": -0.55006527900695801, "v1": -0.30900219082832336, "v7": 0.52047878503799438 }, "geometry": { "type": "Point", "coordinates": [ 298.125, -6.664450169 ] } },
{ "type": "Feature", "properties": { "id": 2739, "u1": 0.18833364546298981, "u7": -0.47301143407821655, "v1": -0.99300181865692139, "v7": 0.9639466404914856 }, "geometry": { "type": "Point", "coordinates": [ 298.125, -12.376837168999989 ] } },
{ "type": "Feature", "properties": { "id": 2740, "u1": 0.14833119511604309, "u7": -0.8352620005607605, "v1": -2.2406671047210693, "v7": -0.58778148889541626 }, "geometry": { "type": "Point", "coordinates": [ 298.125, -18.089224168999984 ] } },
{ "type": "Feature", "properties": { "id": 2741, "u1": -1.3593343496322632, "u7": -0.6646466851234436, "v1": -0.34633433818817139, "v7": 1.0020527839660645 }, "geometry": { "type": "Point", "coordinates": [ 298.125, -23.801611169 ] } },
{ "type": "Feature", "properties": { "id": 2742, "u1": -2.5843348503112793, "u7": -0.8271515965461731, "v1": 0.50066578388214111, "v7": 0.48869004845619202 }, "geometry": { "type": "Point", "coordinates": [ 298.125, -29.513998169 ] } },
{ "type": "Feature", "properties": { "id": 2743, "u1": -1.600334644317627, "u7": -0.074635058641433716, "v1": -1.0486674308776855, "v7": -0.77378290891647339 }, "geometry": { "type": "Point", "coordinates": [ 298.125, -35.226385169 ] } },
{ "type": "Feature", "properties": { "id": 2744, "u1": -0.88300120830535889, "u7": 4.3574619293212891, "v1": -2.6226694583892822, "v7": -1.7178218364715576 }, "geometry": { "type": "Point", "coordinates": [ 298.125, -40.938772168999982 ] } },
{ "type": "Feature", "properties": { "id": 2745, "u1": 3.7776646614074707, "u7": 4.8089518547058105, "v1": -2.3510005474090576, "v7": -0.83317416906356812 }, "geometry": { "type": "Point", "coordinates": [ 298.125, -46.651159168999989 ] } },
{ "type": "Feature", "properties": { "id": 2746, "u1": 7.3683323860168457, "u7": 6.4999942779541016, "v1": -2.2710015773773193, "v7": -1.1486551761627197 }, "geometry": { "type": "Point", "coordinates": [ 298.125, -52.363546169 ] } },
{ "type": "Feature", "properties": { "id": 2747, "u1": 4.3946628570556641, "u7": 4.0451440811157227, "v1": -1.9223343133926392, "v7": -1.1853166818618774 }, "geometry": { "type": "Point", "coordinates": [ 298.125, -58.075933169 ] } },
{ "type": "Feature", "properties": { "id": 2748, "u1": 1.1209996938705444, "u7": 1.8294639587402344, "v1": -1.5996673107147217, "v7": -1.3034672737121582 }, "geometry": { "type": "Point", "coordinates": [ 298.125, -63.788320168999981 ] } },
{ "type": "Feature", "properties": { "id": 2749, "u1": -1.2703338861465454, "u7": 1.6384139060974121, "v1": -0.082334898412227631, "v7": 0.33528968691825867 }, "geometry": { "type": "Point", "coordinates": [ 298.125, -69.50070716899998 ] } },
{ "type": "Feature", "properties": { "id": 2750, "u1": -0.70533597469329834, "u7": 2.3987388610839844, "v1": 1.4759994745254517, "v7": 2.7073743343353271 }, "geometry": { "type": "Point", "coordinates": [ 298.125, -75.213094168999987 ] } },
{ "type": "Feature", "properties": { "id": 2751, "u1": -1.0563349723815918, "u7": -1.308032751083374, "v1": 2.3443324565887451, "v7": 6.156944751739502 }, "geometry": { "type": "Point", "coordinates": [ 298.125, -80.925481168999966 ] } },
{ "type": "Feature", "properties": { "id": 2752, "u1": -5.2170004844665527, "u7": -10.43952465057373, "v1": 1.6183308362960815, "v7": 4.2935490608215332 }, "geometry": { "type": "Point", "coordinates": [ 298.125, -86.637868168999972 ] } },
{ "type": "Feature", "properties": { "id": 2754, "u1": 0.97733253240585327, "u7": 1.3401792049407959, "v1": -0.51100003719329834, "v7": 0.78830820322036743 }, "geometry": { "type": "Point", "coordinates": [ 303.75, 84.733741831 ] } },
{ "type": "Feature", "properties": { "id": 2755, "u1": -1.8340016603469849, "u7": 0.029864847660064697, "v1": 5.8546633720397949, "v7": 3.1089644432067871 }, "geometry": { "type": "Point", "coordinates": [ 303.75, 79.021354831000011 ] } },
{ "type": "Feature", "properties": { "id": 2756, "u1": -4.6913347244262695, "u7": -3.2417111396789551, "v1": 3.0723311901092529, "v7": 3.1089670658111572 }, "geometry": { "type": "Point", "coordinates": [ 303.75, 73.308967831000018 ] } },
{ "type": "Feature", "properties": { "id": 2757, "u1": -0.0023351034615188837, "u7": -1.0179222822189331, "v1": -2.4300007820129395, "v7": 1.6599807739257812 }, "geometry": { "type": "Point", "coordinates": [ 303.75, 67.596580831000011 ] } },
{ "type": "Feature", "properties": { "id": 2758, "u1": 4.485999584197998, "u7": -1.0170842409133911, "v1": -5.3933353424072266, "v7": 0.41409927606582642 }, "geometry": { "type": "Point", "coordinates": [ 303.75, 61.884193831 ] } },
{ "type": "Feature", "properties": { "id": 2759, "u1": 9.2296657562255859, "u7": -0.14336422085762024, "v1": -3.209667444229126, "v7": 0.45577296614646912 }, "geometry": { "type": "Point", "coordinates": [ 303.75, 56.171806831 ] } },
{ "type": "Feature", "properties": { "id": 2760, "u1": 4.2829985618591309, "u7": 2.0185296535491943, "v1": -0.83733469247817993, "v7": 2.8049025535583496 }, "geometry": { "type": "Point", "coordinates": [ 303.75, 50.459419831 ] } },
{ "type": "Feature", "properties": { "id": 2761, "u1": 4.8109989166259766, "u7": 3.0886247158050537, "v1": -0.91866707801818848, "v7": 3.0445706844329834 }, "geometry": { "type": "Point", "coordinates": [ 303.75, 44.747032831 ] } },
{ "type": "Feature", "properties": { "id": 2762, "u1": 5.5553302764892578, "u7": 3.8686244487762451, "v1": 0.3159993588924408, "v7": 3.9135174751281738 }, "geometry": { "type": "Point", "coordinates": [ 303.75, 39.034645831 ] } },
{ "type": "Feature", "properties": { "id": 2763, "u1": 3.9236657619476318, "u7": 0.88027489185333252, "v1": 1.9013330936431885, "v7": 2.6819162368774414 }, "geometry": { "type": "Point", "coordinates": [ 303.75, 33.322258831 ] } },
{ "type": "Feature", "properties": { "id": 2764, "u1": -1.7790004014968872, "u7": -3.6154539585113525, "v1": 0.23999887704849243, "v7": 1.1728477478027344 }, "geometry": { "type": "Point", "coordinates": [ 303.75, 27.609871831 ] } },
{ "type": "Feature", "properties": { "id": 2765, "u1": -5.818669319152832, "u7": -6.898430347442627, "v1": -1.2866668701171875, "v7": -0.47430992126464844 }, "geometry": { "type": "Point", "coordinates": [ 303.75, 21.897484831 ] } },
{ "type": "Feature", "properties": { "id": 2766, "u1": -7.9020004272460938, "u7": -8.0863752365112305, "v1": -2.7046675682067871, "v7": -1.650383472442627 }, "geometry": { "type": "Point", "coordinates": [ 303.75, 16.185097831 ] } },
{ "type": "Feature", "properties": { "id": 2767, "u1": -7.7280020713806152, "u7": -6.7607874870300293, "v1": -3.8053338527679443, "v7": -2.1526172161102295 }, "geometry": { "type": "Point", "coordinates": [ 303.75, 10.472710831 ] } },
{ "type": "Feature", "properties": { "id": 2768, "u1": -1.0770019292831421, "u7": -0.94978994131088257, "v1": -1.4420008659362793, "v7": -0.54609972238540649 }, "geometry": { "type": "Point", "coordinates": [ 303.75, 4.760323831000016 ] } },
{ "type": "Feature", "properties": { "id": 2769, "u1": -0.94566905498504639, "u7": -1.0079731941223145, "v1": -0.65100198984146118, "v7": 0.041448500007390976 }, "geometry": { "type": "Point", "coordinates": [ 303.75, -0.952063169 ] } },
{ "type": "Feature", "properties": { "id": 2770, "u1": -0.25933483242988586, "u7": -1.0317707061767578, "v1": -0.24800211191177368, "v7": 0.38315203785896301 }, "geometry": { "type": "Point", "coordinates": [ 303.75, -6.664450169 ] } },
{ "type": "Feature", "properties": { "id": 2771, "u1": 0.075332134962081909, "u7": -0.98707526922225952, "v1": -0.74933522939682007, "v7": 0.76738190650939941 }, "geometry": { "type": "Point", "coordinates": [ 303.75, -12.376837168999989 ] } },
{ "type": "Feature", "properties": { "id": 2772, "u1": 0.10166473686695099, "u7": -0.76501923799514771, "v1": -1.2570012807846069, "v7": 0.6011548638343811 }, "geometry": { "type": "Point", "coordinates": [ 303.75, -18.089224168999984 ] } },
{ "type": "Feature", "properties": { "id": 2773, "u1": -1.0696675777435303, "u7": -1.2233884334564209, "v1": -0.60666859149932861, "v7": -0.068250931799411774 }, "geometry": { "type": "Point", "coordinates": [ 303.75, -23.801611169 ] } },
{ "type": "Feature", "properties": { "id": 2774, "u1": -2.6296682357788086, "u7": -1.5043984651565552, "v1": 0.87333220243453979, "v7": -0.099337585270404816 }, "geometry": { "type": "Point", "coordinates": [ 303.75, -29.513998169 ] } },
{ "type": "Feature", "properties": { "id": 2775, "u1": -3.1733336448669434, "u7": 1.0979864597320557, "v1": -0.47166797518730164, "v7": -0.095294289290904999 }, "geometry": { "type": "Point", "coordinates": [ 303.75, -35.226385169 ] } },
{ "type": "Feature", "properties": { "id": 2776, "u1": 1.7936666011810303, "u7": 4.5131220817565918, "v1": -2.4126677513122559, "v7": -1.1668351888656616 }, "geometry": { "type": "Point", "coordinates": [ 303.75, -40.938772168999982 ] } },
{ "type": "Feature", "properties": { "id": 2777, "u1": 5.6463322639465332, "u7": 5.7033801078796387, "v1": -2.0396678447723389, "v7": -1.3562432527542114 }, "geometry": { "type": "Point", "coordinates": [ 303.75, -46.651159168999989 ] } },
{ "type": "Feature", "properties": { "id": 2778, "u1": 6.6073312759399414, "u7": 5.7236614227294922, "v1": -2.7400014400482178, "v7": -1.7404311895370483 }, "geometry": { "type": "Point", "coordinates": [ 303.75, -52.363546169 ] } },
{ "type": "Feature", "properties": { "id": 2779, "u1": 4.1713318824768066, "u7": 3.7844414710998535, "v1": -1.8730010986328125, "v7": -1.0133637189865112 }, "geometry": { "type": "Point", "coordinates": [ 303.75, -58.075933169 ] } },
{ "type": "Feature", "properties": { "id": 2780, "u1": 1.8456645011901855, "u7": 1.8831263780593872, "v1": -0.62566781044006348, "v7": -0.42581918835639954 }, "geometry": { "type": "Point", "coordinates": [ 303.75, -63.788320168999981 ] } },
{ "type": "Feature", "properties": { "id": 2781, "u1": -0.79533541202545166, "u7": 2.1153562068939209, "v1": 0.88366597890853882, "v7": 2.0927751064300537 }, "geometry": { "type": "Point", "coordinates": [ 303.75, -69.50070716899998 ] } },
{ "type": "Feature", "properties": { "id": 2782, "u1": -0.49200084805488586, "u7": 2.5762286186218262, "v1": 1.425666332244873, "v7": 3.818690299987793 }, "geometry": { "type": "Point", "coordinates": [ 303.75, -75.213094168999987 ] } },
{ "type": "Feature", "properties": { "id": 2783, "u1": -1.5493341684341431, "u7": -2.5011751651763916, "v1": 1.2529994249343872, "v7": 4.1484465599060059 }, "geometry": { "type": "Point", "coordinates": [ 303.75, -80.925481168999966 ] } },
{ "type": "Feature", "properties": { "id": 2784, "u1": -5.5433349609375, "u7": -11.042548179626465, "v1": 1.2903314828872681, "v7": 3.642085075378418 }, "geometry": { "type": "Point", "coordinates": [ 303.75, -86.637868168999972 ] } },
{ "type": "Feature", "properties": { "id": 2786, "u1": 1.0673325061798096, "u7": 1.5261561870574951, "v1": -0.4233347475528717, "v7": 0.71680277585983276 }, "geometry": { "type": "Point", "coordinates": [ 309.375, 84.733741831 ] } },
{ "type": "Feature", "properties": { "id": 2787, "u1": 0.64266562461853027, "u7": 1.2378323078155518, "v1": 6.5909972190856934, "v7": 2.8650696277618408 }, "geometry": { "type": "Point", "coordinates": [ 309.375, 79.021354831000011 ] } },
{ "type": "Feature", "properties": { "id": 2788, "u1": -6.4540009498596191, "u7": -3.1741993427276611, "v1": 6.7343316078186035, "v7": 4.1166772842407227 }, "geometry": { "type": "Point", "coordinates": [ 309.375, 73.308967831000018 ] } },
{ "type": "Feature", "properties": { "id": 2789, "u1": -4.8720002174377441, "u7": -1.8215256929397583, "v1": 4.2619976997375488, "v7": 3.0950689315795898 }, "geometry": { "type": "Point", "coordinates": [ 309.375, 67.596580831000011 ] } },
{ "type": "Feature", "properties": { "id": 2790, "u1": -1.8006683588027954, "u7": -2.7063264846801758, "v1": -0.64866536855697632, "v7": 0.90995407104492188 }, "geometry": { "type": "Point", "coordinates": [ 309.375, 61.884193831 ] } },
{ "type": "Feature", "properties": { "id": 2791, "u1": 6.7026658058166504, "u7": 0.60313552618026733, "v1": -1.1580007076263428, "v7": 0.84022510051727295 }, "geometry": { "type": "Point", "coordinates": [ 309.375, 56.171806831 ] } },
{ "type": "Feature", "properties": { "id": 2792, "u1": 7.4583330154418945, "u7": 2.4706430435180664, "v1": 0.17833252251148224, "v7": 2.9573366641998291 }, "geometry": { "type": "Point", "coordinates": [ 309.375, 50.459419831 ] } },
{ "type": "Feature", "properties": { "id": 2793, "u1": 4.5126657485961914, "u7": 2.9191446304321289, "v1": 0.63800048828125, "v7": 3.2269847393035889 }, "geometry": { "type": "Point", "coordinates": [ 309.375, 44.747032831 ] } },
{ "type": "Feature", "properties": { "id": 2794, "u1": 5.1343326568603516, "u7": 3.64164137840271, "v1": 1.7246638536453247, "v7": 3.9456925392150879 }, "geometry": { "type": "Point", "coordinates": [ 309.375, 39.034645831 ] } },
{ "type": "Feature", "properties": { "id": 2795, "u1": 3.1363332271575928, "u7": 0.024345716461539268, "v1": 1.8676650524139404, "v7": 2.2814786434173584 }, "geometry": { "type": "Point", "coordinates": [ 309.375, 33.322258831 ] } },
{ "type": "Feature", "properties": { "id": 2796, "u1": -2.0716674327850342, "u7": -4.1665096282958984, "v1": -0.04466807097196579, "v7": 0.46722128987312317 }, "geometry": { "type": "Point", "coordinates": [ 309.375, 27.609871831 ] } },
{ "type": "Feature", "properties": { "id": 2797, "u1": -5.9693341255187988, "u7": -7.0076918601989746, "v1": -1.8023335933685303, "v7": -1.0941306352615356 }, "geometry": { "type": "Point", "coordinates": [ 309.375, 21.897484831 ] } },
{ "type": "Feature", "properties": { "id": 2798, "u1": -7.7926688194274902, "u7": -7.8343749046325684, "v1": -2.9873347282409668, "v7": -2.234769344329834 }, "geometry": { "type": "Point", "coordinates": [ 309.375, 16.185097831 ] } },
{ "type": "Feature", "properties": { "id": 2799, "u1": -8.1986665725708008, "u7": -6.5079164505004883, "v1": -3.9856679439544678, "v7": -2.8944954872131348 }, "geometry": { "type": "Point", "coordinates": [ 309.375, 10.472710831 ] } },
{ "type": "Feature", "properties": { "id": 2800, "u1": -5.578333854675293, "u7": -3.72469162940979, "v1": -3.7036681175231934, "v7": -0.53447669744491577 }, "geometry": { "type": "Point", "coordinates": [ 309.375, 4.760323831000016 ] } },
{ "type": "Feature", "properties": { "id": 2801, "u1": -0.68100178241729736, "u7": -0.89005035161972046, "v1": -0.92566782236099243, "v7": -0.18852490186691284 }, "geometry": { "type": "Point", "coordinates": [ 309.375, -0.952063169 ] } },
{ "type": "Feature", "properties": { "id": 2802, "u1": -0.15900115668773651, "u7": -1.2785791158676147, "v1": -0.30900165438652039, "v7": 0.55939310789108276 }, "geometry": { "type": "Point", "coordinates": [ 309.375, -6.664450169 ] } },
{ "type": "Feature", "properties": { "id": 2803, "u1": 0.050665281713008881, "u7": -1.6853553056716919, "v1": -0.44366809725761414, "v7": 1.0551780462265015 }, "geometry": { "type": "Point", "coordinates": [ 309.375, -12.376837168999989 ] } },
{ "type": "Feature", "properties": { "id": 2804, "u1": -0.065335080027580261, "u7": -1.8772097826004028, "v1": -0.88900250196456909, "v7": 0.11211974918842316 }, "geometry": { "type": "Point", "coordinates": [ 309.375, -18.089224168999984 ] } },
{ "type": "Feature", "properties": { "id": 2805, "u1": -1.654999852180481, "u7": -2.0693020820617676, "v1": -0.28166657686233521, "v7": -0.53205543756484985 }, "geometry": { "type": "Point", "coordinates": [ 309.375, -23.801611169 ] } },
{ "type": "Feature", "properties": { "id": 2806, "u1": -2.2153334617614746, "u7": 0.34101083874702454, "v1": -0.36200052499771118, "v7": -1.4420820474624634 }, "geometry": { "type": "Point", "coordinates": [ 309.375, -29.513998169 ] } },
{ "type": "Feature", "properties": { "id": 2807, "u1": -2.106334924697876, "u7": 2.8791086673736572, "v1": -0.65866851806640625, "v7": 0.63560599088668823 }, "geometry": { "type": "Point", "coordinates": [ 309.375, -35.226385169 ] } },
{ "type": "Feature", "properties": { "id": 2808, "u1": 3.2323307991027832, "u7": 5.4519596099853516, "v1": -0.91533458232879639, "v7": 0.77587288618087769 }, "geometry": { "type": "Point", "coordinates": [ 309.375, -40.938772168999982 ] } },
{ "type": "Feature", "properties": { "id": 2809, "u1": 6.1719975471496582, "u7": 6.2213263511657715, "v1": -1.2073343992233276, "v7": 0.33264711499214172 }, "geometry": { "type": "Point", "coordinates": [ 309.375, -46.651159168999989 ] } },
{ "type": "Feature", "properties": { "id": 2810, "u1": 6.4113311767578125, "u7": 5.6687946319580078, "v1": -2.0226683616638184, "v7": -0.7825772762298584 }, "geometry": { "type": "Point", "coordinates": [ 309.375, -52.363546169 ] } },
{ "type": "Feature", "properties": { "id": 2811, "u1": 4.5299983024597168, "u7": 3.9026072025299072, "v1": -1.2213338613510132, "v7": -0.091271445155143738 }, "geometry": { "type": "Point", "coordinates": [ 309.375, -58.075933169 ] } },
{ "type": "Feature", "properties": { "id": 2812, "u1": 2.1336660385131836, "u7": 2.8319082260131836, "v1": -0.60900169610977173, "v7": -0.24007974565029144 }, "geometry": { "type": "Point", "coordinates": [ 309.375, -63.788320168999981 ] } },
{ "type": "Feature", "properties": { "id": 2813, "u1": -0.58266705274581909, "u7": 1.9528456926345825, "v1": 0.53599905967712402, "v7": 1.5396040678024292 }, "geometry": { "type": "Point", "coordinates": [ 309.375, -69.50070716899998 ] } },
{ "type": "Feature", "properties": { "id": 2814, "u1": -0.69833427667617798, "u7": 1.8189641237258911, "v1": 1.0146652460098267, "v7": 3.8085386753082275 }, "geometry": { "type": "Point", "coordinates": [ 309.375, -75.213094168999987 ] } },
{ "type": "Feature", "properties": { "id": 2815, "u1": -2.0126678943634033, "u7": -3.7893023490905762, "v1": 0.22566477954387665, "v7": 2.0533959865570068 }, "geometry": { "type": "Point", "coordinates": [ 309.375, -80.925481168999966 ] } },
{ "type": "Feature", "properties": { "id": 2816, "u1": -5.7893357276916504, "u7": -11.594891548156738, "v1": 0.83066612482070923, "v7": 2.7056515216827393 }, "geometry": { "type": "Point", "coordinates": [ 309.375, -86.637868168999972 ] } },
{ "type": "Feature", "properties": { "id": 2818, "u1": 1.1523309946060181, "u7": 1.6538424491882324, "v1": -0.42400157451629639, "v7": 0.59290134906768799 }, "geometry": { "type": "Point", "coordinates": [ 315.0, 84.733741831 ] } },
{ "type": "Feature", "properties": { "id": 2819, "u1": 3.4126648902893066, "u7": 2.4962813854217529, "v1": 5.5370001792907715, "v7": 2.0149681568145752 }, "geometry": { "type": "Point", "coordinates": [ 315.0, 79.021354831000011 ] } },
{ "type": "Feature", "properties": { "id": 2820, "u1": -3.8216679096221924, "u7": -1.3990790843963623, "v1": 7.3653311729431152, "v7": 3.4984660148620605 }, "geometry": { "type": "Point", "coordinates": [ 315.0, 73.308967831000018 ] } },
{ "type": "Feature", "properties": { "id": 2821, "u1": -6.1566681861877441, "u7": -1.4873822927474976, "v1": 4.1016669273376465, "v7": 2.5156512260437012 }, "geometry": { "type": "Point", "coordinates": [ 315.0, 67.596580831000011 ] } },
{ "type": "Feature", "properties": { "id": 2822, "u1": -2.4943349361419678, "u7": -2.1384708881378174, "v1": -1.7680022716522217, "v7": -1.1499209403991699 }, "geometry": { "type": "Point", "coordinates": [ 315.0, 61.884193831 ] } },
{ "type": "Feature", "properties": { "id": 2823, "u1": 5.5073323249816895, "u7": 1.5319385528564453, "v1": 0.58100026845932007, "v7": 0.75774890184402466 }, "geometry": { "type": "Point", "coordinates": [ 315.0, 56.171806831 ] } },
{ "type": "Feature", "properties": { "id": 2824, "u1": 7.8833327293395996, "u7": 3.628746509552002, "v1": 1.9483321905136108, "v7": 2.6664888858795166 }, "geometry": { "type": "Point", "coordinates": [ 315.0, 50.459419831 ] } },
{ "type": "Feature", "properties": { "id": 2825, "u1": 6.6186642646789551, "u7": 3.5729522705078125, "v1": 0.50166624784469604, "v7": 2.3977937698364258 }, "geometry": { "type": "Point", "coordinates": [ 315.0, 44.747032831 ] } },
{ "type": "Feature", "properties": { "id": 2826, "u1": 5.1876649856567383, "u7": 3.077862024307251, "v1": 2.4263315200805664, "v7": 3.2892677783966064 }, "geometry": { "type": "Point", "coordinates": [ 315.0, 39.034645831 ] } },
{ "type": "Feature", "properties": { "id": 2827, "u1": 2.1673305034637451, "u7": -0.70406502485275269, "v1": 1.7116658687591553, "v7": 1.2241867780685425 }, "geometry": { "type": "Point", "coordinates": [ 315.0, 33.322258831 ] } },
{ "type": "Feature", "properties": { "id": 2828, "u1": -2.1786677837371826, "u7": -4.5321135520935059, "v1": -0.45366668701171875, "v7": -0.38330617547035217 }, "geometry": { "type": "Point", "coordinates": [ 315.0, 27.609871831 ] } },
{ "type": "Feature", "properties": { "id": 2829, "u1": -5.9876666069030762, "u7": -7.0341935157775879, "v1": -2.0953347682952881, "v7": -1.9414503574371338 }, "geometry": { "type": "Point", "coordinates": [ 315.0, 21.897484831 ] } },
{ "type": "Feature", "properties": { "id": 2830, "u1": -7.6870017051696777, "u7": -7.3343353271484375, "v1": -2.8720016479492188, "v7": -2.8988027572631836 }, "geometry": { "type": "Point", "coordinates": [ 315.0, 16.185097831 ] } },
{ "type": "Feature", "properties": { "id": 2831, "u1": -8.38800048828125, "u7": -6.0387072563171387, "v1": -4.1660013198852539, "v7": -3.6332883834838867 }, "geometry": { "type": "Point", "coordinates": [ 315.0, 10.472710831 ] } },
{ "type": "Feature", "properties": { "id": 2832, "u1": -7.2226667404174805, "u7": -3.5216145515441895, "v1": -4.1650018692016602, "v7": -0.075065411627292633 }, "geometry": { "type": "Point", "coordinates": [ 315.0, 4.760323831000016 ] } },
{ "type": "Feature", "properties": { "id": 2833, "u1": -4.1410007476806641, "u7": -4.4735593795776367, "v1": -2.1476690769195557, "v7": 0.69615930318832397 }, "geometry": { "type": "Point", "coordinates": [ 315.0, -0.952063169 ] } },
{ "type": "Feature", "properties": { "id": 2834, "u1": -0.19566752016544342, "u7": -2.2797257900238037, "v1": -0.33466848731040955, "v7": 1.4587751626968384 }, "geometry": { "type": "Point", "coordinates": [ 315.0, -6.664450169 ] } },
{ "type": "Feature", "properties": { "id": 2835, "u1": -0.80166882276535034, "u7": -3.3301606178283691, "v1": -0.28766834735870361, "v7": 1.1847687959671021 }, "geometry": { "type": "Point", "coordinates": [ 315.0, -12.376837168999989 ] } },
{ "type": "Feature", "properties": { "id": 2836, "u1": -1.4030019044876099, "u7": -2.7146100997924805, "v1": -0.92400157451629639, "v7": -0.095454998314380646 }, "geometry": { "type": "Point", "coordinates": [ 315.0, -18.089224168999984 ] } },
{ "type": "Feature", "properties": { "id": 2837, "u1": -2.5280003547668457, "u7": -1.7661217451095581, "v1": -0.34933319687843323, "v7": -0.69501644372940063 }, "geometry": { "type": "Point", "coordinates": [ 315.0, -23.801611169 ] } },
{ "type": "Feature", "properties": { "id": 2838, "u1": -3.5706679821014404, "u7": 0.66410166025161743, "v1": -0.56233471632003784, "v7": -1.249855637550354 }, "geometry": { "type": "Point", "coordinates": [ 315.0, -29.513998169 ] } },
{ "type": "Feature", "properties": { "id": 2839, "u1": -1.3776671886444092, "u7": 2.5087952613830566, "v1": -0.91633301973342896, "v7": -0.94330519437789917 }, "geometry": { "type": "Point", "coordinates": [ 315.0, -35.226385169 ] } },
{ "type": "Feature", "properties": { "id": 2840, "u1": 3.0226655006408691, "u7": 3.9623079299926758, "v1": -1.5873347520828247, "v7": -0.084307096898555756 }, "geometry": { "type": "Point", "coordinates": [ 315.0, -40.938772168999982 ] } },
{ "type": "Feature", "properties": { "id": 2841, "u1": 5.8933324813842773, "u7": 5.8328380584716797, "v1": -1.5003336668014526, "v7": -0.008390696719288826 }, "geometry": { "type": "Point", "coordinates": [ 315.0, -46.651159168999989 ] } },
{ "type": "Feature", "properties": { "id": 2842, "u1": 6.399998664855957, "u7": 5.5360102653503418, "v1": -1.737334132194519, "v7": -0.3590603768825531 }, "geometry": { "type": "Point", "coordinates": [ 315.0, -52.363546169 ] } },
{ "type": "Feature", "properties": { "id": 2843, "u1": 4.4846644401550293, "u7": 4.0342645645141602, "v1": -0.98200124502182007, "v7": 0.61020815372467041 }, "geometry": { "type": "Point", "coordinates": [ 315.0, -58.075933169 ] } },
{ "type": "Feature", "properties": { "id": 2844, "u1": 1.8286662101745605, "u7": 3.3582150936126709, "v1": -0.96466773748397827, "v7": -0.43827861547470093 }, "geometry": { "type": "Point", "coordinates": [ 315.0, -63.788320168999981 ] } },
{ "type": "Feature", "properties": { "id": 2845, "u1": -0.41500142216682434, "u7": 2.0820760726928711, "v1": -0.28933411836624146, "v7": 0.42842930555343628 }, "geometry": { "type": "Point", "coordinates": [ 315.0, -69.50070716899998 ] } },
{ "type": "Feature", "properties": { "id": 2846, "u1": -1.0300008058547974, "u7": 0.758078932762146, "v1": 0.42266491055488586, "v7": 2.7463583946228027 }, "geometry": { "type": "Point", "coordinates": [ 315.0, -75.213094168999987 ] } },
{ "type": "Feature", "properties": { "id": 2847, "u1": -2.3789992332458496, "u7": -5.1874003410339355, "v1": -0.73066812753677368, "v7": 0.028267353773117065 }, "geometry": { "type": "Point", "coordinates": [ 315.0, -80.925481168999966 ] } },
{ "type": "Feature", "properties": { "id": 2848, "u1": -5.8836684226989746, "u7": -12.019670486450195, "v1": 0.27533161640167236, "v7": 1.5330816507339478 }, "geometry": { "type": "Point", "coordinates": [ 315.0, -86.637868168999972 ] } },
{ "type": "Feature", "properties": { "id": 2850, "u1": 1.1983321905136108, "u7": 1.6973094940185547, "v1": -0.52066701650619507, "v7": 0.44206443428993225 }, "geometry": { "type": "Point", "coordinates": [ 320.625, 84.733741831 ] } },
{ "type": "Feature", "properties": { "id": 2851, "u1": 5.4333329200744629, "u7": 3.3559293746948242, "v1": 3.1659989356994629, "v7": 0.71764373779296875 }, "geometry": { "type": "Point", "coordinates": [ 320.625, 79.021354831000011 ] } },
{ "type": "Feature", "properties": { "id": 2852, "u1": 1.4686650037765503, "u7": 0.7305101752281189, "v1": 3.8256628513336182, "v7": 1.2332191467285156 }, "geometry": { "type": "Point", "coordinates": [ 320.625, 73.308967831000018 ] } },
{ "type": "Feature", "properties": { "id": 2853, "u1": -4.452667236328125, "u7": -0.95786821842193604, "v1": -3.532001256942749, "v7": -0.80230462551116943 }, "geometry": { "type": "Point", "coordinates": [ 320.625, 67.596580831000011 ] } },
{ "type": "Feature", "properties": { "id": 2854, "u1": -0.98833519220352173, "u7": -1.3153076171875, "v1": -2.8940012454986572, "v7": -2.7485754489898682 }, "geometry": { "type": "Point", "coordinates": [ 320.625, 61.884193831 ] } },
{ "type": "Feature", "properties": { "id": 2855, "u1": 5.4583296775817871, "u7": 2.5969421863555908, "v1": 2.1503305435180664, "v7": 0.93427383899688721 }, "geometry": { "type": "Point", "coordinates": [ 320.625, 56.171806831 ] } },
{ "type": "Feature", "properties": { "id": 2856, "u1": 7.1239986419677734, "u7": 4.0745029449462891, "v1": 2.2420003414154053, "v7": 1.8605345487594604 }, "geometry": { "type": "Point", "coordinates": [ 320.625, 50.459419831 ] } },
{ "type": "Feature", "properties": { "id": 2857, "u1": 6.8373322486877441, "u7": 4.0366182327270508, "v1": 1.7746658325195312, "v7": 2.1778252124786377 }, "geometry": { "type": "Point", "coordinates": [ 320.625, 44.747032831 ] } },
{ "type": "Feature", "properties": { "id": 2858, "u1": 4.8269977569580078, "u7": 2.5692460536956787, "v1": 3.0403320789337158, "v7": 1.9762610197067261 }, "geometry": { "type": "Point", "coordinates": [ 320.625, 39.034645831 ] } },
{ "type": "Feature", "properties": { "id": 2859, "u1": 1.2329981327056885, "u7": -1.2291889190673828, "v1": 1.484332799911499, "v7": 0.16088809072971344 }, "geometry": { "type": "Point", "coordinates": [ 320.625, 33.322258831 ] } },
{ "type": "Feature", "properties": { "id": 2860, "u1": -2.8786675930023193, "u7": -4.8545866012573242, "v1": -0.56933289766311646, "v7": -1.4801520109176636 }, "geometry": { "type": "Point", "coordinates": [ 320.625, 27.609871831 ] } },
{ "type": "Feature", "properties": { "id": 2861, "u1": -5.8710017204284668, "u7": -6.8023238182067871, "v1": -1.8263345956802368, "v7": -2.9883084297180176 }, "geometry": { "type": "Point", "coordinates": [ 320.625, 21.897484831 ] } },
{ "type": "Feature", "properties": { "id": 2862, "u1": -7.7863340377807617, "u7": -6.7408947944641113, "v1": -3.0496673583984375, "v7": -3.6915576457977295 }, "geometry": { "type": "Point", "coordinates": [ 320.625, 16.185097831 ] } },
{ "type": "Feature", "properties": { "id": 2863, "u1": -8.1510000228881836, "u7": -5.1333088874816895, "v1": -4.6043343544006348, "v7": -3.9745936393737793 }, "geometry": { "type": "Point", "coordinates": [ 320.625, 10.472710831 ] } },
{ "type": "Feature", "properties": { "id": 2864, "u1": -7.1883358955383301, "u7": -2.0723776817321777, "v1": -4.0096664428710938, "v7": 1.1462785005569458 }, "geometry": { "type": "Point", "coordinates": [ 320.625, 4.760323831000016 ] } },
{ "type": "Feature", "properties": { "id": 2865, "u1": -6.3296685218811035, "u7": -6.8734316825866699, "v1": -0.97466784715652466, "v7": 3.1069319248199463 }, "geometry": { "type": "Point", "coordinates": [ 320.625, -0.952063169 ] } },
{ "type": "Feature", "properties": { "id": 2866, "u1": -2.2280004024505615, "u7": -3.4425866603851318, "v1": -0.20866800844669342, "v7": 3.7176511287689209 }, "geometry": { "type": "Point", "coordinates": [ 320.625, -6.664450169 ] } },
{ "type": "Feature", "properties": { "id": 2867, "u1": -5.1376681327819824, "u7": -3.6815519332885742, "v1": 0.57666677236557007, "v7": 2.7240221500396729 }, "geometry": { "type": "Point", "coordinates": [ 320.625, -12.376837168999989 ] } },
{ "type": "Feature", "properties": { "id": 2868, "u1": -4.8833346366882324, "u7": -4.2325825691223145, "v1": -3.5026671886444092, "v7": 0.63826370239257812 }, "geometry": { "type": "Point", "coordinates": [ 320.625, -18.089224168999984 ] } },
{ "type": "Feature", "properties": { "id": 2869, "u1": -2.8913350105285645, "u7": -2.1903221607208252, "v1": -5.7390017509460449, "v7": -2.11708664894104 }, "geometry": { "type": "Point", "coordinates": [ 320.625, -23.801611169 ] } },
{ "type": "Feature", "properties": { "id": 2870, "u1": -3.0880000591278076, "u7": 0.38023826479911804, "v1": -2.0396683216094971, "v7": -1.7400237321853638 }, "geometry": { "type": "Point", "coordinates": [ 320.625, -29.513998169 ] } },
{ "type": "Feature", "properties": { "id": 2871, "u1": -0.75633442401885986, "u7": 3.4491767883300781, "v1": -1.0686681270599365, "v7": -1.5276925563812256 }, "geometry": { "type": "Point", "coordinates": [ 320.625, -35.226385169 ] } },
{ "type": "Feature", "properties": { "id": 2872, "u1": 3.3819966316223145, "u7": 4.5909667015075684, "v1": -1.448668360710144, "v7": -0.30242273211479187 }, "geometry": { "type": "Point", "coordinates": [ 320.625, -40.938772168999982 ] } },
{ "type": "Feature", "properties": { "id": 2873, "u1": 6.4956645965576172, "u7": 5.9147000312805176, "v1": -1.7436686754226685, "v7": -0.47072884440422058 }, "geometry": { "type": "Point", "coordinates": [ 320.625, -46.651159168999989 ] } },
{ "type": "Feature", "properties": { "id": 2874, "u1": 6.6329984664916992, "u7": 5.8257136344909668, "v1": -1.4206680059432983, "v7": -0.35920968651771545 }, "geometry": { "type": "Point", "coordinates": [ 320.625, -52.363546169 ] } },
{ "type": "Feature", "properties": { "id": 2875, "u1": 4.3139996528625488, "u7": 3.954404354095459, "v1": -0.71933442354202271, "v7": 1.0477375984191895 }, "geometry": { "type": "Point", "coordinates": [ 320.625, -58.075933169 ] } },
{ "type": "Feature", "properties": { "id": 2876, "u1": 1.4516646862030029, "u7": 3.3352828025817871, "v1": -0.85133415460586548, "v7": -0.3864554762840271 }, "geometry": { "type": "Point", "coordinates": [ 320.625, -63.788320168999981 ] } },
{ "type": "Feature", "properties": { "id": 2877, "u1": -0.1863352507352829, "u7": 2.4947977066040039, "v1": -0.54600119590759277, "v7": 0.26472806930541992 }, "geometry": { "type": "Point", "coordinates": [ 320.625, -69.50070716899998 ] } },
{ "type": "Feature", "properties": { "id": 2878, "u1": -1.3413350582122803, "u7": -0.67264366149902344, "v1": -0.22100117802619934, "v7": 1.0583217144012451 }, "geometry": { "type": "Point", "coordinates": [ 320.625, -75.213094168999987 ] } },
{ "type": "Feature", "properties": { "id": 2879, "u1": -2.7786672115325928, "u7": -6.6357240676879883, "v1": -1.6223353147506714, "v7": -1.9554321765899658 }, "geometry": { "type": "Point", "coordinates": [ 320.625, -80.925481168999966 ] } },
{ "type": "Feature", "properties": { "id": 2880, "u1": -5.8993344306945801, "u7": -12.251836776733398, "v1": -0.34033507108688354, "v7": 0.19494210183620453 }, "geometry": { "type": "Point", "coordinates": [ 320.625, -86.637868168999972 ] } },
{ "type": "Feature", "properties": { "id": 2882, "u1": 1.1729985475540161, "u7": 1.6465007066726685, "v1": -0.71033424139022827, "v7": 0.29913821816444397 }, "geometry": { "type": "Point", "coordinates": [ 326.25, 84.733741831 ] } },
{ "type": "Feature", "properties": { "id": 2883, "u1": 6.0583319664001465, "u7": 3.509056568145752, "v1": 0.34299927949905396, "v7": -0.63356006145477295 }, "geometry": { "type": "Point", "coordinates": [ 326.25, 79.021354831000011 ] } },
{ "type": "Feature", "properties": { "id": 2884, "u1": 5.5626649856567383, "u7": 1.982052206993103, "v1": -1.384001612663269, "v7": -1.4412286281585693 }, "geometry": { "type": "Point", "coordinates": [ 326.25, 73.308967831000018 ] } },
{ "type": "Feature", "properties": { "id": 2885, "u1": -3.5630013942718506, "u7": -1.3213136196136475, "v1": -8.6013345718383789, "v7": -3.3489632606506348 }, "geometry": { "type": "Point", "coordinates": [ 326.25, 67.596580831000011 ] } },
{ "type": "Feature", "properties": { "id": 2886, "u1": 0.24299876391887665, "u7": -0.59422314167022705, "v1": -0.01066691055893898, "v7": -1.8509694337844849 }, "geometry": { "type": "Point", "coordinates": [ 326.25, 61.884193831 ] } },
{ "type": "Feature", "properties": { "id": 2887, "u1": 5.7653298377990723, "u7": 3.2073066234588623, "v1": 3.1069982051849365, "v7": 0.7931944727897644 }, "geometry": { "type": "Point", "coordinates": [ 326.25, 56.171806831 ] } },
{ "type": "Feature", "properties": { "id": 2888, "u1": 5.7806644439697266, "u7": 4.2393841743469238, "v1": 3.3929986953735352, "v7": 1.5466338396072388 }, "geometry": { "type": "Point", "coordinates": [ 326.25, 50.459419831 ] } },
{ "type": "Feature", "properties": { "id": 2889, "u1": 5.7956638336181641, "u7": 4.1143937110900879, "v1": 3.4953298568725586, "v7": 1.7774462699890137 }, "geometry": { "type": "Point", "coordinates": [ 326.25, 44.747032831 ] } },
{ "type": "Feature", "properties": { "id": 2890, "u1": 3.9076645374298096, "u7": 1.9968380928039551, "v1": 3.2653310298919678, "v7": 0.77503049373626709 }, "geometry": { "type": "Point", "coordinates": [ 326.25, 39.034645831 ] } },
{ "type": "Feature", "properties": { "id": 2891, "u1": 0.38366648554801941, "u7": -1.6530082225799561, "v1": 1.0033329725265503, "v7": -1.2059599161148071 }, "geometry": { "type": "Point", "coordinates": [ 326.25, 33.322258831 ] } },
{ "type": "Feature", "properties": { "id": 2892, "u1": -3.4860014915466309, "u7": -4.9106731414794922, "v1": -0.83733367919921875, "v7": -2.7485029697418213 }, "geometry": { "type": "Point", "coordinates": [ 326.25, 27.609871831 ] } },
{ "type": "Feature", "properties": { "id": 2893, "u1": -6.0970005989074707, "u7": -6.4524712562561035, "v1": -2.0036671161651611, "v7": -4.0744314193725586 }, "geometry": { "type": "Point", "coordinates": [ 326.25, 21.897484831 ] } },
{ "type": "Feature", "properties": { "id": 2894, "u1": -7.7236676216125488, "u7": -5.8590469360351562, "v1": -3.6763331890106201, "v7": -4.4132466316223145 }, "geometry": { "type": "Point", "coordinates": [ 326.25, 16.185097831 ] } },
{ "type": "Feature", "properties": { "id": 2895, "u1": -7.5516681671142578, "u7": -3.5858511924743652, "v1": -5.1683359146118164, "v7": -3.4834601879119873 }, "geometry": { "type": "Point", "coordinates": [ 326.25, 10.472710831 ] } },
{ "type": "Feature", "properties": { "id": 2896, "u1": -6.4900021553039551, "u7": -1.524471640586853, "v1": -3.7440018653869629, "v7": 2.7707161903381348 }, "geometry": { "type": "Point", "coordinates": [ 326.25, 4.760323831000016 ] } },
{ "type": "Feature", "properties": { "id": 2897, "u1": -4.7120013236999512, "u7": -5.5638179779052734, "v1": 1.3349975347518921, "v7": 3.913738489151001 }, "geometry": { "type": "Point", "coordinates": [ 326.25, -0.952063169 ] } },
{ "type": "Feature", "properties": { "id": 2898, "u1": -6.6943354606628418, "u7": -5.800961971282959, "v1": 2.4866647720336914, "v7": 5.5252676010131836 }, "geometry": { "type": "Point", "coordinates": [ 326.25, -6.664450169 ] } },
{ "type": "Feature", "properties": { "id": 2899, "u1": -6.7900018692016602, "u7": -7.8121151924133301, "v1": 0.13466492295265198, "v7": 3.9557859897613525 }, "geometry": { "type": "Point", "coordinates": [ 326.25, -12.376837168999989 ] } },
{ "type": "Feature", "properties": { "id": 2900, "u1": -5.3050017356872559, "u7": -6.355006217956543, "v1": -2.5376667976379395, "v7": 1.1058281660079956 }, "geometry": { "type": "Point", "coordinates": [ 326.25, -18.089224168999984 ] } },
{ "type": "Feature", "properties": { "id": 2901, "u1": -2.6666672229766846, "u7": -2.850752592086792, "v1": -4.121002197265625, "v7": -0.96911686658859253 }, "geometry": { "type": "Point", "coordinates": [ 326.25, -23.801611169 ] } },
{ "type": "Feature", "properties": { "id": 2902, "u1": -1.7010015249252319, "u7": 1.0799692869186401, "v1": -2.5936686992645264, "v7": -1.7488610744476318 }, "geometry": { "type": "Point", "coordinates": [ 326.25, -29.513998169 ] } },
{ "type": "Feature", "properties": { "id": 2903, "u1": -0.079667665064334869, "u7": 3.8800079822540283, "v1": -1.5010019540786743, "v7": -1.7332121133804321 }, "geometry": { "type": "Point", "coordinates": [ 326.25, -35.226385169 ] } },
{ "type": "Feature", "properties": { "id": 2904, "u1": 4.0303330421447754, "u7": 5.141261100769043, "v1": -1.4373341798782349, "v7": -0.63230836391448975 }, "geometry": { "type": "Point", "coordinates": [ 326.25, -40.938772168999982 ] } },
{ "type": "Feature", "properties": { "id": 2905, "u1": 7.0123305320739746, "u7": 6.0293025970458984, "v1": -1.92266845703125, "v7": -0.81753498315811157 }, "geometry": { "type": "Point", "coordinates": [ 326.25, -46.651159168999989 ] } },
{ "type": "Feature", "properties": { "id": 2906, "u1": 6.9713311195373535, "u7": 6.2789521217346191, "v1": -1.2973347902297974, "v7": -0.40981993079185486 }, "geometry": { "type": "Point", "coordinates": [ 326.25, -52.363546169 ] } },
{ "type": "Feature", "properties": { "id": 2907, "u1": 3.9589982032775879, "u7": 3.7896401882171631, "v1": -0.40800222754478455, "v7": 1.279532790184021 }, "geometry": { "type": "Point", "coordinates": [ 326.25, -58.075933169 ] } },
{ "type": "Feature", "properties": { "id": 2908, "u1": 1.2703312635421753, "u7": 3.3237082958221436, "v1": -0.41700133681297302, "v7": -0.099444881081581116 }, "geometry": { "type": "Point", "coordinates": [ 326.25, -63.788320168999981 ] } },
{ "type": "Feature", "properties": { "id": 2909, "u1": -0.054334003478288651, "u7": 2.7007505893707275, "v1": -0.30100199580192566, "v7": 0.57515174150466919 }, "geometry": { "type": "Point", "coordinates": [ 326.25, -69.50070716899998 ] } },
{ "type": "Feature", "properties": { "id": 2910, "u1": -1.6923345327377319, "u7": -2.7435846328735352, "v1": -0.85900014638900757, "v7": -0.99995189905166626 }, "geometry": { "type": "Point", "coordinates": [ 326.25, -75.213094168999987 ] } },
{ "type": "Feature", "properties": { "id": 2911, "u1": -3.0610010623931885, "u7": -7.8316531181335449, "v1": -2.4263336658477783, "v7": -3.8348739147186279 }, "geometry": { "type": "Point", "coordinates": [ 326.25, -80.925481168999966 ] } },
{ "type": "Feature", "properties": { "id": 2912, "u1": -5.8103351593017578, "u7": -12.248969078063965, "v1": -0.98566794395446777, "v7": -1.2333700656890869 }, "geometry": { "type": "Point", "coordinates": [ 326.25, -86.637868168999972 ] } },
{ "type": "Feature", "properties": { "id": 2914, "u1": 1.0579991340637207, "u7": 1.5208369493484497, "v1": -0.97266894578933716, "v7": 0.19625964760780334 }, "geometry": { "type": "Point", "coordinates": [ 331.875, 84.733741831 ] } },
{ "type": "Feature", "properties": { "id": 2915, "u1": 5.4079980850219727, "u7": 2.9807631969451904, "v1": -2.2290024757385254, "v7": -1.5787109136581421 }, "geometry": { "type": "Point", "coordinates": [ 331.875, 79.021354831000011 ] } },
{ "type": "Feature", "properties": { "id": 2916, "u1": 6.0113306045532227, "u7": 2.1359248161315918, "v1": -5.8640007972717285, "v7": -3.3000547885894775 }, "geometry": { "type": "Point", "coordinates": [ 331.875, 73.308967831000018 ] } },
{ "type": "Feature", "properties": { "id": 2917, "u1": -3.74566650390625, "u7": -1.5405477285385132, "v1": -8.1000022888183594, "v7": -3.8219480514526367 }, "geometry": { "type": "Point", "coordinates": [ 331.875, 67.596580831000011 ] } },
{ "type": "Feature", "properties": { "id": 2918, "u1": 1.2679988145828247, "u7": 0.013211186975240707, "v1": 2.0883305072784424, "v7": -0.48230761289596558 }, "geometry": { "type": "Point", "coordinates": [ 331.875, 61.884193831 ] } },
{ "type": "Feature", "properties": { "id": 2919, "u1": 5.9266657829284668, "u7": 3.4353065490722656, "v1": 4.1499972343444824, "v7": 0.77160590887069702 }, "geometry": { "type": "Point", "coordinates": [ 331.875, 56.171806831 ] } },
{ "type": "Feature", "properties": { "id": 2920, "u1": 5.7309994697570801, "u7": 4.8010349273681641, "v1": 3.9299967288970947, "v7": 1.1852210760116577 }, "geometry": { "type": "Point", "coordinates": [ 331.875, 50.459419831 ] } },
{ "type": "Feature", "properties": { "id": 2921, "u1": 5.2893314361572266, "u7": 4.155095100402832, "v1": 4.0299992561340332, "v7": 1.0717736482620239 }, "geometry": { "type": "Point", "coordinates": [ 331.875, 44.747032831 ] } },
{ "type": "Feature", "properties": { "id": 2922, "u1": 2.9319987297058105, "u7": 1.3968081474304199, "v1": 2.6406636238098145, "v7": -0.49138423800468445 }, "geometry": { "type": "Point", "coordinates": [ 331.875, 39.034645831 ] } },
{ "type": "Feature", "properties": { "id": 2923, "u1": -0.50233405828475952, "u7": -2.0801184177398682, "v1": 0.27033233642578125, "v7": -2.585623025894165 }, "geometry": { "type": "Point", "coordinates": [ 331.875, 33.322258831 ] } },
{ "type": "Feature", "properties": { "id": 2924, "u1": -3.8000020980834961, "u7": -4.6872920989990234, "v1": -1.4453343152999878, "v7": -4.5710587501525879 }, "geometry": { "type": "Point", "coordinates": [ 331.875, 27.609871831 ] } },
{ "type": "Feature", "properties": { "id": 2925, "u1": -6.1720023155212402, "u7": -5.4810013771057129, "v1": -2.8626668453216553, "v7": -5.3650960922241211 }, "geometry": { "type": "Point", "coordinates": [ 331.875, 21.897484831 ] } },
{ "type": "Feature", "properties": { "id": 2926, "u1": -7.0216679573059082, "u7": -4.4962754249572754, "v1": -4.7266669273376465, "v7": -4.6098623275756836 }, "geometry": { "type": "Point", "coordinates": [ 331.875, 16.185097831 ] } },
{ "type": "Feature", "properties": { "id": 2927, "u1": -6.0716691017150879, "u7": -1.4308722019195557, "v1": -5.634666919708252, "v7": -1.9734581708908081 }, "geometry": { "type": "Point", "coordinates": [ 331.875, 10.472710831 ] } },
{ "type": "Feature", "properties": { "id": 2928, "u1": -4.8809995651245117, "u7": -1.5994682312011719, "v1": -3.7160007953643799, "v7": 4.067927360534668 }, "geometry": { "type": "Point", "coordinates": [ 331.875, 4.760323831000016 ] } },
{ "type": "Feature", "properties": { "id": 2929, "u1": -4.2790002822875977, "u7": -5.7266364097595215, "v1": 1.5099990367889404, "v7": 3.7746305465698242 }, "geometry": { "type": "Point", "coordinates": [ 331.875, -0.952063169 ] } },
{ "type": "Feature", "properties": { "id": 2930, "u1": -6.6016683578491211, "u7": -7.2447371482849121, "v1": 3.1936650276184082, "v7": 4.0632433891296387 }, "geometry": { "type": "Point", "coordinates": [ 331.875, -6.664450169 ] } },
{ "type": "Feature", "properties": { "id": 2931, "u1": -7.3063349723815918, "u7": -8.3444099426269531, "v1": 1.6339991092681885, "v7": 3.71087646484375 }, "geometry": { "type": "Point", "coordinates": [ 331.875, -12.376837168999989 ] } },
{ "type": "Feature", "properties": { "id": 2932, "u1": -5.9670014381408691, "u7": -6.723630428314209, "v1": -0.92866873741149902, "v7": 1.5145571231842041 }, "geometry": { "type": "Point", "coordinates": [ 331.875, -18.089224168999984 ] } },
{ "type": "Feature", "properties": { "id": 2933, "u1": -2.6833353042602539, "u7": -2.8767683506011963, "v1": -2.7336695194244385, "v7": -0.042450506240129471 }, "geometry": { "type": "Point", "coordinates": [ 331.875, -23.801611169 ] } },
{ "type": "Feature", "properties": { "id": 2934, "u1": -0.86233574151992798, "u7": 1.1754534244537354, "v1": -2.1703352928161621, "v7": -1.4415029287338257 }, "geometry": { "type": "Point", "coordinates": [ 331.875, -29.513998169 ] } },
{ "type": "Feature", "properties": { "id": 2935, "u1": 0.71999764442443848, "u7": 4.1383805274963379, "v1": -1.4280003309249878, "v7": -1.7538999319076538 }, "geometry": { "type": "Point", "coordinates": [ 331.875, -35.226385169 ] } },
{ "type": "Feature", "properties": { "id": 2936, "u1": 4.4689974784851074, "u7": 5.4711356163024902, "v1": -1.5710016489028931, "v7": -0.89853650331497192 }, "geometry": { "type": "Point", "coordinates": [ 331.875, -40.938772168999982 ] } },
{ "type": "Feature", "properties": { "id": 2937, "u1": 7.4169974327087402, "u7": 6.377626895904541, "v1": -2.2590000629425049, "v7": -1.1062088012695312 }, "geometry": { "type": "Point", "coordinates": [ 331.875, -46.651159168999989 ] } },
{ "type": "Feature", "properties": { "id": 2938, "u1": 7.2269983291625977, "u7": 6.6315150260925293, "v1": -1.3100031614303589, "v7": -0.47465795278549194 }, "geometry": { "type": "Point", "coordinates": [ 331.875, -52.363546169 ] } },
{ "type": "Feature", "properties": { "id": 2939, "u1": 3.8873326778411865, "u7": 4.0851855278015137, "v1": -0.30300089716911316, "v7": 1.1766360998153687 }, "geometry": { "type": "Point", "coordinates": [ 331.875, -58.075933169 ] } },
{ "type": "Feature", "properties": { "id": 2940, "u1": 1.1786656379699707, "u7": 3.2965893745422363, "v1": 0.15833333134651184, "v7": 0.33245390653610229 }, "geometry": { "type": "Point", "coordinates": [ 331.875, -63.788320168999981 ] } },
{ "type": "Feature", "properties": { "id": 2941, "u1": -0.17733459174633026, "u7": 2.3333666324615479, "v1": 0.086332701146602631, "v7": 0.73418343067169189 }, "geometry": { "type": "Point", "coordinates": [ 331.875, -69.50070716899998 ] } },
{ "type": "Feature", "properties": { "id": 2942, "u1": -2.3696684837341309, "u7": -5.2794504165649414, "v1": -1.5290013551712036, "v7": -3.0049483776092529 }, "geometry": { "type": "Point", "coordinates": [ 331.875, -75.213094168999987 ] } },
{ "type": "Feature", "properties": { "id": 2943, "u1": -3.2660014629364014, "u7": -8.6727027893066406, "v1": -3.2396683692932129, "v7": -5.5598101615905762 }, "geometry": { "type": "Point", "coordinates": [ 331.875, -80.925481168999966 ] } },
{ "type": "Feature", "properties": { "id": 2944, "u1": -5.5963349342346191, "u7": -11.991316795349121, "v1": -1.6196675300598145, "v7": -2.671036958694458 }, "geometry": { "type": "Point", "coordinates": [ 331.875, -86.637868168999972 ] } },
{ "type": "Feature", "properties": { "id": 2946, "u1": 0.84433186054229736, "u7": 1.3457355499267578, "v1": -1.259666919708252, "v7": 0.15697669982910156 }, "geometry": { "type": "Point", "coordinates": [ 337.5, 84.733741831 ] } },
{ "type": "Feature", "properties": { "id": 2947, "u1": 4.1493325233459473, "u7": 2.0864200592041016, "v1": -4.2783341407775879, "v7": -1.8095095157623291 }, "geometry": { "type": "Point", "coordinates": [ 337.5, 79.021354831000011 ] } },
{ "type": "Feature", "properties": { "id": 2948, "u1": 3.5429978370666504, "u7": 1.2598639726638794, "v1": -8.0646677017211914, "v7": -3.1822412014007568 }, "geometry": { "type": "Point", "coordinates": [ 337.5, 73.308967831000018 ] } },
{ "type": "Feature", "properties": { "id": 2949, "u1": -3.3883357048034668, "u7": -1.2189692258834839, "v1": -5.1603350639343262, "v7": -2.5544400215148926 }, "geometry": { "type": "Point", "coordinates": [ 337.5, 67.596580831000011 ] } },
{ "type": "Feature", "properties": { "id": 2950, "u1": 1.0209991931915283, "u7": -0.01936672069132328, "v1": 2.80999755859375, "v7": 0.37979450821876526 }, "geometry": { "type": "Point", "coordinates": [ 337.5, 61.884193831 ] } },
{ "type": "Feature", "properties": { "id": 2951, "u1": 6.1256647109985352, "u7": 3.3510477542877197, "v1": 4.0693316459655762, "v7": 1.1099758148193359 }, "geometry": { "type": "Point", "coordinates": [ 337.5, 56.171806831 ] } },
{ "type": "Feature", "properties": { "id": 2952, "u1": 5.8986659049987793, "u7": 4.9187350273132324, "v1": 3.817664623260498, "v7": 0.98536008596420288 }, "geometry": { "type": "Point", "coordinates": [ 337.5, 50.459419831 ] } },
{ "type": "Feature", "properties": { "id": 2953, "u1": 4.9449963569641113, "u7": 3.938328742980957, "v1": 3.5046660900115967, "v7": 0.063173778355121613 }, "geometry": { "type": "Point", "coordinates": [ 337.5, 44.747032831 ] } },
{ "type": "Feature", "properties": { "id": 2954, "u1": 2.406665563583374, "u7": 0.9093855619430542, "v1": 1.5036646127700806, "v7": -1.8496862649917603 }, "geometry": { "type": "Point", "coordinates": [ 337.5, 39.034645831 ] } },
{ "type": "Feature", "properties": { "id": 2955, "u1": -1.2610015869140625, "u7": -2.6023151874542236, "v1": -0.79933470487594604, "v7": -4.2725343704223633 }, "geometry": { "type": "Point", "coordinates": [ 337.5, 33.322258831 ] } },
{ "type": "Feature", "properties": { "id": 2956, "u1": -3.7750024795532227, "u7": -3.8552775382995605, "v1": -2.3456676006317139, "v7": -6.120394229888916 }, "geometry": { "type": "Point", "coordinates": [ 337.5, 27.609871831 ] } },
{ "type": "Feature", "properties": { "id": 2957, "u1": -6.2980008125305176, "u7": -3.7836270332336426, "v1": -4.0616693496704102, "v7": -6.0652861595153809 }, "geometry": { "type": "Point", "coordinates": [ 337.5, 21.897484831 ] } },
{ "type": "Feature", "properties": { "id": 2958, "u1": -5.8083338737487793, "u7": -2.1458132266998291, "v1": -5.8300013542175293, "v7": -4.1952652931213379 }, "geometry": { "type": "Point", "coordinates": [ 337.5, 16.185097831 ] } },
{ "type": "Feature", "properties": { "id": 2959, "u1": -3.9746677875518799, "u7": 1.4857803583145142, "v1": -6.1396670341491699, "v7": -0.5565183162689209 }, "geometry": { "type": "Point", "coordinates": [ 337.5, 10.472710831 ] } },
{ "type": "Feature", "properties": { "id": 2960, "u1": -2.6323349475860596, "u7": -1.7311426401138306, "v1": -2.9363358020782471, "v7": 5.6428041458129883 }, "geometry": { "type": "Point", "coordinates": [ 337.5, 4.760323831000016 ] } },
{ "type": "Feature", "properties": { "id": 2961, "u1": -3.481334924697876, "u7": -5.3919668197631836, "v1": 2.2326655387878418, "v7": 3.9787840843200684 }, "geometry": { "type": "Point", "coordinates": [ 337.5, -0.952063169 ] } },
{ "type": "Feature", "properties": { "id": 2962, "u1": -6.141667366027832, "u7": -7.3553943634033203, "v1": 4.1739983558654785, "v7": 4.4256162643432617 }, "geometry": { "type": "Point", "coordinates": [ 337.5, -6.664450169 ] } },
{ "type": "Feature", "properties": { "id": 2963, "u1": -6.962334156036377, "u7": -8.404850959777832, "v1": 2.3489995002746582, "v7": 3.6834378242492676 }, "geometry": { "type": "Point", "coordinates": [ 337.5, -12.376837168999989 ] } },
{ "type": "Feature", "properties": { "id": 2964, "u1": -6.0283350944519043, "u7": -6.9291973114013672, "v1": 0.16466572880744934, "v7": 1.4335261583328247 }, "geometry": { "type": "Point", "coordinates": [ 337.5, -18.089224168999984 ] } },
{ "type": "Feature", "properties": { "id": 2965, "u1": -3.231666088104248, "u7": -3.1171040534973145, "v1": -1.3373347520828247, "v7": 0.18784290552139282 }, "geometry": { "type": "Point", "coordinates": [ 337.5, -23.801611169 ] } },
{ "type": "Feature", "properties": { "id": 2966, "u1": -0.68366748094558716, "u7": 1.2107688188552856, "v1": -1.9496678113937378, "v7": -1.1204628944396973 }, "geometry": { "type": "Point", "coordinates": [ 337.5, -29.513998169 ] } },
{ "type": "Feature", "properties": { "id": 2967, "u1": 1.3996663093566895, "u7": 4.4577183723449707, "v1": -1.4646662473678589, "v7": -1.7532030344009399 }, "geometry": { "type": "Point", "coordinates": [ 337.5, -35.226385169 ] } },
{ "type": "Feature", "properties": { "id": 2968, "u1": 4.8336653709411621, "u7": 5.7907991409301758, "v1": -1.8176676034927368, "v7": -1.3182421922683716 }, "geometry": { "type": "Point", "coordinates": [ 337.5, -40.938772168999982 ] } },
{ "type": "Feature", "properties": { "id": 2969, "u1": 8.0719976425170898, "u7": 6.996558666229248, "v1": -2.2020013332366943, "v7": -1.0062611103057861 }, "geometry": { "type": "Point", "coordinates": [ 337.5, -46.651159168999989 ] } },
{ "type": "Feature", "properties": { "id": 2970, "u1": 7.4229974746704102, "u7": 7.0083990097045898, "v1": -1.3930013179779053, "v7": -0.36443737149238586 }, "geometry": { "type": "Point", "coordinates": [ 337.5, -52.363546169 ] } },
{ "type": "Feature", "properties": { "id": 2971, "u1": 3.8839986324310303, "u7": 4.7674651145935059, "v1": 0.03466593474149704, "v7": 1.4770126342773438 }, "geometry": { "type": "Point", "coordinates": [ 337.5, -58.075933169 ] } },
{ "type": "Feature", "properties": { "id": 2972, "u1": 1.1569981575012207, "u7": 3.2067523002624512, "v1": 0.74066621065139771, "v7": 0.56787335872650146 }, "geometry": { "type": "Point", "coordinates": [ 337.5, -63.788320168999981 ] } },
{ "type": "Feature", "properties": { "id": 2973, "u1": -0.55766755342483521, "u7": 1.0442084074020386, "v1": 0.51666462421417236, "v7": 0.78280007839202881 }, "geometry": { "type": "Point", "coordinates": [ 337.5, -69.50070716899998 ] } },
{ "type": "Feature", "properties": { "id": 2974, "u1": -3.0673360824584961, "u7": -7.6765828132629395, "v1": -1.9720011949539185, "v7": -4.1694393157958984 }, "geometry": { "type": "Point", "coordinates": [ 337.5, -75.213094168999987 ] } },
{ "type": "Feature", "properties": { "id": 2975, "u1": -3.2510015964508057, "u7": -8.9370279312133789, "v1": -4.0066666603088379, "v7": -7.0195436477661133 }, "geometry": { "type": "Point", "coordinates": [ 337.5, -80.925481168999966 ] } },
{ "type": "Feature", "properties": { "id": 2976, "u1": -5.2610015869140625, "u7": -11.47828483581543, "v1": -2.209667444229126, "v7": -4.0453619956970215 }, "geometry": { "type": "Point", "coordinates": [ 337.5, -86.637868168999972 ] } },
{ "type": "Feature", "properties": { "id": 2978, "u1": 0.53166604042053223, "u7": 1.1675299406051636, "v1": -1.541668176651001, "v7": 0.18269692361354828 }, "geometry": { "type": "Point", "coordinates": [ 343.125, 84.733741831 ] } },
{ "type": "Feature", "properties": { "id": 2979, "u1": 2.9049978256225586, "u7": 1.2923456430435181, "v1": -5.9846692085266113, "v7": -1.4719178676605225 }, "geometry": { "type": "Point", "coordinates": [ 343.125, 79.021354831000011 ] } },
{ "type": "Feature", "properties": { "id": 2980, "u1": 1.0426651239395142, "u7": 0.26213324069976807, "v1": -8.3420009613037109, "v7": -1.9273107051849365 }, "geometry": { "type": "Point", "coordinates": [ 343.125, 73.308967831000018 ] } },
{ "type": "Feature", "properties": { "id": 2981, "u1": -1.3923344612121582, "u7": -0.98013299703598022, "v1": -2.28466796875, "v7": -1.0332332849502563 }, "geometry": { "type": "Point", "coordinates": [ 343.125, 67.596580831000011 ] } },
{ "type": "Feature", "properties": { "id": 2982, "u1": 1.0763320922851562, "u7": -0.35151618719100952, "v1": 2.4499995708465576, "v7": 0.91672796010971069 }, "geometry": { "type": "Point", "coordinates": [ 343.125, 61.884193831 ] } },
{ "type": "Feature", "properties": { "id": 2983, "u1": 5.7256641387939453, "u7": 3.0986196994781494, "v1": 3.9809987545013428, "v7": 1.4346539974212646 }, "geometry": { "type": "Point", "coordinates": [ 343.125, 56.171806831 ] } },
{ "type": "Feature", "properties": { "id": 2984, "u1": 5.92633056640625, "u7": 4.65924072265625, "v1": 3.5763311386108398, "v7": 0.76464247703552246 }, "geometry": { "type": "Point", "coordinates": [ 343.125, 50.459419831 ] } },
{ "type": "Feature", "properties": { "id": 2985, "u1": 4.2759990692138672, "u7": 3.2006785869598389, "v1": 2.1289987564086914, "v7": -1.0371521711349487 }, "geometry": { "type": "Point", "coordinates": [ 343.125, 44.747032831 ] } },
{ "type": "Feature", "properties": { "id": 2986, "u1": 1.8253310918807983, "u7": 0.78354561328887939, "v1": 0.014332071878015995, "v7": -3.8251664638519287 }, "geometry": { "type": "Point", "coordinates": [ 343.125, 39.034645831 ] } },
{ "type": "Feature", "properties": { "id": 2987, "u1": -1.7233357429504395, "u7": -2.4041187763214111, "v1": -1.5956665277481079, "v7": -5.1345000267028809 }, "geometry": { "type": "Point", "coordinates": [ 343.125, 33.322258831 ] } },
{ "type": "Feature", "properties": { "id": 2988, "u1": -4.1406683921813965, "u7": -4.5854015350341797, "v1": -3.1196680068969727, "v7": -7.396028995513916 }, "geometry": { "type": "Point", "coordinates": [ 343.125, 27.609871831 ] } },
{ "type": "Feature", "properties": { "id": 2989, "u1": -4.734001636505127, "u7": 0.30488502979278564, "v1": -4.2096686363220215, "v7": -7.7617597579956055 }, "geometry": { "type": "Point", "coordinates": [ 343.125, 21.897484831 ] } },
{ "type": "Feature", "properties": { "id": 2990, "u1": -3.4526698589324951, "u7": 3.7769153118133545, "v1": -5.6226677894592285, "v7": -2.8370022773742676 }, "geometry": { "type": "Point", "coordinates": [ 343.125, 16.185097831 ] } },
{ "type": "Feature", "properties": { "id": 2991, "u1": -0.465667724609375, "u7": 3.6690385341644287, "v1": -5.1096668243408203, "v7": 1.2529405355453491 }, "geometry": { "type": "Point", "coordinates": [ 343.125, 10.472710831 ] } },
{ "type": "Feature", "properties": { "id": 2992, "u1": -0.23166707158088684, "u7": -0.9260067343711853, "v1": -1.1060017347335815, "v7": 6.6572785377502441 }, "geometry": { "type": "Point", "coordinates": [ 343.125, 4.760323831000016 ] } },
{ "type": "Feature", "properties": { "id": 2993, "u1": -2.7416672706604004, "u7": -4.852567195892334, "v1": 3.3599984645843506, "v7": 4.5719661712646484 }, "geometry": { "type": "Point", "coordinates": [ 343.125, -0.952063169 ] } },
{ "type": "Feature", "properties": { "id": 2994, "u1": -5.3893337249755859, "u7": -6.9416751861572266, "v1": 4.8226637840270996, "v7": 4.7992596626281738 }, "geometry": { "type": "Point", "coordinates": [ 343.125, -6.664450169 ] } },
{ "type": "Feature", "properties": { "id": 2995, "u1": -6.5163345336914062, "u7": -8.0774106979370117, "v1": 2.9906642436981201, "v7": 3.8116681575775146 }, "geometry": { "type": "Point", "coordinates": [ 343.125, -12.376837168999989 ] } },
{ "type": "Feature", "properties": { "id": 2996, "u1": -5.9126672744750977, "u7": -6.9010992050170898, "v1": 1.2096658945083618, "v7": 1.8122469186782837 }, "geometry": { "type": "Point", "coordinates": [ 343.125, -18.089224168999984 ] } },
{ "type": "Feature", "properties": { "id": 2997, "u1": -3.8130013942718506, "u7": -3.3091466426849365, "v1": -0.11466827243566513, "v7": 0.3924788236618042 }, "geometry": { "type": "Point", "coordinates": [ 343.125, -23.801611169 ] } },
{ "type": "Feature", "properties": { "id": 2998, "u1": -0.75900167226791382, "u7": 1.236470103263855, "v1": -1.3003331422805786, "v7": -1.0396877527236938 }, "geometry": { "type": "Point", "coordinates": [ 343.125, -29.513998169 ] } },
{ "type": "Feature", "properties": { "id": 2999, "u1": 1.9669977426528931, "u7": 4.4215893745422363, "v1": -1.4086664915084839, "v7": -1.8185633420944214 }, "geometry": { "type": "Point", "coordinates": [ 343.125, -35.226385169 ] } },
{ "type": "Feature", "properties": { "id": 3000, "u1": 5.3639979362487793, "u7": 6.190619945526123, "v1": -1.7500015497207642, "v7": -1.8406810760498047 }, "geometry": { "type": "Point", "coordinates": [ 343.125, -40.938772168999982 ] } },
{ "type": "Feature", "properties": { "id": 3001, "u1": 8.353663444519043, "u7": 7.3197360038757324, "v1": -2.3290014266967773, "v7": -1.2728457450866699 }, "geometry": { "type": "Point", "coordinates": [ 343.125, -46.651159168999989 ] } },
{ "type": "Feature", "properties": { "id": 3002, "u1": 7.4239988327026367, "u7": 7.1241931915283203, "v1": -1.6073348522186279, "v7": -0.62129968404769897 }, "geometry": { "type": "Point", "coordinates": [ 343.125, -52.363546169 ] } },
{ "type": "Feature", "properties": { "id": 3003, "u1": 4.0543313026428223, "u7": 4.2848415374755859, "v1": 0.18866525590419769, "v7": 1.1733558177947998 }, "geometry": { "type": "Point", "coordinates": [ 343.125, -58.075933169 ] } },
{ "type": "Feature", "properties": { "id": 3004, "u1": 1.161998987197876, "u7": 3.2373471260070801, "v1": 1.2399978637695312, "v7": 0.60606640577316284 }, "geometry": { "type": "Point", "coordinates": [ 343.125, -63.788320168999981 ] } },
{ "type": "Feature", "properties": { "id": 3005, "u1": -1.1936676502227783, "u7": -1.0828344821929932, "v1": 0.94166463613510132, "v7": 0.88980019092559814 }, "geometry": { "type": "Point", "coordinates": [ 343.125, -69.50070716899998 ] } },
{ "type": "Feature", "properties": { "id": 3006, "u1": -4.099001407623291, "u7": -9.4530134201049805, "v1": -2.1366689205169678, "v7": -4.0808897018432617 }, "geometry": { "type": "Point", "coordinates": [ 343.125, -75.213094168999987 ] } },
{ "type": "Feature", "properties": { "id": 3007, "u1": -2.9383347034454346, "u7": -8.5401897430419922, "v1": -4.6223354339599609, "v7": -8.1153545379638672 }, "geometry": { "type": "Point", "coordinates": [ 343.125, -80.925481168999966 ] } },
{ "type": "Feature", "properties": { "id": 3008, "u1": -4.8193354606628418, "u7": -10.72469425201416, "v1": -2.7280023097991943, "v7": -5.2930121421813965 }, "geometry": { "type": "Point", "coordinates": [ 343.125, -86.637868168999972 ] } },
{ "type": "Feature", "properties": { "id": 3010, "u1": 0.1343332976102829, "u7": 1.0141911506652832, "v1": -1.7636687755584717, "v7": 0.26088541746139526 }, "geometry": { "type": "Point", "coordinates": [ 348.75, 84.733741831 ] } },
{ "type": "Feature", "properties": { "id": 3011, "u1": 1.578998327255249, "u7": 0.77839398384094238, "v1": -6.9363346099853516, "v7": -0.82477742433547974 }, "geometry": { "type": "Point", "coordinates": [ 348.75, 79.021354831000011 ] } },
{ "type": "Feature", "properties": { "id": 3012, "u1": -0.066002912819385529, "u7": -0.3217945396900177, "v1": -7.2546677589416504, "v7": -0.51121896505355835 }, "geometry": { "type": "Point", "coordinates": [ 348.75, 73.308967831000018 ] } },
{ "type": "Feature", "properties": { "id": 3013, "u1": 0.2873331606388092, "u7": -0.66413599252700806, "v1": -0.59533536434173584, "v7": -0.0039627077057957649 }, "geometry": { "type": "Point", "coordinates": [ 348.75, 67.596580831000011 ] } },
{ "type": "Feature", "properties": { "id": 3014, "u1": 1.6886637210845947, "u7": -0.3732883632183075, "v1": 2.5379989147186279, "v7": 1.1985958814620972 }, "geometry": { "type": "Point", "coordinates": [ 348.75, 61.884193831 ] } },
{ "type": "Feature", "properties": { "id": 3015, "u1": 5.1206645965576172, "u7": 2.9247887134552002, "v1": 5.0889978408813477, "v7": 1.5962706804275513 }, "geometry": { "type": "Point", "coordinates": [ 348.75, 56.171806831 ] } },
{ "type": "Feature", "properties": { "id": 3016, "u1": 4.4509978294372559, "u7": 4.1362476348876953, "v1": 3.4526667594909668, "v7": 0.92230790853500366 }, "geometry": { "type": "Point", "coordinates": [ 348.75, 50.459419831 ] } },
{ "type": "Feature", "properties": { "id": 3017, "u1": 3.4373316764831543, "u7": 1.5450295209884644, "v1": 1.6510009765625, "v7": -1.6134276390075684 }, "geometry": { "type": "Point", "coordinates": [ 348.75, 44.747032831 ] } },
{ "type": "Feature", "properties": { "id": 3018, "u1": 0.74399924278259277, "u7": 1.3315685987472534, "v1": -0.84366863965988159, "v7": -6.7240877151489258 }, "geometry": { "type": "Point", "coordinates": [ 348.75, 39.034645831 ] } },
{ "type": "Feature", "properties": { "id": 3019, "u1": -0.69300132989883423, "u7": -1.0846625566482544, "v1": -2.6750016212463379, "v7": -8.0882158279418945 }, "geometry": { "type": "Point", "coordinates": [ 348.75, 33.322258831 ] } },
{ "type": "Feature", "properties": { "id": 3020, "u1": -1.5270019769668579, "u7": 1.4177964925765991, "v1": -1.4523360729217529, "v7": -7.2372536659240723 }, "geometry": { "type": "Point", "coordinates": [ 348.75, 27.609871831 ] } },
{ "type": "Feature", "properties": { "id": 3021, "u1": -4.4556684494018555, "u7": -0.18212170898914337, "v1": -1.8313349485397339, "v7": -2.8790090084075928 }, "geometry": { "type": "Point", "coordinates": [ 348.75, 21.897484831 ] } },
{ "type": "Feature", "properties": { "id": 3022, "u1": -2.9353346824645996, "u7": 2.0566599369049072, "v1": -2.623668909072876, "v7": 1.2572993040084839 }, "geometry": { "type": "Point", "coordinates": [ 348.75, 16.185097831 ] } },
{ "type": "Feature", "properties": { "id": 3023, "u1": -1.2126673460006714, "u7": 1.5569901466369629, "v1": -1.1103347539901733, "v7": 1.4072651863098145 }, "geometry": { "type": "Point", "coordinates": [ 348.75, 10.472710831 ] } },
{ "type": "Feature", "properties": { "id": 3024, "u1": 1.4016636610031128, "u7": 0.029188212007284164, "v1": 1.2359980344772339, "v7": 6.3244366645812988 }, "geometry": { "type": "Point", "coordinates": [ 348.75, 4.760323831000016 ] } },
{ "type": "Feature", "properties": { "id": 3025, "u1": -1.8463348150253296, "u7": -4.0972757339477539, "v1": 4.3243312835693359, "v7": 4.9976849555969238 }, "geometry": { "type": "Point", "coordinates": [ 348.75, -0.952063169 ] } },
{ "type": "Feature", "properties": { "id": 3026, "u1": -4.4013333320617676, "u7": -6.5324039459228516, "v1": 5.3323297500610352, "v7": 5.4237875938415527 }, "geometry": { "type": "Point", "coordinates": [ 348.75, -6.664450169 ] } },
{ "type": "Feature", "properties": { "id": 3027, "u1": -5.8076677322387695, "u7": -7.6111807823181152, "v1": 3.6699986457824707, "v7": 4.0841970443725586 }, "geometry": { "type": "Point", "coordinates": [ 348.75, -12.376837168999989 ] } },
{ "type": "Feature", "properties": { "id": 3028, "u1": -5.5003337860107422, "u7": -6.669532299041748, "v1": 2.2689993381500244, "v7": 2.3821194171905518 }, "geometry": { "type": "Point", "coordinates": [ 348.75, -18.089224168999984 ] } },
{ "type": "Feature", "properties": { "id": 3029, "u1": -4.3153362274169922, "u7": -3.7926743030548096, "v1": 0.95866549015045166, "v7": 0.94617384672164917 }, "geometry": { "type": "Point", "coordinates": [ 348.75, -23.801611169 ] } },
{ "type": "Feature", "properties": { "id": 3030, "u1": -1.0393351316452026, "u7": 1.1551522016525269, "v1": -0.207000732421875, "v7": -1.0302354097366333 }, "geometry": { "type": "Point", "coordinates": [ 348.75, -29.513998169 ] } },
{ "type": "Feature", "properties": { "id": 3031, "u1": 2.4246668815612793, "u7": 4.5860681533813477, "v1": -1.096668004989624, "v7": -1.7340140342712402 }, "geometry": { "type": "Point", "coordinates": [ 348.75, -35.226385169 ] } },
{ "type": "Feature", "properties": { "id": 3032, "u1": 5.9563326835632324, "u7": 6.5931315422058105, "v1": -1.581000804901123, "v7": -2.0838682651519775 }, "geometry": { "type": "Point", "coordinates": [ 348.75, -40.938772168999982 ] } },
{ "type": "Feature", "properties": { "id": 3033, "u1": 8.5563316345214844, "u7": 7.3707270622253418, "v1": -2.5190017223358154, "v7": -2.0482971668243408 }, "geometry": { "type": "Point", "coordinates": [ 348.75, -46.651159168999989 ] } },
{ "type": "Feature", "properties": { "id": 3034, "u1": 7.5819973945617676, "u7": 7.1773395538330078, "v1": -1.6740031242370605, "v7": -1.1688578128814697 }, "geometry": { "type": "Point", "coordinates": [ 348.75, -52.363546169 ] } },
{ "type": "Feature", "properties": { "id": 3035, "u1": 4.2069988250732422, "u7": 4.1670780181884766, "v1": 0.29766592383384705, "v7": 0.6861572265625 }, "geometry": { "type": "Point", "coordinates": [ 348.75, -58.075933169 ] } },
{ "type": "Feature", "properties": { "id": 3036, "u1": 1.1749979257583618, "u7": 3.4346575736999512, "v1": 1.5669993162155151, "v7": 0.67966854572296143 }, "geometry": { "type": "Point", "coordinates": [ 348.75, -63.788320168999981 ] } },
{ "type": "Feature", "properties": { "id": 3037, "u1": -2.0943348407745361, "u7": -3.4684193134307861, "v1": 1.21099853515625, "v7": 1.1798640489578247 }, "geometry": { "type": "Point", "coordinates": [ 348.75, -69.50070716899998 ] } },
{ "type": "Feature", "properties": { "id": 3038, "u1": -5.0753359794616699, "u7": -10.181789398193359, "v1": -2.0706665515899658, "v7": -2.9767184257507324 }, "geometry": { "type": "Point", "coordinates": [ 348.75, -75.213094168999987 ] } },
{ "type": "Feature", "properties": { "id": 3039, "u1": -2.338001012802124, "u7": -7.5281157493591309, "v1": -4.9630022048950195, "v7": -8.7760171890258789 }, "geometry": { "type": "Point", "coordinates": [ 348.75, -80.925481168999966 ] } },
{ "type": "Feature", "properties": { "id": 3040, "u1": -4.2913346290588379, "u7": -9.7640962600708008, "v1": -3.1520013809204102, "v7": -6.3696799278259277 }, "geometry": { "type": "Point", "coordinates": [ 348.75, -86.637868168999972 ] } },
{ "type": "Feature", "properties": { "id": 3042, "u1": -0.32933503389358521, "u7": 0.90817630290985107, "v1": -1.894000768661499, "v7": 0.36871674656867981 }, "geometry": { "type": "Point", "coordinates": [ 354.375, 84.733741831 ] } },
{ "type": "Feature", "properties": { "id": 3043, "u1": 0.079998776316642761, "u7": 0.5085105299949646, "v1": -6.820335865020752, "v7": -0.14752916991710663 }, "geometry": { "type": "Point", "coordinates": [ 354.375, 79.021354831000011 ] } },
{ "type": "Feature", "properties": { "id": 3044, "u1": -0.24700266122817993, "u7": -0.22036117315292358, "v1": -4.6020016670227051, "v7": 0.069068886339664459 }, "geometry": { "type": "Point", "coordinates": [ 354.375, 73.308967831000018 ] } },
{ "type": "Feature", "properties": { "id": 3045, "u1": 0.85533297061920166, "u7": -0.33526775240898132, "v1": 0.10899759829044342, "v7": 0.12024149298667908 }, "geometry": { "type": "Point", "coordinates": [ 354.375, 67.596580831000011 ] } },
{ "type": "Feature", "properties": { "id": 3046, "u1": 2.3399984836578369, "u7": 0.22872807085514069, "v1": 3.0756652355194092, "v7": 1.1550548076629639 }, "geometry": { "type": "Point", "coordinates": [ 354.375, 61.884193831 ] } },
{ "type": "Feature", "properties": { "id": 3047, "u1": 3.7153325080871582, "u7": 1.7318320274353027, "v1": 4.6693315505981445, "v7": 1.3054078817367554 }, "geometry": { "type": "Point", "coordinates": [ 354.375, 56.171806831 ] } },
{ "type": "Feature", "properties": { "id": 3048, "u1": 3.2833313941955566, "u7": 3.6425662040710449, "v1": 2.6896646022796631, "v7": 1.1957732439041138 }, "geometry": { "type": "Point", "coordinates": [ 354.375, 50.459419831 ] } },
{ "type": "Feature", "properties": { "id": 3049, "u1": 3.6713311672210693, "u7": 0.24600198864936829, "v1": 2.0779998302459717, "v7": -2.723320484161377 }, "geometry": { "type": "Point", "coordinates": [ 354.375, 44.747032831 ] } },
{ "type": "Feature", "properties": { "id": 3050, "u1": -0.34800007939338684, "u7": 2.1247868537902832, "v1": -0.1870015412569046, "v7": -0.89123058319091797 }, "geometry": { "type": "Point", "coordinates": [ 354.375, 39.034645831 ] } },
{ "type": "Feature", "properties": { "id": 3051, "u1": 0.52533161640167236, "u7": 0.49742689728736877, "v1": 0.3889974057674408, "v7": -3.5852022171020508 }, "geometry": { "type": "Point", "coordinates": [ 354.375, 33.322258831 ] } },
{ "type": "Feature", "properties": { "id": 3052, "u1": -2.0346670150756836, "u7": -0.25173339247703552, "v1": -1.7376683950424194, "v7": -0.29990261793136597 }, "geometry": { "type": "Point", "coordinates": [ 354.375, 27.609871831 ] } },
{ "type": "Feature", "properties": { "id": 3053, "u1": -3.054999828338623, "u7": 0.3756544291973114, "v1": -2.8373346328735352, "v7": -1.1136740446090698 }, "geometry": { "type": "Point", "coordinates": [ 354.375, 21.897484831 ] } },
{ "type": "Feature", "properties": { "id": 3054, "u1": -2.5753352642059326, "u7": 2.0994083881378174, "v1": -3.5480031967163086, "v7": 1.3293136358261108 }, "geometry": { "type": "Point", "coordinates": [ 354.375, 16.185097831 ] } },
{ "type": "Feature", "properties": { "id": 3055, "u1": -1.6003352403640747, "u7": 1.351983904838562, "v1": -2.2893335819244385, "v7": 2.150200366973877 }, "geometry": { "type": "Point", "coordinates": [ 354.375, 10.472710831 ] } },
{ "type": "Feature", "properties": { "id": 3056, "u1": 0.92733204364776611, "u7": 1.8554528951644897, "v1": 1.7403315305709839, "v7": 4.1261277198791504 }, "geometry": { "type": "Point", "coordinates": [ 354.375, 4.760323831000016 ] } },
{ "type": "Feature", "properties": { "id": 3057, "u1": -0.54466855525970459, "u7": -3.2828443050384521, "v1": 4.2953310012817383, "v7": 5.8981237411499023 }, "geometry": { "type": "Point", "coordinates": [ 354.375, -0.952063169 ] } },
{ "type": "Feature", "properties": { "id": 3058, "u1": -3.2423346042633057, "u7": -5.6969528198242188, "v1": 5.5339984893798828, "v7": 5.876823902130127 }, "geometry": { "type": "Point", "coordinates": [ 354.375, -6.664450169 ] } },
{ "type": "Feature", "properties": { "id": 3059, "u1": -4.7823343276977539, "u7": -6.5871729850769043, "v1": 4.461998462677002, "v7": 4.9346284866333008 }, "geometry": { "type": "Point", "coordinates": [ 354.375, -12.376837168999989 ] } },
{ "type": "Feature", "properties": { "id": 3060, "u1": -5.0473337173461914, "u7": -6.2186570167541504, "v1": 3.3313324451446533, "v7": 3.1905977725982666 }, "geometry": { "type": "Point", "coordinates": [ 354.375, -18.089224168999984 ] } },
{ "type": "Feature", "properties": { "id": 3061, "u1": -4.6836671829223633, "u7": -4.0487542152404785, "v1": 1.9326654672622681, "v7": 2.0149486064910889 }, "geometry": { "type": "Point", "coordinates": [ 354.375, -23.801611169 ] } },
{ "type": "Feature", "properties": { "id": 3062, "u1": -1.5199991464614868, "u7": 0.63588356971740723, "v1": 0.59699910879135132, "v7": -0.32976481318473816 }, "geometry": { "type": "Point", "coordinates": [ 354.375, -29.513998169 ] } },
{ "type": "Feature", "properties": { "id": 3063, "u1": 2.7376642227172852, "u7": 4.8584189414978027, "v1": -0.56633454561233521, "v7": -1.5340746641159058 }, "geometry": { "type": "Point", "coordinates": [ 354.375, -35.226385169 ] } },
{ "type": "Feature", "properties": { "id": 3064, "u1": 6.3786640167236328, "u7": 6.7933430671691895, "v1": -1.669334888458252, "v7": -2.1863913536071777 }, "geometry": { "type": "Point", "coordinates": [ 354.375, -40.938772168999982 ] } },
{ "type": "Feature", "properties": { "id": 3065, "u1": 9.03399658203125, "u7": 7.8632111549377441, "v1": -2.3063344955444336, "v7": -2.0630552768707275 }, "geometry": { "type": "Point", "coordinates": [ 354.375, -46.651159168999989 ] } },
{ "type": "Feature", "properties": { "id": 3066, "u1": 7.9716634750366211, "u7": 7.5147089958190918, "v1": -1.7600001096725464, "v7": -1.6828831434249878 }, "geometry": { "type": "Point", "coordinates": [ 354.375, -52.363546169 ] } },
{ "type": "Feature", "properties": { "id": 3067, "u1": 4.555330753326416, "u7": 4.6501407623291016, "v1": 0.32266387343406677, "v7": 0.6024930477142334 }, "geometry": { "type": "Point", "coordinates": [ 354.375, -58.075933169 ] } },
{ "type": "Feature", "properties": { "id": 3068, "u1": 1.1866652965545654, "u7": 3.5146307945251465, "v1": 1.8023331165313721, "v7": 0.61556065082550049 }, "geometry": { "type": "Point", "coordinates": [ 354.375, -63.788320168999981 ] } },
{ "type": "Feature", "properties": { "id": 3069, "u1": -3.2030019760131836, "u7": -5.7745141983032227, "v1": 1.1429992914199829, "v7": 1.5974098443984985 }, "geometry": { "type": "Point", "coordinates": [ 354.375, -69.50070716899998 ] } },
{ "type": "Feature", "properties": { "id": 3070, "u1": -5.4953351020812988, "u7": -10.042550086975098, "v1": -1.9063339233398438, "v7": -1.8026145696640015 }, "geometry": { "type": "Point", "coordinates": [ 354.375, -75.213094168999987 ] } },
{ "type": "Feature", "properties": { "id": 3071, "u1": -1.5500015020370483, "u7": -6.0783772468566895, "v1": -4.9803338050842285, "v7": -8.9497928619384766 }, "geometry": { "type": "Point", "coordinates": [ 354.375, -80.925481168999966 ] } },
{ "type": "Feature", "properties": { "id": 3072, "u1": -3.6970021724700928, "u7": -8.6387834548950195, "v1": -3.469001293182373, "v7": -7.2399897575378418 }, "geometry": { "type": "Point", "coordinates": [ 354.375, -86.637868168999972 ] } }
]
}
